forecast_month,product_id,customer_id,forecast_quantity,forecast_version
2025-01-01,101,1,1644,Current
2025-01-01,101,2,866,Current
2025-01-01,101,3,1328,Current
2025-01-01,101,4,1278,Current
2025-01-01,101,5,779,Current
2025-01-01,101,6,769,Current
2025-01-01,101,7,535,Current
2025-01-01,101,8,1028,Current
2025-01-01,101,9,1964,Current
2025-01-01,101,10,1234,Current
2025-01-01,101,11,1302,Current
2025-01-01,101,12,1144,Current
2025-01-01,101,13,475,Current
2025-01-01,101,14,942,Current
2025-01-01,101,15,642,Current
2025-01-01,102,1,1509,Current
2025-01-01,102,2,673,Current
2025-01-01,102,3,1031,Current
2025-01-01,102,4,1259,Current
2025-01-01,102,5,677,Current
2025-01-01,102,6,1070,Current
2025-01-01,102,7,699,Current
2025-01-01,102,8,828,Current
2025-01-01,102,9,1195,Current
2025-01-01,102,10,1016,Current
2025-01-01,102,11,961,Current
2025-01-01,102,12,983,Current
2025-01-01,102,13,511,Current
2025-01-01,102,14,964,Current
2025-01-01,102,15,800,Current
2025-01-01,103,1,1494,Current
2025-01-01,103,2,634,Current
2025-01-01,103,3,1029,Current
2025-01-01,103,4,1003,Current
2025-01-01,103,5,522,Current
2025-01-01,103,6,698,Current
2025-01-01,103,7,735,Current
2025-01-01,103,8,741,Current
2025-01-01,103,9,1445,Current
2025-01-01,103,10,900,Current
2025-01-01,103,11,1055,Current
2025-01-01,103,12,912,Current
2025-01-01,103,13,454,Current
2025-01-01,103,14,673,Current
2025-01-01,103,15,567,Current
2025-01-01,104,1,1747,Current
2025-01-01,104,2,739,Current
2025-01-01,104,3,1150,Current
2025-01-01,104,4,1097,Current
2025-01-01,104,5,636,Current
2025-01-01,104,6,628,Current
2025-01-01,104,7,723,Current
2025-01-01,104,8,687,Current
2025-01-01,104,9,1215,Current
2025-01-01,104,10,1110,Current
2025-01-01,104,11,1038,Current
2025-01-01,104,12,825,Current
2025-01-01,104,13,611,Current
2025-01-01,104,14,795,Current
2025-01-01,104,15,747,Current
2025-01-01,105,1,1604,Current
2025-01-01,105,2,756,Current
2025-01-01,105,3,973,Current
2025-01-01,105,4,1026,Current
2025-01-01,105,5,556,Current
2025-01-01,105,6,563,Current
2025-01-01,105,7,632,Current
2025-01-01,105,8,676,Current
2025-01-01,105,9,1205,Current
2025-01-01,105,10,1123,Current
2025-01-01,105,11,1140,Current
2025-01-01,105,12,918,Current
2025-01-01,105,13,341,Current
2025-01-01,105,14,1018,Current
2025-01-01,105,15,660,Current
2025-01-01,106,1,1615,Current
2025-01-01,106,2,596,Current
2025-01-01,106,3,909,Current
2025-01-01,106,4,970,Current
2025-01-01,106,5,822,Current
2025-01-01,106,6,641,Current
2025-01-01,106,7,503,Current
2025-01-01,106,8,958,Current
2025-01-01,106,9,1350,Current
2025-01-01,106,10,1126,Current
2025-01-01,106,11,939,Current
2025-01-01,106,12,820,Current
2025-01-01,106,13,435,Current
2025-01-01,106,14,603,Current
2025-01-01,106,15,830,Current
2025-01-01,108,1,1561,Current
2025-01-01,108,2,771,Current
2025-01-01,108,3,1057,Current
2025-01-01,108,4,1150,Current
2025-01-01,108,5,571,Current
2025-01-01,108,6,819,Current
2025-01-01,108,7,656,Current
2025-01-01,108,8,767,Current
2025-01-01,108,9,1236,Current
2025-01-01,108,10,1097,Current
2025-01-01,108,11,1164,Current
2025-01-01,108,12,879,Current
2025-01-01,108,13,458,Current
2025-01-01,108,14,811,Current
2025-01-01,108,15,608,Current
2025-01-01,109,1,914,Current
2025-01-01,109,2,487,Current
2025-01-01,109,3,653,Current
2025-01-01,109,4,856,Current
2025-01-01,109,5,904,Current
2025-01-01,109,6,453,Current
2025-01-01,109,7,346,Current
2025-01-01,109,8,1053,Current
2025-01-01,109,9,979,Current
2025-01-01,109,10,773,Current
2025-01-01,109,11,725,Current
2025-01-01,109,12,639,Current
2025-01-01,109,13,280,Current
2025-01-01,109,14,1293,Current
2025-01-01,109,15,457,Current
2025-01-01,110,1,995,Current
2025-01-01,110,2,510,Current
2025-01-01,110,3,695,Current
2025-01-01,110,4,890,Current
2025-01-01,110,5,406,Current
2025-01-01,110,6,529,Current
2025-01-01,110,7,389,Current
2025-01-01,110,8,880,Current
2025-01-01,110,9,955,Current
2025-01-01,110,10,831,Current
2025-01-01,110,11,699,Current
2025-01-01,110,12,1017,Current
2025-01-01,110,13,304,Current
2025-01-01,110,14,553,Current
2025-01-01,110,15,415,Current
2025-01-01,111,1,1391,Current
2025-01-01,111,2,463,Current
2025-01-01,111,3,849,Current
2025-01-01,111,4,711,Current
2025-01-01,111,5,492,Current
2025-01-01,111,6,957,Current
2025-01-01,111,7,1124,Current
2025-01-01,111,8,625,Current
2025-01-01,111,9,914,Current
2025-01-01,111,10,1074,Current
2025-01-01,111,11,701,Current
2025-01-01,111,12,802,Current
2025-01-01,111,13,324,Current
2025-01-01,111,14,621,Current
2025-01-01,111,15,834,Current
2025-01-01,112,1,1151,Current
2025-01-01,112,2,414,Current
2025-01-01,112,3,726,Current
2025-01-01,112,4,752,Current
2025-01-01,112,5,778,Current
2025-01-01,112,6,535,Current
2025-01-01,112,7,847,Current
2025-01-01,112,8,513,Current
2025-01-01,112,9,1405,Current
2025-01-01,112,10,751,Current
2025-01-01,112,11,1914,Current
2025-01-01,112,12,634,Current
2025-01-01,112,13,304,Current
2025-01-01,112,14,650,Current
2025-01-01,112,15,450,Current
2025-01-01,113,1,1931,Current
2025-01-01,113,2,536,Current
2025-01-01,113,3,608,Current
2025-01-01,113,4,1420,Current
2025-01-01,113,5,674,Current
2025-01-01,113,6,396,Current
2025-01-01,113,7,810,Current
2025-01-01,113,8,1237,Current
2025-01-01,113,9,776,Current
2025-01-01,113,10,698,Current
2025-01-01,113,11,881,Current
2025-01-01,113,12,677,Current
2025-01-01,113,13,637,Current
2025-01-01,113,14,565,Current
2025-01-01,113,15,888,Current
2025-01-01,114,1,1089,Current
2025-01-01,114,2,494,Current
2025-01-01,114,3,613,Current
2025-01-01,114,4,1226,Current
2025-01-01,114,5,448,Current
2025-01-01,114,6,533,Current
2025-01-01,114,7,338,Current
2025-01-01,114,8,388,Current
2025-01-01,114,9,915,Current
2025-01-01,114,10,662,Current
2025-01-01,114,11,701,Current
2025-01-01,114,12,690,Current
2025-01-01,114,13,304,Current
2025-01-01,114,14,916,Current
2025-01-01,114,15,414,Current
2025-01-01,116,1,995,Current
2025-01-01,116,2,386,Current
2025-01-01,116,3,622,Current
2025-01-01,116,4,762,Current
2025-01-01,116,5,316,Current
2025-01-01,116,6,453,Current
2025-01-01,116,7,479,Current
2025-01-01,116,8,415,Current
2025-01-01,116,9,761,Current
2025-01-01,116,10,1436,Current
2025-01-01,116,11,805,Current
2025-01-01,116,12,551,Current
2025-01-01,116,13,304,Current
2025-01-01,116,14,448,Current
2025-01-01,116,15,800,Current
2025-01-01,117,1,694,Current
2025-01-01,117,2,313,Current
2025-01-01,117,3,439,Current
2025-01-01,117,4,509,Current
2025-01-01,117,5,291,Current
2025-01-01,117,6,314,Current
2025-01-01,117,7,344,Current
2025-01-01,117,8,374,Current
2025-01-01,117,9,779,Current
2025-01-01,117,10,623,Current
2025-01-01,117,11,426,Current
2025-01-01,117,12,407,Current
2025-01-01,117,13,211,Current
2025-01-01,117,14,338,Current
2025-01-01,117,15,273,Current
2025-01-01,118,1,1054,Current
2025-01-01,118,2,319,Current
2025-01-01,118,3,476,Current
2025-01-01,118,4,540,Current
2025-01-01,118,5,268,Current
2025-01-01,118,6,357,Current
2025-01-01,118,7,286,Current
2025-01-01,118,8,379,Current
2025-01-01,118,9,580,Current
2025-01-01,118,10,516,Current
2025-01-01,118,11,500,Current
2025-01-01,118,12,390,Current
2025-01-01,118,13,306,Current
2025-01-01,118,14,372,Current
2025-01-01,118,15,269,Current
2025-01-01,119,1,718,Current
2025-01-01,119,2,331,Current
2025-01-01,119,3,450,Current
2025-01-01,119,4,601,Current
2025-01-01,119,5,304,Current
2025-01-01,119,6,355,Current
2025-01-01,119,7,271,Current
2025-01-01,119,8,367,Current
2025-01-01,119,9,836,Current
2025-01-01,119,10,481,Current
2025-01-01,119,11,495,Current
2025-01-01,119,12,604,Current
2025-01-01,119,13,209,Current
2025-01-01,119,14,351,Current
2025-01-01,119,15,372,Current
2025-01-01,120,1,762,Current
2025-01-01,120,2,358,Current
2025-01-01,120,3,533,Current
2025-01-01,120,4,489,Current
2025-01-01,120,5,285,Current
2025-01-01,120,6,331,Current
2025-01-01,120,7,355,Current
2025-01-01,120,8,295,Current
2025-01-01,120,9,576,Current
2025-01-01,120,10,491,Current
2025-01-01,120,11,544,Current
2025-01-01,120,12,504,Current
2025-01-01,120,13,198,Current
2025-01-01,120,14,343,Current
2025-01-01,120,15,292,Current
2025-01-01,121,1,688,Current
2025-01-01,121,2,476,Current
2025-01-01,121,3,463,Current
2025-01-01,121,4,582,Current
2025-01-01,121,5,366,Current
2025-01-01,121,6,325,Current
2025-01-01,121,7,267,Current
2025-01-01,121,8,363,Current
2025-01-01,121,9,707,Current
2025-01-01,121,10,596,Current
2025-01-01,121,11,482,Current
2025-01-01,121,12,449,Current
2025-01-01,121,13,282,Current
2025-01-01,121,14,513,Current
2025-01-01,121,15,292,Current
2025-01-01,122,1,737,Current
2025-01-01,122,2,411,Current
2025-01-01,122,3,531,Current
2025-01-01,122,4,601,Current
2025-01-01,122,5,291,Current
2025-01-01,122,6,416,Current
2025-01-01,122,7,338,Current
2025-01-01,122,8,401,Current
2025-01-01,122,9,760,Current
2025-01-01,122,10,620,Current
2025-01-01,122,11,573,Current
2025-01-01,122,12,537,Current
2025-01-01,122,13,302,Current
2025-01-01,122,14,410,Current
2025-01-01,122,15,325,Current
2025-01-01,124,1,724,Current
2025-01-01,124,2,423,Current
2025-01-01,124,3,475,Current
2025-01-01,124,4,573,Current
2025-01-01,124,5,317,Current
2025-01-01,124,6,381,Current
2025-01-01,124,7,258,Current
2025-01-01,124,8,347,Current
2025-01-01,124,9,659,Current
2025-01-01,124,10,436,Current
2025-01-01,124,11,523,Current
2025-01-01,124,12,451,Current
2025-01-01,124,13,242,Current
2025-01-01,124,14,373,Current
2025-01-01,124,15,363,Current
2025-01-01,125,1,536,Current
2025-01-01,125,2,294,Current
2025-01-01,125,3,444,Current
2025-01-01,125,4,499,Current
2025-01-01,125,5,200,Current
2025-01-01,125,6,328,Current
2025-01-01,125,7,248,Current
2025-01-01,125,8,266,Current
2025-01-01,125,9,543,Current
2025-01-01,125,10,408,Current
2025-01-01,125,11,419,Current
2025-01-01,125,12,330,Current
2025-01-01,125,13,172,Current
2025-01-01,125,14,230,Current
2025-01-01,125,15,246,Current
2025-01-01,126,1,655,Current
2025-01-01,126,2,336,Current
2025-01-01,126,3,419,Current
2025-01-01,126,4,395,Current
2025-01-01,126,5,210,Current
2025-01-01,126,6,236,Current
2025-01-01,126,7,223,Current
2025-01-01,126,8,308,Current
2025-01-01,126,9,635,Current
2025-01-01,126,10,497,Current
2025-01-01,126,11,440,Current
2025-01-01,126,12,350,Current
2025-01-01,126,13,176,Current
2025-01-01,126,14,271,Current
2025-01-01,126,15,266,Current
2025-01-01,127,1,801,Current
2025-01-01,127,2,372,Current
2025-01-01,127,3,416,Current
2025-01-01,127,4,535,Current
2025-01-01,127,5,238,Current
2025-01-01,127,6,271,Current
2025-01-01,127,7,213,Current
2025-01-01,127,8,366,Current
2025-01-01,127,9,492,Current
2025-01-01,127,10,416,Current
2025-01-01,127,11,421,Current
2025-01-01,127,12,360,Current
2025-01-01,127,13,190,Current
2025-01-01,127,14,357,Current
2025-01-01,127,15,277,Current
2025-01-01,128,1,664,Current
2025-01-01,128,2,234,Current
2025-01-01,128,3,434,Current
2025-01-01,128,4,423,Current
2025-01-01,128,5,353,Current
2025-01-01,128,6,344,Current
2025-01-01,128,7,193,Current
2025-01-01,128,8,315,Current
2025-01-01,128,9,548,Current
2025-01-01,128,10,438,Current
2025-01-01,128,11,449,Current
2025-01-01,128,12,492,Current
2025-01-01,128,13,219,Current
2025-01-01,128,14,319,Current
2025-01-01,128,15,288,Current
2025-01-01,129,1,696,Current
2025-01-01,129,2,242,Current
2025-01-01,129,3,520,Current
2025-01-01,129,4,447,Current
2025-01-01,129,5,262,Current
2025-01-01,129,6,516,Current
2025-01-01,129,7,296,Current
2025-01-01,129,8,292,Current
2025-01-01,129,9,966,Current
2025-01-01,129,10,416,Current
2025-01-01,129,11,425,Current
2025-01-01,129,12,454,Current
2025-01-01,129,13,176,Current
2025-01-01,129,14,353,Current
2025-01-01,129,15,293,Current
2025-01-01,130,1,770,Current
2025-01-01,130,2,325,Current
2025-01-01,130,3,412,Current
2025-01-01,130,4,389,Current
2025-01-01,130,5,389,Current
2025-01-01,130,6,327,Current
2025-01-01,130,7,242,Current
2025-01-01,130,8,377,Current
2025-01-01,130,9,538,Current
2025-01-01,130,10,429,Current
2025-01-01,130,11,518,Current
2025-01-01,130,12,402,Current
2025-01-01,130,13,216,Current
2025-01-01,130,14,301,Current
2025-01-01,130,15,266,Current
2025-01-01,132,1,776,Current
2025-01-01,132,2,354,Current
2025-01-01,132,3,559,Current
2025-01-01,132,4,488,Current
2025-01-01,132,5,239,Current
2025-01-01,132,6,398,Current
2025-01-01,132,7,277,Current
2025-01-01,132,8,310,Current
2025-01-01,132,9,674,Current
2025-01-01,132,10,607,Current
2025-01-01,132,11,551,Current
2025-01-01,132,12,469,Current
2025-01-01,132,13,190,Current
2025-01-01,132,14,348,Current
2025-01-01,132,15,474,Current
2025-01-01,133,1,759,Current
2025-01-01,133,2,374,Current
2025-01-01,133,3,536,Current
2025-01-01,133,4,520,Current
2025-01-01,133,5,254,Current
2025-01-01,133,6,336,Current
2025-01-01,133,7,260,Current
2025-01-01,133,8,358,Current
2025-01-01,133,9,570,Current
2025-01-01,133,10,555,Current
2025-01-01,133,11,537,Current
2025-01-01,133,12,405,Current
2025-01-01,133,13,188,Current
2025-01-01,133,14,355,Current
2025-01-01,133,15,347,Current
2025-01-01,134,1,654,Current
2025-01-01,134,2,289,Current
2025-01-01,134,3,850,Current
2025-01-01,134,4,425,Current
2025-01-01,134,5,292,Current
2025-01-01,134,6,457,Current
2025-01-01,134,7,328,Current
2025-01-01,134,8,326,Current
2025-01-01,134,9,705,Current
2025-01-01,134,10,574,Current
2025-01-01,134,11,476,Current
2025-01-01,134,12,395,Current
2025-01-01,134,13,324,Current
2025-01-01,134,14,366,Current
2025-01-01,134,15,245,Current
2025-01-01,135,1,657,Current
2025-01-01,135,2,290,Current
2025-01-01,135,3,419,Current
2025-01-01,135,4,425,Current
2025-01-01,135,5,245,Current
2025-01-01,135,6,331,Current
2025-01-01,135,7,240,Current
2025-01-01,135,8,330,Current
2025-01-01,135,9,505,Current
2025-01-01,135,10,485,Current
2025-01-01,135,11,401,Current
2025-01-01,135,12,333,Current
2025-01-01,135,13,241,Current
2025-01-01,135,14,417,Current
2025-01-01,135,15,277,Current
2025-01-01,136,1,709,Current
2025-01-01,136,2,290,Current
2025-01-01,136,3,441,Current
2025-01-01,136,4,434,Current
2025-01-01,136,5,280,Current
2025-01-01,136,6,433,Current
2025-01-01,136,7,221,Current
2025-01-01,136,8,329,Current
2025-01-01,136,9,635,Current
2025-01-01,136,10,371,Current
2025-01-01,136,11,417,Current
2025-01-01,136,12,406,Current
2025-01-01,136,13,163,Current
2025-01-01,136,14,390,Current
2025-01-01,136,15,519,Current
2025-01-01,137,1,676,Current
2025-01-01,137,2,382,Current
2025-01-01,137,3,472,Current
2025-01-01,137,4,523,Current
2025-01-01,137,5,243,Current
2025-01-01,137,6,383,Current
2025-01-01,137,7,283,Current
2025-01-01,137,8,338,Current
2025-01-01,137,9,536,Current
2025-01-01,137,10,470,Current
2025-01-01,137,11,505,Current
2025-01-01,137,12,374,Current
2025-01-01,137,13,266,Current
2025-01-01,137,14,357,Current
2025-01-01,137,15,319,Current
2025-01-01,138,1,798,Current
2025-01-01,138,2,392,Current
2025-01-01,138,3,581,Current
2025-01-01,138,4,637,Current
2025-01-01,138,5,266,Current
2025-01-01,138,6,316,Current
2025-01-01,138,7,278,Current
2025-01-01,138,8,390,Current
2025-01-01,138,9,638,Current
2025-01-01,138,10,608,Current
2025-01-01,138,11,463,Current
2025-01-01,138,12,419,Current
2025-01-01,138,13,260,Current
2025-01-01,138,14,331,Current
2025-01-01,138,15,311,Current
2025-01-01,140,1,643,Current
2025-01-01,140,2,407,Current
2025-01-01,140,3,478,Current
2025-01-01,140,4,583,Current
2025-01-01,140,5,283,Current
2025-01-01,140,6,323,Current
2025-01-01,140,7,294,Current
2025-01-01,140,8,429,Current
2025-01-01,140,9,653,Current
2025-01-01,140,10,493,Current
2025-01-01,140,11,523,Current
2025-01-01,140,12,436,Current
2025-01-01,140,13,313,Current
2025-01-01,140,14,403,Current
2025-01-01,140,15,301,Current
2025-02-01,101,1,3074,Current
2025-02-01,101,2,603,Current
2025-02-01,101,3,1205,Current
2025-02-01,101,4,1272,Current
2025-02-01,101,5,654,Current
2025-02-01,101,6,769,Current
2025-02-01,101,7,691,Current
2025-02-01,101,8,797,Current
2025-02-01,101,9,1504,Current
2025-02-01,101,10,1158,Current
2025-02-01,101,11,1113,Current
2025-02-01,101,12,1083,Current
2025-02-01,101,13,546,Current
2025-02-01,101,14,903,Current
2025-02-01,101,15,748,Current
2025-02-01,102,1,1591,Current
2025-02-01,102,2,991,Current
2025-02-01,102,3,1022,Current
2025-02-01,102,4,1028,Current
2025-02-01,102,5,556,Current
2025-02-01,102,6,815,Current
2025-02-01,102,7,677,Current
2025-02-01,102,8,780,Current
2025-02-01,102,9,1295,Current
2025-02-01,102,10,1045,Current
2025-02-01,102,11,1494,Current
2025-02-01,102,12,1223,Current
2025-02-01,102,13,486,Current
2025-02-01,102,14,769,Current
2025-02-01,102,15,635,Current
2025-02-01,103,1,1446,Current
2025-02-01,103,2,653,Current
2025-02-01,103,3,886,Current
2025-02-01,103,4,1110,Current
2025-02-01,103,5,580,Current
2025-02-01,103,6,755,Current
2025-02-01,103,7,669,Current
2025-02-01,103,8,682,Current
2025-02-01,103,9,1153,Current
2025-02-01,103,10,1050,Current
2025-02-01,103,11,1829,Current
2025-02-01,103,12,820,Current
2025-02-01,103,13,674,Current
2025-02-01,103,14,649,Current
2025-02-01,103,15,619,Current
2025-02-01,104,1,1703,Current
2025-02-01,104,2,734,Current
2025-02-01,104,3,909,Current
2025-02-01,104,4,930,Current
2025-02-01,104,5,736,Current
2025-02-01,104,6,783,Current
2025-02-01,104,7,535,Current
2025-02-01,104,8,756,Current
2025-02-01,104,9,1576,Current
2025-02-01,104,10,956,Current
2025-02-01,104,11,941,Current
2025-02-01,104,12,1209,Current
2025-02-01,104,13,475,Current
2025-02-01,104,14,794,Current
2025-02-01,104,15,577,Current
2025-02-01,105,1,1284,Current
2025-02-01,105,2,651,Current
2025-02-01,105,3,1043,Current
2025-02-01,105,4,896,Current
2025-02-01,105,5,561,Current
2025-02-01,105,6,647,Current
2025-02-01,105,7,774,Current
2025-02-01,105,8,686,Current
2025-02-01,105,9,1195,Current
2025-02-01,105,10,761,Current
2025-02-01,105,11,1110,Current
2025-02-01,105,12,932,Current
2025-02-01,105,13,376,Current
2025-02-01,105,14,726,Current
2025-02-01,105,15,585,Current
2025-02-01,106,1,1125,Current
2025-02-01,106,2,850,Current
2025-02-01,106,3,686,Current
2025-02-01,106,4,904,Current
2025-02-01,106,5,513,Current
2025-02-01,106,6,563,Current
2025-02-01,106,7,566,Current
2025-02-01,106,8,662,Current
2025-02-01,106,9,1111,Current
2025-02-01,106,10,892,Current
2025-02-01,106,11,996,Current
2025-02-01,106,12,969,Current
2025-02-01,106,13,338,Current
2025-02-01,106,14,620,Current
2025-02-01,106,15,611,Current
2025-02-01,108,1,1626,Current
2025-02-01,108,2,739,Current
2025-02-01,108,3,1021,Current
2025-02-01,108,4,1037,Current
2025-02-01,108,5,601,Current
2025-02-01,108,6,632,Current
2025-02-01,108,7,616,Current
2025-02-01,108,8,820,Current
2025-02-01,108,9,1180,Current
2025-02-01,108,10,962,Current
2025-02-01,108,11,1146,Current
2025-02-01,108,12,820,Current
2025-02-01,108,13,416,Current
2025-02-01,108,14,719,Current
2025-02-01,108,15,1009,Current
2025-02-01,109,1,1093,Current
2025-02-01,109,2,422,Current
2025-02-01,109,3,597,Current
2025-02-01,109,4,1159,Current
2025-02-01,109,5,393,Current
2025-02-01,109,6,533,Current
2025-02-01,109,7,390,Current
2025-02-01,109,8,497,Current
2025-02-01,109,9,795,Current
2025-02-01,109,10,897,Current
2025-02-01,109,11,669,Current
2025-02-01,109,12,598,Current
2025-02-01,109,13,294,Current
2025-02-01,109,14,585,Current
2025-02-01,109,15,421,Current
2025-02-01,110,1,1727,Current
2025-02-01,110,2,448,Current
2025-02-01,110,3,751,Current
2025-02-01,110,4,750,Current
2025-02-01,110,5,327,Current
2025-02-01,110,6,411,Current
2025-02-01,110,7,363,Current
2025-02-01,110,8,444,Current
2025-02-01,110,9,879,Current
2025-02-01,110,10,1499,Current
2025-02-01,110,11,701,Current
2025-02-01,110,12,598,Current
2025-02-01,110,13,301,Current
2025-02-01,110,14,916,Current
2025-02-01,110,15,349,Current
2025-02-01,111,1,1183,Current
2025-02-01,111,2,841,Current
2025-02-01,111,3,824,Current
2025-02-01,111,4,1329,Current
2025-02-01,111,5,478,Current
2025-02-01,111,6,962,Current
2025-02-01,111,7,390,Current
2025-02-01,111,8,590,Current
2025-02-01,111,9,936,Current
2025-02-01,111,10,786,Current
2025-02-01,111,11,711,Current
2025-02-01,111,12,686,Current
2025-02-01,111,13,561,Current
2025-02-01,111,14,581,Current
2025-02-01,111,15,421,Current
2025-02-01,112,1,1064,Current
2025-02-01,112,2,1311,Current
2025-02-01,112,3,844,Current
2025-02-01,112,4,895,Current
2025-02-01,112,5,1025,Current
2025-02-01,112,6,429,Current
2025-02-01,112,7,474,Current
2025-02-01,112,8,1814,Current
2025-02-01,112,9,1159,Current
2025-02-01,112,10,814,Current
2025-02-01,112,11,730,Current
2025-02-01,112,12,640,Current
2025-02-01,112,13,304,Current
2025-02-01,112,14,516,Current
2025-02-01,112,15,421,Current
2025-02-01,113,1,1824,Current
2025-02-01,113,2,1088,Current
2025-02-01,113,3,746,Current
2025-02-01,113,4,706,Current
2025-02-01,113,5,862,Current
2025-02-01,113,6,507,Current
2025-02-01,113,7,418,Current
2025-02-01,113,8,460,Current
2025-02-01,113,9,1077,Current
2025-02-01,113,10,814,Current
2025-02-01,113,11,1186,Current
2025-02-01,113,12,536,Current
2025-02-01,113,13,340,Current
2025-02-01,113,14,516,Current
2025-02-01,113,15,421,Current
2025-02-01,114,1,995,Current
2025-02-01,114,2,626,Current
2025-02-01,114,3,885,Current
2025-02-01,114,4,686,Current
2025-02-01,114,5,663,Current
2025-02-01,114,6,467,Current
2025-02-01,114,7,347,Current
2025-02-01,114,8,474,Current
2025-02-01,114,9,960,Current
2025-02-01,114,10,748,Current
2025-02-01,114,11,677,Current
2025-02-01,114,12,598,Current
2025-02-01,114,13,387,Current
2025-02-01,114,14,1118,Current
2025-02-01,114,15,512,Current
2025-02-01,116,1,1969,Current
2025-02-01,116,2,536,Current
2025-02-01,116,3,614,Current
2025-02-01,116,4,619,Current
2025-02-01,116,5,380,Current
2025-02-01,116,6,402,Current
2025-02-01,116,7,798,Current
2025-02-01,116,8,502,Current
2025-02-01,116,9,896,Current
2025-02-01,116,10,660,Current
2025-02-01,116,11,787,Current
2025-02-01,116,12,637,Current
2025-02-01,116,13,311,Current
2025-02-01,116,14,436,Current
2025-02-01,116,15,421,Current
2025-02-01,117,1,882,Current
2025-02-01,117,2,297,Current
2025-02-01,117,3,444,Current
2025-02-01,117,4,549,Current
2025-02-01,117,5,228,Current
2025-02-01,117,6,286,Current
2025-02-01,117,7,312,Current
2025-02-01,117,8,329,Current
2025-02-01,117,9,856,Current
2025-02-01,117,10,581,Current
2025-02-01,117,11,598,Current
2025-02-01,117,12,387,Current
2025-02-01,117,13,282,Current
2025-02-01,117,14,387,Current
2025-02-01,117,15,303,Current
2025-02-01,118,1,787,Current
2025-02-01,118,2,357,Current
2025-02-01,118,3,466,Current
2025-02-01,118,4,489,Current
2025-02-01,118,5,298,Current
2025-02-01,118,6,492,Current
2025-02-01,118,7,242,Current
2025-02-01,118,8,329,Current
2025-02-01,118,9,594,Current
2025-02-01,118,10,548,Current
2025-02-01,118,11,520,Current
2025-02-01,118,12,415,Current
2025-02-01,118,13,218,Current
2025-02-01,118,14,366,Current
2025-02-01,118,15,270,Current
2025-02-01,119,1,789,Current
2025-02-01,119,2,315,Current
2025-02-01,119,3,498,Current
2025-02-01,119,4,514,Current
2025-02-01,119,5,259,Current
2025-02-01,119,6,324,Current
2025-02-01,119,7,243,Current
2025-02-01,119,8,356,Current
2025-02-01,119,9,586,Current
2025-02-01,119,10,493,Current
2025-02-01,119,11,473,Current
2025-02-01,119,12,508,Current
2025-02-01,119,13,268,Current
2025-02-01,119,14,353,Current
2025-02-01,119,15,351,Current
2025-02-01,120,1,682,Current
2025-02-01,120,2,307,Current
2025-02-01,120,3,469,Current
2025-02-01,120,4,499,Current
2025-02-01,120,5,308,Current
2025-02-01,120,6,519,Current
2025-02-01,120,7,250,Current
2025-02-01,120,8,503,Current
2025-02-01,120,9,634,Current
2025-02-01,120,10,547,Current
2025-02-01,120,11,486,Current
2025-02-01,120,12,417,Current
2025-02-01,120,13,243,Current
2025-02-01,120,14,367,Current
2025-02-01,120,15,317,Current
2025-02-01,121,1,690,Current
2025-02-01,121,2,302,Current
2025-02-01,121,3,460,Current
2025-02-01,121,4,509,Current
2025-02-01,121,5,306,Current
2025-02-01,121,6,636,Current
2025-02-01,121,7,317,Current
2025-02-01,121,8,413,Current
2025-02-01,121,9,716,Current
2025-02-01,121,10,685,Current
2025-02-01,121,11,611,Current
2025-02-01,121,12,606,Current
2025-02-01,121,13,513,Current
2025-02-01,121,14,374,Current
2025-02-01,121,15,431,Current
2025-02-01,122,1,690,Current
2025-02-01,122,2,349,Current
2025-02-01,122,3,460,Current
2025-02-01,122,4,667,Current
2025-02-01,122,5,333,Current
2025-02-01,122,6,360,Current
2025-02-01,122,7,304,Current
2025-02-01,122,8,570,Current
2025-02-01,122,9,604,Current
2025-02-01,122,10,484,Current
2025-02-01,122,11,567,Current
2025-02-01,122,12,422,Current
2025-02-01,122,13,353,Current
2025-02-01,122,14,393,Current
2025-02-01,122,15,273,Current
2025-02-01,124,1,717,Current
2025-02-01,124,2,372,Current
2025-02-01,124,3,406,Current
2025-02-01,124,4,473,Current
2025-02-01,124,5,324,Current
2025-02-01,124,6,365,Current
2025-02-01,124,7,270,Current
2025-02-01,124,8,304,Current
2025-02-01,124,9,577,Current
2025-02-01,124,10,990,Current
2025-02-01,124,11,523,Current
2025-02-01,124,12,547,Current
2025-02-01,124,13,211,Current
2025-02-01,124,14,337,Current
2025-02-01,124,15,243,Current
2025-02-01,125,1,573,Current
2025-02-01,125,2,256,Current
2025-02-01,125,3,398,Current
2025-02-01,125,4,410,Current
2025-02-01,125,5,174,Current
2025-02-01,125,6,262,Current
2025-02-01,125,7,188,Current
2025-02-01,125,8,225,Current
2025-02-01,125,9,540,Current
2025-02-01,125,10,411,Current
2025-02-01,125,11,370,Current
2025-02-01,125,12,296,Current
2025-02-01,125,13,173,Current
2025-02-01,125,14,313,Current
2025-02-01,125,15,244,Current
2025-02-01,126,1,594,Current
2025-02-01,126,2,228,Current
2025-02-01,126,3,400,Current
2025-02-01,126,4,438,Current
2025-02-01,126,5,242,Current
2025-02-01,126,6,236,Current
2025-02-01,126,7,224,Current
2025-02-01,126,8,283,Current
2025-02-01,126,9,506,Current
2025-02-01,126,10,334,Current
2025-02-01,126,11,369,Current
2025-02-01,126,12,334,Current
2025-02-01,126,13,178,Current
2025-02-01,126,14,296,Current
2025-02-01,126,15,211,Current
2025-02-01,127,1,578,Current
2025-02-01,127,2,245,Current
2025-02-01,127,3,424,Current
2025-02-01,127,4,457,Current
2025-02-01,127,5,247,Current
2025-02-01,127,6,263,Current
2025-02-01,127,7,226,Current
2025-02-01,127,8,304,Current
2025-02-01,127,9,581,Current
2025-02-01,127,10,437,Current
2025-02-01,127,11,428,Current
2025-02-01,127,12,325,Current
2025-02-01,127,13,179,Current
2025-02-01,127,14,311,Current
2025-02-01,127,15,250,Current
2025-02-01,128,1,666,Current
2025-02-01,128,2,298,Current
2025-02-01,128,3,401,Current
2025-02-01,128,4,366,Current
2025-02-01,128,5,221,Current
2025-02-01,128,6,260,Current
2025-02-01,128,7,218,Current
2025-02-01,128,8,266,Current
2025-02-01,128,9,555,Current
2025-02-01,128,10,399,Current
2025-02-01,128,11,327,Current
2025-02-01,128,12,384,Current
2025-02-01,128,13,177,Current
2025-02-01,128,14,286,Current
2025-02-01,128,15,264,Current
2025-02-01,129,1,986,Current
2025-02-01,129,2,311,Current
2025-02-01,129,3,472,Current
2025-02-01,129,4,410,Current
2025-02-01,129,5,222,Current
2025-02-01,129,6,231,Current
2025-02-01,129,7,265,Current
2025-02-01,129,8,275,Current
2025-02-01,129,9,429,Current
2025-02-01,129,10,447,Current
2025-02-01,129,11,494,Current
2025-02-01,129,12,372,Current
2025-02-01,129,13,217,Current
2025-02-01,129,14,404,Current
2025-02-01,129,15,404,Current
2025-02-01,130,1,644,Current
2025-02-01,130,2,292,Current
2025-02-01,130,3,462,Current
2025-02-01,130,4,437,Current
2025-02-01,130,5,270,Current
2025-02-01,130,6,258,Current
2025-02-01,130,7,255,Current
2025-02-01,130,8,311,Current
2025-02-01,130,9,552,Current
2025-02-01,130,10,405,Current
2025-02-01,130,11,392,Current
2025-02-01,130,12,305,Current
2025-02-01,130,13,198,Current
2025-02-01,130,14,347,Current
2025-02-01,130,15,299,Current
2025-02-01,132,1,768,Current
2025-02-01,132,2,323,Current
2025-02-01,132,3,476,Current
2025-02-01,132,4,495,Current
2025-02-01,132,5,242,Current
2025-02-01,132,6,363,Current
2025-02-01,132,7,241,Current
2025-02-01,132,8,310,Current
2025-02-01,132,9,505,Current
2025-02-01,132,10,500,Current
2025-02-01,132,11,439,Current
2025-02-01,132,12,419,Current
2025-02-01,132,13,181,Current
2025-02-01,132,14,324,Current
2025-02-01,132,15,277,Current
2025-02-01,133,1,1010,Current
2025-02-01,133,2,323,Current
2025-02-01,133,3,498,Current
2025-02-01,133,4,844,Current
2025-02-01,133,5,287,Current
2025-02-01,133,6,379,Current
2025-02-01,133,7,312,Current
2025-02-01,133,8,354,Current
2025-02-01,133,9,596,Current
2025-02-01,133,10,497,Current
2025-02-01,133,11,530,Current
2025-02-01,133,12,426,Current
2025-02-01,133,13,398,Current
2025-02-01,133,14,391,Current
2025-02-01,133,15,332,Current
2025-02-01,134,1,848,Current
2025-02-01,134,2,359,Current
2025-02-01,134,3,574,Current
2025-02-01,134,4,599,Current
2025-02-01,134,5,293,Current
2025-02-01,134,6,370,Current
2025-02-01,134,7,337,Current
2025-02-01,134,8,398,Current
2025-02-01,134,9,585,Current
2025-02-01,134,10,586,Current
2025-02-01,134,11,435,Current
2025-02-01,134,12,455,Current
2025-02-01,134,13,238,Current
2025-02-01,134,14,480,Current
2025-02-01,134,15,318,Current
2025-02-01,135,1,704,Current
2025-02-01,135,2,382,Current
2025-02-01,135,3,462,Current
2025-02-01,135,4,528,Current
2025-02-01,135,5,288,Current
2025-02-01,135,6,337,Current
2025-02-01,135,7,257,Current
2025-02-01,135,8,296,Current
2025-02-01,135,9,495,Current
2025-02-01,135,10,545,Current
2025-02-01,135,11,418,Current
2025-02-01,135,12,411,Current
2025-02-01,135,13,156,Current
2025-02-01,135,14,330,Current
2025-02-01,135,15,320,Current
2025-02-01,136,1,651,Current
2025-02-01,136,2,363,Current
2025-02-01,136,3,512,Current
2025-02-01,136,4,485,Current
2025-02-01,136,5,275,Current
2025-02-01,136,6,324,Current
2025-02-01,136,7,254,Current
2025-02-01,136,8,369,Current
2025-02-01,136,9,507,Current
2025-02-01,136,10,484,Current
2025-02-01,136,11,474,Current
2025-02-01,136,12,393,Current
2025-02-01,136,13,182,Current
2025-02-01,136,14,363,Current
2025-02-01,136,15,281,Current
2025-02-01,137,1,728,Current
2025-02-01,137,2,353,Current
2025-02-01,137,3,472,Current
2025-02-01,137,4,487,Current
2025-02-01,137,5,299,Current
2025-02-01,137,6,323,Current
2025-02-01,137,7,273,Current
2025-02-01,137,8,543,Current
2025-02-01,137,9,647,Current
2025-02-01,137,10,582,Current
2025-02-01,137,11,573,Current
2025-02-01,137,12,396,Current
2025-02-01,137,13,216,Current
2025-02-01,137,14,363,Current
2025-02-01,137,15,300,Current
2025-02-01,138,1,768,Current
2025-02-01,138,2,332,Current
2025-02-01,138,3,436,Current
2025-02-01,138,4,468,Current
2025-02-01,138,5,307,Current
2025-02-01,138,6,335,Current
2025-02-01,138,7,285,Current
2025-02-01,138,8,379,Current
2025-02-01,138,9,621,Current
2025-02-01,138,10,579,Current
2025-02-01,138,11,490,Current
2025-02-01,138,12,426,Current
2025-02-01,138,13,216,Current
2025-02-01,138,14,393,Current
2025-02-01,138,15,329,Current
2025-02-01,140,1,709,Current
2025-02-01,140,2,320,Current
2025-02-01,140,3,531,Current
2025-02-01,140,4,446,Current
2025-02-01,140,5,326,Current
2025-02-01,140,6,385,Current
2025-02-01,140,7,330,Current
2025-02-01,140,8,283,Current
2025-02-01,140,9,589,Current
2025-02-01,140,10,483,Current
2025-02-01,140,11,458,Current
2025-02-01,140,12,454,Current
2025-02-01,140,13,189,Current
2025-02-01,140,14,367,Current
2025-02-01,140,15,300,Current
2025-03-01,101,2,734,Current
2025-03-01,101,3,1030,Current
2025-03-01,101,4,1400,Current
2025-03-01,101,5,589,Current
2025-03-01,101,6,814,Current
2025-03-01,101,7,646,Current
2025-03-01,101,8,650,Current
2025-03-01,101,9,1373,Current
2025-03-01,101,10,1279,Current
2025-03-01,101,11,1345,Current
2025-03-01,101,12,904,Current
2025-03-01,101,13,502,Current
2025-03-01,101,14,943,Current
2025-03-01,101,15,1100,Current
2025-03-01,102,1,1655,Current
2025-03-01,102,2,734,Current
2025-03-01,102,3,1001,Current
2025-03-01,102,4,1239,Current
2025-03-01,102,5,627,Current
2025-03-01,102,6,864,Current
2025-03-01,102,7,624,Current
2025-03-01,102,8,840,Current
2025-03-01,102,9,1478,Current
2025-03-01,102,10,1344,Current
2025-03-01,102,11,1220,Current
2025-03-01,102,12,1148,Current
2025-03-01,102,13,534,Current
2025-03-01,102,14,794,Current
2025-03-01,102,15,746,Current
2025-03-01,103,1,1476,Current
2025-03-01,103,2,594,Current
2025-03-01,103,3,894,Current
2025-03-01,103,4,1098,Current
2025-03-01,103,5,518,Current
2025-03-01,103,6,581,Current
2025-03-01,103,7,642,Current
2025-03-01,103,8,763,Current
2025-03-01,103,9,1373,Current
2025-03-01,103,10,1176,Current
2025-03-01,103,11,1021,Current
2025-03-01,103,12,847,Current
2025-03-01,103,13,516,Current
2025-03-01,103,14,785,Current
2025-03-01,103,15,577,Current
2025-03-01,104,1,1700,Current
2025-03-01,104,2,1012,Current
2025-03-01,104,3,1262,Current
2025-03-01,104,4,943,Current
2025-03-01,104,5,585,Current
2025-03-01,104,6,608,Current
2025-03-01,104,7,566,Current
2025-03-01,104,8,795,Current
2025-03-01,104,9,1477,Current
2025-03-01,104,10,1046,Current
2025-03-01,104,11,826,Current
2025-03-01,104,12,839,Current
2025-03-01,104,13,514,Current
2025-03-01,104,14,738,Current
2025-03-01,104,15,646,Current
2025-03-01,105,1,1426,Current
2025-03-01,105,2,931,Current
2025-03-01,105,3,933,Current
2025-03-01,105,4,1008,Current
2025-03-01,105,5,507,Current
2025-03-01,105,6,748,Current
2025-03-01,105,7,448,Current
2025-03-01,105,8,661,Current
2025-03-01,105,9,1191,Current
2025-03-01,105,10,840,Current
2025-03-01,105,11,1097,Current
2025-03-01,105,12,959,Current
2025-03-01,105,13,484,Current
2025-03-01,105,14,660,Current
2025-03-01,105,15,620,Current
2025-03-01,106,1,1432,Current
2025-03-01,106,2,643,Current
2025-03-01,106,3,1115,Current
2025-03-01,106,4,1581,Current
2025-03-01,106,5,495,Current
2025-03-01,106,6,574,Current
2025-03-01,106,7,438,Current
2025-03-01,106,8,640,Current
2025-03-01,106,9,1195,Current
2025-03-01,106,10,880,Current
2025-03-01,106,11,1160,Current
2025-03-01,106,12,1383,Current
2025-03-01,106,13,432,Current
2025-03-01,106,14,698,Current
2025-03-01,106,15,623,Current
2025-03-01,108,1,1467,Current
2025-03-01,108,2,759,Current
2025-03-01,108,3,1058,Current
2025-03-01,108,4,1109,Current
2025-03-01,108,5,593,Current
2025-03-01,108,6,621,Current
2025-03-01,108,7,532,Current
2025-03-01,108,8,701,Current
2025-03-01,108,9,1494,Current
2025-03-01,108,10,852,Current
2025-03-01,108,11,1154,Current
2025-03-01,108,12,1029,Current
2025-03-01,108,13,427,Current
2025-03-01,108,14,1443,Current
2025-03-01,108,15,702,Current
2025-03-01,109,1,2298,Current
2025-03-01,109,2,1044,Current
2025-03-01,109,3,709,Current
2025-03-01,109,4,706,Current
2025-03-01,109,5,937,Current
2025-03-01,109,6,873,Current
2025-03-01,109,7,415,Current
2025-03-01,109,8,585,Current
2025-03-01,109,9,1004,Current
2025-03-01,109,10,822,Current
2025-03-01,109,11,686,Current
2025-03-01,109,12,649,Current
2025-03-01,109,13,374,Current
2025-03-01,109,14,534,Current
2025-03-01,109,15,469,Current
2025-03-01,110,1,995,Current
2025-03-01,110,2,466,Current
2025-03-01,110,3,535,Current
2025-03-01,110,4,757,Current
2025-03-01,110,5,411,Current
2025-03-01,110,6,530,Current
2025-03-01,110,7,390,Current
2025-03-01,110,8,502,Current
2025-03-01,110,9,895,Current
2025-03-01,110,10,703,Current
2025-03-01,110,11,814,Current
2025-03-01,110,12,1483,Current
2025-03-01,110,13,225,Current
2025-03-01,110,14,485,Current
2025-03-01,110,15,453,Current
2025-03-01,111,1,974,Current
2025-03-01,111,2,478,Current
2025-03-01,111,3,1510,Current
2025-03-01,111,4,837,Current
2025-03-01,111,5,449,Current
2025-03-01,111,6,577,Current
2025-03-01,111,7,472,Current
2025-03-01,111,8,836,Current
2025-03-01,111,9,935,Current
2025-03-01,111,10,742,Current
2025-03-01,111,11,2010,Current
2025-03-01,111,12,684,Current
2025-03-01,111,13,917,Current
2025-03-01,111,14,571,Current
2025-03-01,111,15,529,Current
2025-03-01,112,1,2025,Current
2025-03-01,112,2,525,Current
2025-03-01,112,3,663,Current
2025-03-01,112,4,941,Current
2025-03-01,112,5,508,Current
2025-03-01,112,6,512,Current
2025-03-01,112,7,777,Current
2025-03-01,112,8,553,Current
2025-03-01,112,9,859,Current
2025-03-01,112,10,1061,Current
2025-03-01,112,11,1087,Current
2025-03-01,112,12,522,Current
2025-03-01,112,13,434,Current
2025-03-01,112,14,1264,Current
2025-03-01,112,15,536,Current
2025-03-01,113,1,2157,Current
2025-03-01,113,2,536,Current
2025-03-01,113,3,587,Current
2025-03-01,113,4,1565,Current
2025-03-01,113,5,747,Current
2025-03-01,113,6,864,Current
2025-03-01,113,7,800,Current
2025-03-01,113,8,492,Current
2025-03-01,113,9,871,Current
2025-03-01,113,10,1317,Current
2025-03-01,113,11,651,Current
2025-03-01,113,12,754,Current
2025-03-01,113,13,304,Current
2025-03-01,113,14,468,Current
2025-03-01,113,15,460,Current
2025-03-01,114,1,1091,Current
2025-03-01,114,2,1003,Current
2025-03-01,114,3,663,Current
2025-03-01,114,4,1799,Current
2025-03-01,114,5,483,Current
2025-03-01,114,6,890,Current
2025-03-01,114,7,352,Current
2025-03-01,114,8,1010,Current
2025-03-01,114,9,2521,Current
2025-03-01,114,10,698,Current
2025-03-01,114,11,921,Current
2025-03-01,114,12,555,Current
2025-03-01,114,13,896,Current
2025-03-01,114,14,449,Current
2025-03-01,114,15,1215,Current
2025-03-01,116,1,965,Current
2025-03-01,116,2,536,Current
2025-03-01,116,3,663,Current
2025-03-01,116,4,1557,Current
2025-03-01,116,5,596,Current
2025-03-01,116,6,493,Current
2025-03-01,116,7,343,Current
2025-03-01,116,8,460,Current
2025-03-01,116,9,744,Current
2025-03-01,116,10,718,Current
2025-03-01,116,11,894,Current
2025-03-01,116,12,1348,Current
2025-03-01,116,13,259,Current
2025-03-01,116,14,534,Current
2025-03-01,116,15,731,Current
2025-03-01,117,1,632,Current
2025-03-01,117,2,344,Current
2025-03-01,117,3,537,Current
2025-03-01,117,4,498,Current
2025-03-01,117,5,290,Current
2025-03-01,117,6,336,Current
2025-03-01,117,7,316,Current
2025-03-01,117,8,355,Current
2025-03-01,117,9,519,Current
2025-03-01,117,10,444,Current
2025-03-01,117,11,546,Current
2025-03-01,117,12,373,Current
2025-03-01,117,13,238,Current
2025-03-01,117,14,313,Current
2025-03-01,117,15,349,Current
2025-03-01,118,1,669,Current
2025-03-01,118,2,298,Current
2025-03-01,118,3,479,Current
2025-03-01,118,4,510,Current
2025-03-01,118,5,329,Current
2025-03-01,118,6,383,Current
2025-03-01,118,7,337,Current
2025-03-01,118,8,344,Current
2025-03-01,118,9,585,Current
2025-03-01,118,10,495,Current
2025-03-01,118,11,525,Current
2025-03-01,118,12,462,Current
2025-03-01,118,13,464,Current
2025-03-01,118,14,315,Current
2025-03-01,118,15,282,Current
2025-03-01,119,1,732,Current
2025-03-01,119,2,314,Current
2025-03-01,119,3,403,Current
2025-03-01,119,4,562,Current
2025-03-01,119,5,257,Current
2025-03-01,119,6,381,Current
2025-03-01,119,7,303,Current
2025-03-01,119,8,320,Current
2025-03-01,119,9,662,Current
2025-03-01,119,10,596,Current
2025-03-01,119,11,468,Current
2025-03-01,119,12,400,Current
2025-03-01,119,13,232,Current
2025-03-01,119,14,436,Current
2025-03-01,119,15,338,Current
2025-03-01,120,1,690,Current
2025-03-01,120,2,293,Current
2025-03-01,120,3,429,Current
2025-03-01,120,4,512,Current
2025-03-01,120,5,315,Current
2025-03-01,120,6,310,Current
2025-03-01,120,7,264,Current
2025-03-01,120,8,427,Current
2025-03-01,120,9,454,Current
2025-03-01,120,10,465,Current
2025-03-01,120,11,563,Current
2025-03-01,120,12,447,Current
2025-03-01,120,13,219,Current
2025-03-01,120,14,348,Current
2025-03-01,120,15,272,Current
2025-03-01,121,1,690,Current
2025-03-01,121,2,329,Current
2025-03-01,121,3,577,Current
2025-03-01,121,4,552,Current
2025-03-01,121,5,240,Current
2025-03-01,121,6,314,Current
2025-03-01,121,7,334,Current
2025-03-01,121,8,391,Current
2025-03-01,121,9,739,Current
2025-03-01,121,10,559,Current
2025-03-01,121,11,686,Current
2025-03-01,121,12,354,Current
2025-03-01,121,13,255,Current
2025-03-01,121,14,448,Current
2025-03-01,121,15,410,Current
2025-03-01,122,1,789,Current
2025-03-01,122,2,457,Current
2025-03-01,122,3,460,Current
2025-03-01,122,4,542,Current
2025-03-01,122,5,295,Current
2025-03-01,122,6,285,Current
2025-03-01,122,7,333,Current
2025-03-01,122,8,383,Current
2025-03-01,122,9,627,Current
2025-03-01,122,10,1001,Current
2025-03-01,122,11,753,Current
2025-03-01,122,12,688,Current
2025-03-01,122,13,230,Current
2025-03-01,122,14,443,Current
2025-03-01,122,15,391,Current
2025-03-01,124,1,743,Current
2025-03-01,124,2,359,Current
2025-03-01,124,3,413,Current
2025-03-01,124,4,520,Current
2025-03-01,124,5,228,Current
2025-03-01,124,6,296,Current
2025-03-01,124,7,305,Current
2025-03-01,124,8,329,Current
2025-03-01,124,9,611,Current
2025-03-01,124,10,484,Current
2025-03-01,124,11,556,Current
2025-03-01,124,12,429,Current
2025-03-01,124,13,215,Current
2025-03-01,124,14,317,Current
2025-03-01,124,15,292,Current
2025-03-01,125,1,475,Current
2025-03-01,125,2,244,Current
2025-03-01,125,3,364,Current
2025-03-01,125,4,371,Current
2025-03-01,125,5,243,Current
2025-03-01,125,6,204,Current
2025-03-01,125,7,238,Current
2025-03-01,125,8,313,Current
2025-03-01,125,9,362,Current
2025-03-01,125,10,435,Current
2025-03-01,125,11,397,Current
2025-03-01,125,12,332,Current
2025-03-01,125,13,158,Current
2025-03-01,125,14,294,Current
2025-03-01,125,15,225,Current
2025-03-01,126,1,473,Current
2025-03-01,126,2,298,Current
2025-03-01,126,3,357,Current
2025-03-01,126,4,438,Current
2025-03-01,126,5,339,Current
2025-03-01,126,6,244,Current
2025-03-01,126,7,186,Current
2025-03-01,126,8,290,Current
2025-03-01,126,9,445,Current
2025-03-01,126,10,327,Current
2025-03-01,126,11,339,Current
2025-03-01,126,12,337,Current
2025-03-01,126,13,175,Current
2025-03-01,126,14,279,Current
2025-03-01,126,15,244,Current
2025-03-01,127,1,835,Current
2025-03-01,127,2,253,Current
2025-03-01,127,3,498,Current
2025-03-01,127,4,500,Current
2025-03-01,127,5,268,Current
2025-03-01,127,6,257,Current
2025-03-01,127,7,225,Current
2025-03-01,127,8,320,Current
2025-03-01,127,9,519,Current
2025-03-01,127,10,428,Current
2025-03-01,127,11,457,Current
2025-03-01,127,12,507,Current
2025-03-01,127,13,179,Current
2025-03-01,127,14,362,Current
2025-03-01,127,15,275,Current
2025-03-01,128,1,608,Current
2025-03-01,128,2,252,Current
2025-03-01,128,3,378,Current
2025-03-01,128,4,458,Current
2025-03-01,128,5,336,Current
2025-03-01,128,6,344,Current
2025-03-01,128,7,227,Current
2025-03-01,128,8,345,Current
2025-03-01,128,9,481,Current
2025-03-01,128,10,401,Current
2025-03-01,128,11,382,Current
2025-03-01,128,12,313,Current
2025-03-01,128,13,214,Current
2025-03-01,128,14,353,Current
2025-03-01,128,15,336,Current
2025-03-01,129,1,639,Current
2025-03-01,129,2,268,Current
2025-03-01,129,3,367,Current
2025-03-01,129,4,448,Current
2025-03-01,129,5,221,Current
2025-03-01,129,6,263,Current
2025-03-01,129,7,227,Current
2025-03-01,129,8,270,Current
2025-03-01,129,9,577,Current
2025-03-01,129,10,446,Current
2025-03-01,129,11,473,Current
2025-03-01,129,12,347,Current
2025-03-01,129,13,160,Current
2025-03-01,129,14,309,Current
2025-03-01,129,15,226,Current
2025-03-01,130,1,539,Current
2025-03-01,130,2,313,Current
2025-03-01,130,3,355,Current
2025-03-01,130,4,358,Current
2025-03-01,130,5,216,Current
2025-03-01,130,6,263,Current
2025-03-01,130,7,227,Current
2025-03-01,130,8,255,Current
2025-03-01,130,9,525,Current
2025-03-01,130,10,477,Current
2025-03-01,130,11,519,Current
2025-03-01,130,12,422,Current
2025-03-01,130,13,178,Current
2025-03-01,130,14,300,Current
2025-03-01,130,15,264,Current
2025-03-01,132,1,621,Current
2025-03-01,132,2,283,Current
2025-03-01,132,3,435,Current
2025-03-01,132,4,539,Current
2025-03-01,132,5,283,Current
2025-03-01,132,6,346,Current
2025-03-01,132,7,210,Current
2025-03-01,132,8,295,Current
2025-03-01,132,9,592,Current
2025-03-01,132,10,478,Current
2025-03-01,132,11,527,Current
2025-03-01,132,12,363,Current
2025-03-01,132,13,203,Current
2025-03-01,132,14,296,Current
2025-03-01,132,15,311,Current
2025-03-01,133,1,766,Current
2025-03-01,133,2,353,Current
2025-03-01,133,3,742,Current
2025-03-01,133,4,553,Current
2025-03-01,133,5,246,Current
2025-03-01,133,6,362,Current
2025-03-01,133,7,392,Current
2025-03-01,133,8,381,Current
2025-03-01,133,9,716,Current
2025-03-01,133,10,627,Current
2025-03-01,133,11,587,Current
2025-03-01,133,12,455,Current
2025-03-01,133,13,190,Current
2025-03-01,133,14,443,Current
2025-03-01,133,15,322,Current
2025-03-01,134,1,709,Current
2025-03-01,134,2,387,Current
2025-03-01,134,3,600,Current
2025-03-01,134,4,599,Current
2025-03-01,134,5,276,Current
2025-03-01,134,6,407,Current
2025-03-01,134,7,285,Current
2025-03-01,134,8,338,Current
2025-03-01,134,9,778,Current
2025-03-01,134,10,576,Current
2025-03-01,134,11,442,Current
2025-03-01,134,12,412,Current
2025-03-01,134,13,362,Current
2025-03-01,134,14,449,Current
2025-03-01,134,15,462,Current
2025-03-01,135,1,513,Current
2025-03-01,135,2,322,Current
2025-03-01,135,3,757,Current
2025-03-01,135,4,462,Current
2025-03-01,135,5,255,Current
2025-03-01,135,6,257,Current
2025-03-01,135,7,278,Current
2025-03-01,135,8,338,Current
2025-03-01,135,9,612,Current
2025-03-01,135,10,432,Current
2025-03-01,135,11,469,Current
2025-03-01,135,12,349,Current
2025-03-01,135,13,169,Current
2025-03-01,135,14,305,Current
2025-03-01,135,15,303,Current
2025-03-01,136,1,611,Current
2025-03-01,136,2,305,Current
2025-03-01,136,3,428,Current
2025-03-01,136,4,750,Current
2025-03-01,136,5,276,Current
2025-03-01,136,6,313,Current
2025-03-01,136,7,302,Current
2025-03-01,136,8,273,Current
2025-03-01,136,9,510,Current
2025-03-01,136,10,515,Current
2025-03-01,136,11,563,Current
2025-03-01,136,12,421,Current
2025-03-01,136,13,222,Current
2025-03-01,136,14,309,Current
2025-03-01,136,15,320,Current
2025-03-01,137,1,842,Current
2025-03-01,137,2,382,Current
2025-03-01,137,3,532,Current
2025-03-01,137,4,552,Current
2025-03-01,137,5,267,Current
2025-03-01,137,6,330,Current
2025-03-01,137,7,306,Current
2025-03-01,137,8,292,Current
2025-03-01,137,9,631,Current
2025-03-01,137,10,435,Current
2025-03-01,137,11,548,Current
2025-03-01,137,12,450,Current
2025-03-01,137,13,214,Current
2025-03-01,137,14,417,Current
2025-03-01,137,15,304,Current
2025-03-01,138,1,804,Current
2025-03-01,138,2,279,Current
2025-03-01,138,3,567,Current
2025-03-01,138,4,536,Current
2025-03-01,138,5,358,Current
2025-03-01,138,6,329,Current
2025-03-01,138,7,305,Current
2025-03-01,138,8,512,Current
2025-03-01,138,9,638,Current
2025-03-01,138,10,429,Current
2025-03-01,138,11,603,Current
2025-03-01,138,12,513,Current
2025-03-01,138,13,180,Current
2025-03-01,138,14,312,Current
2025-03-01,138,15,346,Current
2025-03-01,140,1,779,Current
2025-03-01,140,2,371,Current
2025-03-01,140,3,549,Current
2025-03-01,140,4,588,Current
2025-03-01,140,5,271,Current
2025-03-01,140,6,400,Current
2025-03-01,140,7,303,Current
2025-03-01,140,8,335,Current
2025-03-01,140,9,544,Current
2025-03-01,140,10,587,Current
2025-03-01,140,11,612,Current
2025-03-01,140,12,355,Current
2025-03-01,140,13,243,Current
2025-03-01,140,14,494,Current
2025-03-01,140,15,300,Current
2025-04-01,101,1,1600,Current
2025-04-01,101,2,718,Current
2025-04-01,101,3,1232,Current
2025-04-01,101,4,965,Current
2025-04-01,101,5,674,Current
2025-04-01,101,6,787,Current
2025-04-01,101,7,535,Current
2025-04-01,101,8,874,Current
2025-04-01,101,9,1195,Current
2025-04-01,101,10,1126,Current
2025-04-01,101,11,966,Current
2025-04-01,101,12,955,Current
2025-04-01,101,13,507,Current
2025-04-01,101,14,902,Current
2025-04-01,101,15,577,Current
2025-04-01,102,1,1754,Current
2025-04-01,102,2,855,Current
2025-04-01,102,3,895,Current
2025-04-01,102,4,1895,Current
2025-04-01,102,5,712,Current
2025-04-01,102,6,767,Current
2025-04-01,102,7,609,Current
2025-04-01,102,8,885,Current
2025-04-01,102,9,1316,Current
2025-04-01,102,10,1277,Current
2025-04-01,102,11,1280,Current
2025-04-01,102,12,937,Current
2025-04-01,102,13,615,Current
2025-04-01,102,14,764,Current
2025-04-01,102,15,766,Current
2025-04-01,103,1,1386,Current
2025-04-01,103,2,660,Current
2025-04-01,103,3,1130,Current
2025-04-01,103,4,990,Current
2025-04-01,103,5,517,Current
2025-04-01,103,6,600,Current
2025-04-01,103,7,535,Current
2025-04-01,103,8,681,Current
2025-04-01,103,9,1483,Current
2025-04-01,103,10,1172,Current
2025-04-01,103,11,961,Current
2025-04-01,103,12,761,Current
2025-04-01,103,13,554,Current
2025-04-01,103,14,747,Current
2025-04-01,103,15,835,Current
2025-04-01,104,1,1364,Current
2025-04-01,104,2,626,Current
2025-04-01,104,3,946,Current
2025-04-01,104,4,965,Current
2025-04-01,104,5,646,Current
2025-04-01,104,6,764,Current
2025-04-01,104,7,544,Current
2025-04-01,104,8,856,Current
2025-04-01,104,9,1543,Current
2025-04-01,104,10,1127,Current
2025-04-01,104,11,1006,Current
2025-04-01,104,12,1021,Current
2025-04-01,104,13,391,Current
2025-04-01,104,14,1254,Current
2025-04-01,104,15,510,Current
2025-04-01,105,1,1588,Current
2025-04-01,105,2,598,Current
2025-04-01,105,3,1016,Current
2025-04-01,105,4,1123,Current
2025-04-01,105,5,652,Current
2025-04-01,105,6,631,Current
2025-04-01,105,7,487,Current
2025-04-01,105,8,693,Current
2025-04-01,105,9,1515,Current
2025-04-01,105,10,956,Current
2025-04-01,105,11,1057,Current
2025-04-01,105,12,750,Current
2025-04-01,105,13,525,Current
2025-04-01,105,14,677,Current
2025-04-01,105,15,530,Current
2025-04-01,106,1,1171,Current
2025-04-01,106,2,742,Current
2025-04-01,106,3,776,Current
2025-04-01,106,4,853,Current
2025-04-01,106,5,554,Current
2025-04-01,106,6,882,Current
2025-04-01,106,7,483,Current
2025-04-01,106,8,650,Current
2025-04-01,106,9,1299,Current
2025-04-01,106,10,973,Current
2025-04-01,106,11,1151,Current
2025-04-01,106,12,693,Current
2025-04-01,106,13,461,Current
2025-04-01,106,14,776,Current
2025-04-01,106,15,813,Current
2025-04-01,108,1,1395,Current
2025-04-01,108,2,756,Current
2025-04-01,108,3,1126,Current
2025-04-01,108,4,1158,Current
2025-04-01,108,5,641,Current
2025-04-01,108,6,632,Current
2025-04-01,108,7,723,Current
2025-04-01,108,8,687,Current
2025-04-01,108,9,1657,Current
2025-04-01,108,10,1093,Current
2025-04-01,108,11,1272,Current
2025-04-01,108,12,998,Current
2025-04-01,108,13,462,Current
2025-04-01,108,14,665,Current
2025-04-01,108,15,727,Current
2025-04-01,109,1,2511,Current
2025-04-01,109,2,441,Current
2025-04-01,109,3,684,Current
2025-04-01,109,4,706,Current
2025-04-01,109,5,586,Current
2025-04-01,109,6,401,Current
2025-04-01,109,7,911,Current
2025-04-01,109,8,415,Current
2025-04-01,109,9,962,Current
2025-04-01,109,10,1227,Current
2025-04-01,109,11,1364,Current
2025-04-01,109,12,671,Current
2025-04-01,109,13,287,Current
2025-04-01,109,14,478,Current
2025-04-01,109,15,469,Current
2025-04-01,110,1,1535,Current
2025-04-01,110,2,495,Current
2025-04-01,110,3,694,Current
2025-04-01,110,4,619,Current
2025-04-01,110,5,382,Current
2025-04-01,110,6,383,Current
2025-04-01,110,7,342,Current
2025-04-01,110,8,614,Current
2025-04-01,110,9,995,Current
2025-04-01,110,10,1443,Current
2025-04-01,110,11,1099,Current
2025-04-01,110,12,631,Current
2025-04-01,110,13,304,Current
2025-04-01,110,14,512,Current
2025-04-01,110,15,368,Current
2025-04-01,111,1,1132,Current
2025-04-01,111,2,482,Current
2025-04-01,111,3,721,Current
2025-04-01,111,4,843,Current
2025-04-01,111,5,494,Current
2025-04-01,111,6,448,Current
2025-04-01,111,7,454,Current
2025-04-01,111,8,507,Current
2025-04-01,111,9,1818,Current
2025-04-01,111,10,665,Current
2025-04-01,111,11,912,Current
2025-04-01,111,12,600,Current
2025-04-01,111,13,351,Current
2025-04-01,111,14,1049,Current
2025-04-01,111,15,832,Current
2025-04-01,112,1,1243,Current
2025-04-01,112,2,569,Current
2025-04-01,112,3,781,Current
2025-04-01,112,4,735,Current
2025-04-01,112,5,915,Current
2025-04-01,112,6,604,Current
2025-04-01,112,7,1040,Current
2025-04-01,112,8,503,Current
2025-04-01,112,9,1773,Current
2025-04-01,112,10,1427,Current
2025-04-01,112,11,701,Current
2025-04-01,112,12,1712,Current
2025-04-01,112,13,362,Current
2025-04-01,112,14,610,Current
2025-04-01,112,15,421,Current
2025-04-01,113,1,1792,Current
2025-04-01,113,2,387,Current
2025-04-01,113,3,1784,Current
2025-04-01,113,4,706,Current
2025-04-01,113,5,377,Current
2025-04-01,113,6,430,Current
2025-04-01,113,7,1171,Current
2025-04-01,113,8,1113,Current
2025-04-01,113,9,1973,Current
2025-04-01,113,10,698,Current
2025-04-01,113,11,1446,Current
2025-04-01,113,12,899,Current
2025-04-01,113,13,346,Current
2025-04-01,113,14,588,Current
2025-04-01,113,15,418,Current
2025-04-01,114,1,917,Current
2025-04-01,114,2,417,Current
2025-04-01,114,3,776,Current
2025-04-01,114,4,706,Current
2025-04-01,114,5,489,Current
2025-04-01,114,6,523,Current
2025-04-01,114,7,331,Current
2025-04-01,114,8,502,Current
2025-04-01,114,9,933,Current
2025-04-01,114,10,1334,Current
2025-04-01,114,11,714,Current
2025-04-01,114,12,573,Current
2025-04-01,114,13,325,Current
2025-04-01,114,14,575,Current
2025-04-01,114,15,428,Current
2025-04-01,116,1,931,Current
2025-04-01,116,2,362,Current
2025-04-01,116,3,669,Current
2025-04-01,116,4,725,Current
2025-04-01,116,5,404,Current
2025-04-01,116,6,380,Current
2025-04-01,116,7,414,Current
2025-04-01,116,8,510,Current
2025-04-01,116,9,1756,Current
2025-04-01,116,10,1222,Current
2025-04-01,116,11,701,Current
2025-04-01,116,12,549,Current
2025-04-01,116,13,303,Current
2025-04-01,116,14,508,Current
2025-04-01,116,15,746,Current
2025-04-01,117,1,668,Current
2025-04-01,117,2,214,Current
2025-04-01,117,3,558,Current
2025-04-01,117,4,597,Current
2025-04-01,117,5,264,Current
2025-04-01,117,6,418,Current
2025-04-01,117,7,343,Current
2025-04-01,117,8,283,Current
2025-04-01,117,9,526,Current
2025-04-01,117,10,536,Current
2025-04-01,117,11,545,Current
2025-04-01,117,12,391,Current
2025-04-01,117,13,204,Current
2025-04-01,117,14,360,Current
2025-04-01,117,15,328,Current
2025-04-01,118,1,703,Current
2025-04-01,118,2,308,Current
2025-04-01,118,3,453,Current
2025-04-01,118,4,482,Current
2025-04-01,118,5,323,Current
2025-04-01,118,6,365,Current
2025-04-01,118,7,294,Current
2025-04-01,118,8,329,Current
2025-04-01,118,9,607,Current
2025-04-01,118,10,458,Current
2025-04-01,118,11,714,Current
2025-04-01,118,12,454,Current
2025-04-01,118,13,219,Current
2025-04-01,118,14,326,Current
2025-04-01,118,15,340,Current
2025-04-01,119,1,661,Current
2025-04-01,119,2,290,Current
2025-04-01,119,3,409,Current
2025-04-01,119,4,490,Current
2025-04-01,119,5,264,Current
2025-04-01,119,6,362,Current
2025-04-01,119,7,344,Current
2025-04-01,119,8,323,Current
2025-04-01,119,9,604,Current
2025-04-01,119,10,499,Current
2025-04-01,119,11,486,Current
2025-04-01,119,12,435,Current
2025-04-01,119,13,251,Current
2025-04-01,119,14,339,Current
2025-04-01,119,15,312,Current
2025-04-01,120,1,749,Current
2025-04-01,120,2,416,Current
2025-04-01,120,3,573,Current
2025-04-01,120,4,469,Current
2025-04-01,120,5,264,Current
2025-04-01,120,6,307,Current
2025-04-01,120,7,256,Current
2025-04-01,120,8,372,Current
2025-04-01,120,9,753,Current
2025-04-01,120,10,484,Current
2025-04-01,120,11,480,Current
2025-04-01,120,12,417,Current
2025-04-01,120,13,238,Current
2025-04-01,120,14,346,Current
2025-04-01,120,15,388,Current
2025-04-01,121,1,706,Current
2025-04-01,121,2,332,Current
2025-04-01,121,3,568,Current
2025-04-01,121,4,567,Current
2025-04-01,121,5,361,Current
2025-04-01,121,6,344,Current
2025-04-01,121,7,321,Current
2025-04-01,121,8,466,Current
2025-04-01,121,9,695,Current
2025-04-01,121,10,485,Current
2025-04-01,121,11,607,Current
2025-04-01,121,12,435,Current
2025-04-01,121,13,233,Current
2025-04-01,121,14,353,Current
2025-04-01,121,15,336,Current
2025-04-01,122,1,729,Current
2025-04-01,122,2,345,Current
2025-04-01,122,3,460,Current
2025-04-01,122,4,776,Current
2025-04-01,122,5,308,Current
2025-04-01,122,6,374,Current
2025-04-01,122,7,323,Current
2025-04-01,122,8,368,Current
2025-04-01,122,9,844,Current
2025-04-01,122,10,580,Current
2025-04-01,122,11,702,Current
2025-04-01,122,12,461,Current
2025-04-01,122,13,264,Current
2025-04-01,122,14,558,Current
2025-04-01,122,15,369,Current
2025-04-01,124,1,690,Current
2025-04-01,124,2,297,Current
2025-04-01,124,3,437,Current
2025-04-01,124,4,562,Current
2025-04-01,124,5,232,Current
2025-04-01,124,6,375,Current
2025-04-01,124,7,302,Current
2025-04-01,124,8,321,Current
2025-04-01,124,9,615,Current
2025-04-01,124,10,568,Current
2025-04-01,124,11,496,Current
2025-04-01,124,12,399,Current
2025-04-01,124,13,226,Current
2025-04-01,124,14,353,Current
2025-04-01,124,15,348,Current
2025-04-01,125,1,541,Current
2025-04-01,125,2,217,Current
2025-04-01,125,3,436,Current
2025-04-01,125,4,365,Current
2025-04-01,125,5,223,Current
2025-04-01,125,6,245,Current
2025-04-01,125,7,243,Current
2025-04-01,125,8,209,Current
2025-04-01,125,9,461,Current
2025-04-01,125,10,428,Current
2025-04-01,125,11,367,Current
2025-04-01,125,12,302,Current
2025-04-01,125,13,158,Current
2025-04-01,125,14,281,Current
2025-04-01,125,15,227,Current
2025-04-01,126,1,511,Current
2025-04-01,126,2,247,Current
2025-04-01,126,3,423,Current
2025-04-01,126,4,429,Current
2025-04-01,126,5,216,Current
2025-04-01,126,6,227,Current
2025-04-01,126,7,338,Current
2025-04-01,126,8,239,Current
2025-04-01,126,9,494,Current
2025-04-01,126,10,405,Current
2025-04-01,126,11,374,Current
2025-04-01,126,12,316,Current
2025-04-01,126,13,172,Current
2025-04-01,126,14,220,Current
2025-04-01,126,15,220,Current
2025-04-01,127,1,608,Current
2025-04-01,127,2,337,Current
2025-04-01,127,3,420,Current
2025-04-01,127,4,385,Current
2025-04-01,127,5,223,Current
2025-04-01,127,6,279,Current
2025-04-01,127,7,253,Current
2025-04-01,127,8,333,Current
2025-04-01,127,9,429,Current
2025-04-01,127,10,378,Current
2025-04-01,127,11,377,Current
2025-04-01,127,12,440,Current
2025-04-01,127,13,195,Current
2025-04-01,127,14,272,Current
2025-04-01,127,15,244,Current
2025-04-01,128,1,658,Current
2025-04-01,128,2,250,Current
2025-04-01,128,3,389,Current
2025-04-01,128,4,477,Current
2025-04-01,128,5,249,Current
2025-04-01,128,6,272,Current
2025-04-01,128,7,227,Current
2025-04-01,128,8,260,Current
2025-04-01,128,9,607,Current
2025-04-01,128,10,402,Current
2025-04-01,128,11,424,Current
2025-04-01,128,12,380,Current
2025-04-01,128,13,185,Current
2025-04-01,128,14,330,Current
2025-04-01,128,15,292,Current
2025-04-01,129,1,692,Current
2025-04-01,129,2,314,Current
2025-04-01,129,3,409,Current
2025-04-01,129,4,393,Current
2025-04-01,129,5,220,Current
2025-04-01,129,6,334,Current
2025-04-01,129,7,270,Current
2025-04-01,129,8,275,Current
2025-04-01,129,9,651,Current
2025-04-01,129,10,441,Current
2025-04-01,129,11,524,Current
2025-04-01,129,12,353,Current
2025-04-01,129,13,219,Current
2025-04-01,129,14,341,Current
2025-04-01,129,15,244,Current
2025-04-01,130,1,627,Current
2025-04-01,130,2,311,Current
2025-04-01,130,3,482,Current
2025-04-01,130,4,410,Current
2025-04-01,130,5,206,Current
2025-04-01,130,6,245,Current
2025-04-01,130,7,273,Current
2025-04-01,130,8,346,Current
2025-04-01,130,9,444,Current
2025-04-01,130,10,416,Current
2025-04-01,130,11,503,Current
2025-04-01,130,12,337,Current
2025-04-01,130,13,337,Current
2025-04-01,130,14,304,Current
2025-04-01,130,15,272,Current
2025-04-01,132,1,669,Current
2025-04-01,132,2,305,Current
2025-04-01,132,3,408,Current
2025-04-01,132,4,410,Current
2025-04-01,132,5,239,Current
2025-04-01,132,6,333,Current
2025-04-01,132,7,280,Current
2025-04-01,132,8,354,Current
2025-04-01,132,9,1093,Current
2025-04-01,132,10,497,Current
2025-04-01,132,11,619,Current
2025-04-01,132,12,443,Current
2025-04-01,132,13,228,Current
2025-04-01,132,14,296,Current
2025-04-01,132,15,282,Current
2025-04-01,133,1,732,Current
2025-04-01,133,2,381,Current
2025-04-01,133,3,551,Current
2025-04-01,133,4,503,Current
2025-04-01,133,5,302,Current
2025-04-01,133,6,345,Current
2025-04-01,133,7,285,Current
2025-04-01,133,8,456,Current
2025-04-01,133,9,664,Current
2025-04-01,133,10,652,Current
2025-04-01,133,11,511,Current
2025-04-01,133,12,430,Current
2025-04-01,133,13,247,Current
2025-04-01,133,14,386,Current
2025-04-01,133,15,314,Current
2025-04-01,134,1,554,Current
2025-04-01,134,2,294,Current
2025-04-01,134,3,534,Current
2025-04-01,134,4,503,Current
2025-04-01,134,5,286,Current
2025-04-01,134,6,439,Current
2025-04-01,134,7,274,Current
2025-04-01,134,8,377,Current
2025-04-01,134,9,580,Current
2025-04-01,134,10,549,Current
2025-04-01,134,11,521,Current
2025-04-01,134,12,486,Current
2025-04-01,134,13,214,Current
2025-04-01,134,14,346,Current
2025-04-01,134,15,316,Current
2025-04-01,135,1,657,Current
2025-04-01,135,2,298,Current
2025-04-01,135,3,472,Current
2025-04-01,135,4,437,Current
2025-04-01,135,5,337,Current
2025-04-01,135,6,310,Current
2025-04-01,135,7,264,Current
2025-04-01,135,8,271,Current
2025-04-01,135,9,593,Current
2025-04-01,135,10,604,Current
2025-04-01,135,11,488,Current
2025-04-01,135,12,602,Current
2025-04-01,135,13,176,Current
2025-04-01,135,14,335,Current
2025-04-01,135,15,285,Current
2025-04-01,136,1,732,Current
2025-04-01,136,2,241,Current
2025-04-01,136,3,472,Current
2025-04-01,136,4,495,Current
2025-04-01,136,5,250,Current
2025-04-01,136,6,259,Current
2025-04-01,136,7,279,Current
2025-04-01,136,8,363,Current
2025-04-01,136,9,550,Current
2025-04-01,136,10,496,Current
2025-04-01,136,11,580,Current
2025-04-01,136,12,351,Current
2025-04-01,136,13,195,Current
2025-04-01,136,14,262,Current
2025-04-01,136,15,289,Current
2025-04-01,137,1,709,Current
2025-04-01,137,2,320,Current
2025-04-01,137,3,472,Current
2025-04-01,137,4,523,Current
2025-04-01,137,5,297,Current
2025-04-01,137,6,368,Current
2025-04-01,137,7,288,Current
2025-04-01,137,8,338,Current
2025-04-01,137,9,533,Current
2025-04-01,137,10,560,Current
2025-04-01,137,11,565,Current
2025-04-01,137,12,665,Current
2025-04-01,137,13,301,Current
2025-04-01,137,14,437,Current
2025-04-01,137,15,328,Current
2025-04-01,138,1,664,Current
2025-04-01,138,2,320,Current
2025-04-01,138,3,476,Current
2025-04-01,138,4,475,Current
2025-04-01,138,5,245,Current
2025-04-01,138,6,427,Current
2025-04-01,138,7,300,Current
2025-04-01,138,8,402,Current
2025-04-01,138,9,592,Current
2025-04-01,138,10,585,Current
2025-04-01,138,11,534,Current
2025-04-01,138,12,426,Current
2025-04-01,138,13,209,Current
2025-04-01,138,14,370,Current
2025-04-01,138,15,255,Current
2025-04-01,140,1,719,Current
2025-04-01,140,2,382,Current
2025-04-01,140,3,1032,Current
2025-04-01,140,4,601,Current
2025-04-01,140,5,268,Current
2025-04-01,140,6,381,Current
2025-04-01,140,7,271,Current
2025-04-01,140,8,383,Current
2025-04-01,140,9,671,Current
2025-04-01,140,10,504,Current
2025-04-01,140,11,500,Current
2025-04-01,140,12,765,Current
2025-04-01,140,13,243,Current
2025-04-01,140,14,424,Current
2025-04-01,140,15,300,Current
2025-05-01,101,1,1926,Current
2025-05-01,101,2,796,Current
2025-05-01,101,3,1451,Current
2025-05-01,101,4,967,Current
2025-05-01,101,5,594,Current
2025-05-01,101,6,701,Current
2025-05-01,101,7,714,Current
2025-05-01,101,8,774,Current
2025-05-01,101,9,1247,Current
2025-05-01,101,10,1032,Current
2025-05-01,101,11,1265,Current
2025-05-01,101,12,973,Current
2025-05-01,101,13,494,Current
2025-05-01,101,14,983,Current
2025-05-01,101,15,697,Current
2025-05-01,102,1,2033,Current
2025-05-01,102,2,706,Current
2025-05-01,102,3,1403,Current
2025-05-01,102,4,1311,Current
2025-05-01,102,5,673,Current
2025-05-01,102,6,824,Current
2025-05-01,102,7,618,Current
2025-05-01,102,8,812,Current
2025-05-01,102,9,1625,Current
2025-05-01,102,10,956,Current
2025-05-01,102,11,1209,Current
2025-05-01,102,12,948,Current
2025-05-01,102,13,724,Current
2025-05-01,102,14,769,Current
2025-05-01,102,15,1037,Current
2025-05-01,103,1,1447,Current
2025-05-01,103,2,680,Current
2025-05-01,103,3,909,Current
2025-05-01,103,4,1239,Current
2025-05-01,103,5,577,Current
2025-05-01,103,6,685,Current
2025-05-01,103,7,603,Current
2025-05-01,103,8,667,Current
2025-05-01,103,9,1373,Current
2025-05-01,103,10,1168,Current
2025-05-01,103,11,1061,Current
2025-05-01,103,12,820,Current
2025-05-01,103,13,391,Current
2025-05-01,103,14,685,Current
2025-05-01,103,15,631,Current
2025-05-01,104,1,1449,Current
2025-05-01,104,2,734,Current
2025-05-01,104,3,1162,Current
2025-05-01,104,4,1205,Current
2025-05-01,104,5,720,Current
2025-05-01,104,6,725,Current
2025-05-01,104,7,508,Current
2025-05-01,104,8,670,Current
2025-05-01,104,9,1227,Current
2025-05-01,104,10,950,Current
2025-05-01,104,11,1041,Current
2025-05-01,104,12,977,Current
2025-05-01,104,13,386,Current
2025-05-01,104,14,820,Current
2025-05-01,104,15,606,Current
2025-05-01,105,1,1413,Current
2025-05-01,105,2,718,Current
2025-05-01,105,3,993,Current
2025-05-01,105,4,1105,Current
2025-05-01,105,5,571,Current
2025-05-01,105,6,621,Current
2025-05-01,105,7,535,Current
2025-05-01,105,8,650,Current
2025-05-01,105,9,1137,Current
2025-05-01,105,10,1109,Current
2025-05-01,105,11,852,Current
2025-05-01,105,12,823,Current
2025-05-01,105,13,435,Current
2025-05-01,105,14,772,Current
2025-05-01,105,15,957,Current
2025-05-01,106,1,1460,Current
2025-05-01,106,2,616,Current
2025-05-01,106,3,1008,Current
2025-05-01,106,4,855,Current
2025-05-01,106,5,472,Current
2025-05-01,106,6,744,Current
2025-05-01,106,7,535,Current
2025-05-01,106,8,812,Current
2025-05-01,106,9,1267,Current
2025-05-01,106,10,956,Current
2025-05-01,106,11,1073,Current
2025-05-01,106,12,678,Current
2025-05-01,106,13,433,Current
2025-05-01,106,14,1093,Current
2025-05-01,106,15,536,Current
2025-05-01,108,1,1827,Current
2025-05-01,108,2,689,Current
2025-05-01,108,3,813,Current
2025-05-01,108,4,1233,Current
2025-05-01,108,5,759,Current
2025-05-01,108,6,947,Current
2025-05-01,108,7,683,Current
2025-05-01,108,8,650,Current
2025-05-01,108,9,1330,Current
2025-05-01,108,10,990,Current
2025-05-01,108,11,1016,Current
2025-05-01,108,12,1049,Current
2025-05-01,108,13,495,Current
2025-05-01,108,14,742,Current
2025-05-01,108,15,643,Current
2025-05-01,109,1,2099,Current
2025-05-01,109,2,517,Current
2025-05-01,109,3,740,Current
2025-05-01,109,4,1447,Current
2025-05-01,109,5,380,Current
2025-05-01,109,6,1317,Current
2025-05-01,109,7,440,Current
2025-05-01,109,8,547,Current
2025-05-01,109,9,977,Current
2025-05-01,109,10,673,Current
2025-05-01,109,11,944,Current
2025-05-01,109,12,1423,Current
2025-05-01,109,13,345,Current
2025-05-01,109,14,878,Current
2025-05-01,109,15,388,Current
2025-05-01,110,1,1790,Current
2025-05-01,110,2,430,Current
2025-05-01,110,3,663,Current
2025-05-01,110,4,727,Current
2025-05-01,110,5,679,Current
2025-05-01,110,6,386,Current
2025-05-01,110,7,389,Current
2025-05-01,110,8,507,Current
2025-05-01,110,9,2044,Current
2025-05-01,110,10,711,Current
2025-05-01,110,11,689,Current
2025-05-01,110,12,647,Current
2025-05-01,110,13,304,Current
2025-05-01,110,14,1190,Current
2025-05-01,110,15,447,Current
2025-05-01,111,1,1271,Current
2025-05-01,111,2,794,Current
2025-05-01,111,3,767,Current
2025-05-01,111,4,731,Current
2025-05-01,111,5,576,Current
2025-05-01,111,6,475,Current
2025-05-01,111,7,409,Current
2025-05-01,111,8,648,Current
2025-05-01,111,9,1015,Current
2025-05-01,111,10,725,Current
2025-05-01,111,11,807,Current
2025-05-01,111,12,508,Current
2025-05-01,111,13,385,Current
2025-05-01,111,14,662,Current
2025-05-01,111,15,543,Current
2025-05-01,112,1,1124,Current
2025-05-01,112,2,563,Current
2025-05-01,112,3,858,Current
2025-05-01,112,4,762,Current
2025-05-01,112,5,405,Current
2025-05-01,112,6,568,Current
2025-05-01,112,7,466,Current
2025-05-01,112,8,529,Current
2025-05-01,112,9,2399,Current
2025-05-01,112,10,1843,Current
2025-05-01,112,11,701,Current
2025-05-01,112,12,1209,Current
2025-05-01,112,13,355,Current
2025-05-01,112,14,524,Current
2025-05-01,112,15,542,Current
2025-05-01,113,1,1517,Current
2025-05-01,113,2,424,Current
2025-05-01,113,3,690,Current
2025-05-01,113,4,784,Current
2025-05-01,113,5,444,Current
2025-05-01,113,6,556,Current
2025-05-01,113,7,862,Current
2025-05-01,113,8,538,Current
2025-05-01,113,9,1560,Current
2025-05-01,113,10,1470,Current
2025-05-01,113,11,1806,Current
2025-05-01,113,12,668,Current
2025-05-01,113,13,330,Current
2025-05-01,113,14,488,Current
2025-05-01,113,15,453,Current
2025-05-01,114,1,2850,Current
2025-05-01,114,2,411,Current
2025-05-01,114,3,793,Current
2025-05-01,114,4,819,Current
2025-05-01,114,5,337,Current
2025-05-01,114,6,497,Current
2025-05-01,114,7,380,Current
2025-05-01,114,8,414,Current
2025-05-01,114,9,910,Current
2025-05-01,114,10,1472,Current
2025-05-01,114,11,813,Current
2025-05-01,114,12,648,Current
2025-05-01,114,13,359,Current
2025-05-01,114,14,471,Current
2025-05-01,114,15,1138,Current
2025-05-01,116,1,1019,Current
2025-05-01,116,2,348,Current
2025-05-01,116,3,1612,Current
2025-05-01,116,4,972,Current
2025-05-01,116,5,422,Current
2025-05-01,116,6,505,Current
2025-05-01,116,7,346,Current
2025-05-01,116,8,413,Current
2025-05-01,116,9,789,Current
2025-05-01,116,10,634,Current
2025-05-01,116,11,1542,Current
2025-05-01,116,12,586,Current
2025-05-01,116,13,696,Current
2025-05-01,116,14,476,Current
2025-05-01,116,15,414,Current
2025-05-01,117,1,902,Current
2025-05-01,117,2,369,Current
2025-05-01,117,3,633,Current
2025-05-01,117,4,528,Current
2025-05-01,117,5,333,Current
2025-05-01,117,6,370,Current
2025-05-01,117,7,291,Current
2025-05-01,117,8,400,Current
2025-05-01,117,9,665,Current
2025-05-01,117,10,525,Current
2025-05-01,117,11,560,Current
2025-05-01,117,12,434,Current
2025-05-01,117,13,221,Current
2025-05-01,117,14,429,Current
2025-05-01,117,15,305,Current
2025-05-01,118,1,823,Current
2025-05-01,118,2,345,Current
2025-05-01,118,3,597,Current
2025-05-01,118,4,756,Current
2025-05-01,118,5,307,Current
2025-05-01,118,6,398,Current
2025-05-01,118,7,367,Current
2025-05-01,118,8,404,Current
2025-05-01,118,9,706,Current
2025-05-01,118,10,520,Current
2025-05-01,118,11,546,Current
2025-05-01,118,12,554,Current
2025-05-01,118,13,222,Current
2025-05-01,118,14,379,Current
2025-05-01,118,15,330,Current
2025-05-01,119,1,664,Current
2025-05-01,119,2,343,Current
2025-05-01,119,3,486,Current
2025-05-01,119,4,539,Current
2025-05-01,119,5,303,Current
2025-05-01,119,6,347,Current
2025-05-01,119,7,286,Current
2025-05-01,119,8,366,Current
2025-05-01,119,9,645,Current
2025-05-01,119,10,553,Current
2025-05-01,119,11,537,Current
2025-05-01,119,12,475,Current
2025-05-01,119,13,236,Current
2025-05-01,119,14,383,Current
2025-05-01,119,15,322,Current
2025-05-01,120,1,859,Current
2025-05-01,120,2,302,Current
2025-05-01,120,3,505,Current
2025-05-01,120,4,511,Current
2025-05-01,120,5,224,Current
2025-05-01,120,6,377,Current
2025-05-01,120,7,366,Current
2025-05-01,120,8,390,Current
2025-05-01,120,9,742,Current
2025-05-01,120,10,524,Current
2025-05-01,120,11,599,Current
2025-05-01,120,12,746,Current
2025-05-01,120,13,276,Current
2025-05-01,120,14,397,Current
2025-05-01,120,15,306,Current
2025-05-01,121,1,959,Current
2025-05-01,121,2,440,Current
2025-05-01,121,3,600,Current
2025-05-01,121,4,599,Current
2025-05-01,121,5,388,Current
2025-05-01,121,6,399,Current
2025-05-01,121,7,379,Current
2025-05-01,121,8,422,Current
2025-05-01,121,9,722,Current
2025-05-01,121,10,565,Current
2025-05-01,121,11,666,Current
2025-05-01,121,12,493,Current
2025-05-01,121,13,307,Current
2025-05-01,121,14,513,Current
2025-05-01,121,15,364,Current
2025-05-01,122,1,1033,Current
2025-05-01,122,2,409,Current
2025-05-01,122,3,654,Current
2025-05-01,122,4,957,Current
2025-05-01,122,5,447,Current
2025-05-01,122,6,470,Current
2025-05-01,122,7,425,Current
2025-05-01,122,8,403,Current
2025-05-01,122,9,668,Current
2025-05-01,122,10,686,Current
2025-05-01,122,11,597,Current
2025-05-01,122,12,534,Current
2025-05-01,122,13,274,Current
2025-05-01,122,14,396,Current
2025-05-01,122,15,374,Current
2025-05-01,124,1,746,Current
2025-05-01,124,2,297,Current
2025-05-01,124,3,599,Current
2025-05-01,124,4,506,Current
2025-05-01,124,5,304,Current
2025-05-01,124,6,325,Current
2025-05-01,124,7,318,Current
2025-05-01,124,8,368,Current
2025-05-01,124,9,762,Current
2025-05-01,124,10,576,Current
2025-05-01,124,11,613,Current
2025-05-01,124,12,518,Current
2025-05-01,124,13,224,Current
2025-05-01,124,14,510,Current
2025-05-01,124,15,372,Current
2025-05-01,125,1,514,Current
2025-05-01,125,2,232,Current
2025-05-01,125,3,382,Current
2025-05-01,125,4,410,Current
2025-05-01,125,5,235,Current
2025-05-01,125,6,272,Current
2025-05-01,125,7,240,Current
2025-05-01,125,8,268,Current
2025-05-01,125,9,397,Current
2025-05-01,125,10,426,Current
2025-05-01,125,11,394,Current
2025-05-01,125,12,328,Current
2025-05-01,125,13,162,Current
2025-05-01,125,14,262,Current
2025-05-01,125,15,258,Current
2025-05-01,126,1,546,Current
2025-05-01,126,2,200,Current
2025-05-01,126,3,335,Current
2025-05-01,126,4,346,Current
2025-05-01,126,5,194,Current
2025-05-01,126,6,224,Current
2025-05-01,126,7,199,Current
2025-05-01,126,8,256,Current
2025-05-01,126,9,421,Current
2025-05-01,126,10,360,Current
2025-05-01,126,11,407,Current
2025-05-01,126,12,347,Current
2025-05-01,126,13,167,Current
2025-05-01,126,14,242,Current
2025-05-01,126,15,196,Current
2025-05-01,127,1,720,Current
2025-05-01,127,2,301,Current
2025-05-01,127,3,385,Current
2025-05-01,127,4,464,Current
2025-05-01,127,5,233,Current
2025-05-01,127,6,293,Current
2025-05-01,127,7,291,Current
2025-05-01,127,8,563,Current
2025-05-01,127,9,875,Current
2025-05-01,127,10,492,Current
2025-05-01,127,11,408,Current
2025-05-01,127,12,360,Current
2025-05-01,127,13,174,Current
2025-05-01,127,14,354,Current
2025-05-01,127,15,383,Current
2025-05-01,128,1,680,Current
2025-05-01,128,2,275,Current
2025-05-01,128,3,450,Current
2025-05-01,128,4,371,Current
2025-05-01,128,5,272,Current
2025-05-01,128,6,239,Current
2025-05-01,128,7,227,Current
2025-05-01,128,8,241,Current
2025-05-01,128,9,552,Current
2025-05-01,128,10,549,Current
2025-05-01,128,11,365,Current
2025-05-01,128,12,325,Current
2025-05-01,128,13,176,Current
2025-05-01,128,14,296,Current
2025-05-01,128,15,307,Current
2025-05-01,129,1,609,Current
2025-05-01,129,2,233,Current
2025-05-01,129,3,389,Current
2025-05-01,129,4,395,Current
2025-05-01,129,5,251,Current
2025-05-01,129,6,368,Current
2025-05-01,129,7,198,Current
2025-05-01,129,8,276,Current
2025-05-01,129,9,521,Current
2025-05-01,129,10,405,Current
2025-05-01,129,11,569,Current
2025-05-01,129,12,336,Current
2025-05-01,129,13,201,Current
2025-05-01,129,14,320,Current
2025-05-01,129,15,244,Current
2025-05-01,130,1,797,Current
2025-05-01,130,2,297,Current
2025-05-01,130,3,347,Current
2025-05-01,130,4,468,Current
2025-05-01,130,5,204,Current
2025-05-01,130,6,232,Current
2025-05-01,130,7,231,Current
2025-05-01,130,8,283,Current
2025-05-01,130,9,541,Current
2025-05-01,130,10,505,Current
2025-05-01,130,11,510,Current
2025-05-01,130,12,388,Current
2025-05-01,130,13,195,Current
2025-05-01,130,14,354,Current
2025-05-01,130,15,322,Current
2025-05-01,132,1,608,Current
2025-05-01,132,2,284,Current
2025-05-01,132,3,503,Current
2025-05-01,132,4,470,Current
2025-05-01,132,5,302,Current
2025-05-01,132,6,279,Current
2025-05-01,132,7,441,Current
2025-05-01,132,8,313,Current
2025-05-01,132,9,570,Current
2025-05-01,132,10,406,Current
2025-05-01,132,11,407,Current
2025-05-01,132,12,448,Current
2025-05-01,132,13,230,Current
2025-05-01,132,14,289,Current
2025-05-01,132,15,355,Current
2025-05-01,133,1,1071,Current
2025-05-01,133,2,493,Current
2025-05-01,133,3,805,Current
2025-05-01,133,4,747,Current
2025-05-01,133,5,482,Current
2025-05-01,133,6,486,Current
2025-05-01,133,7,431,Current
2025-05-01,133,8,532,Current
2025-05-01,133,9,946,Current
2025-05-01,133,10,778,Current
2025-05-01,133,11,705,Current
2025-05-01,133,12,547,Current
2025-05-01,133,13,293,Current
2025-05-01,133,14,498,Current
2025-05-01,133,15,475,Current
2025-05-01,134,1,1041,Current
2025-05-01,134,2,401,Current
2025-05-01,134,3,696,Current
2025-05-01,134,4,652,Current
2025-05-01,134,5,409,Current
2025-05-01,134,6,493,Current
2025-05-01,134,7,409,Current
2025-05-01,134,8,574,Current
2025-05-01,134,9,930,Current
2025-05-01,134,10,649,Current
2025-05-01,134,11,827,Current
2025-05-01,134,12,731,Current
2025-05-01,134,13,321,Current
2025-05-01,134,14,629,Current
2025-05-01,134,15,469,Current
2025-05-01,135,1,952,Current
2025-05-01,135,2,411,Current
2025-05-01,135,3,655,Current
2025-05-01,135,4,644,Current
2025-05-01,135,5,367,Current
2025-05-01,135,6,392,Current
2025-05-01,135,7,397,Current
2025-05-01,135,8,408,Current
2025-05-01,135,9,825,Current
2025-05-01,135,10,604,Current
2025-05-01,135,11,626,Current
2025-05-01,135,12,493,Current
2025-05-01,135,13,324,Current
2025-05-01,135,14,518,Current
2025-05-01,135,15,365,Current
2025-05-01,136,1,854,Current
2025-05-01,136,2,354,Current
2025-05-01,136,3,543,Current
2025-05-01,136,4,1062,Current
2025-05-01,136,5,387,Current
2025-05-01,136,6,417,Current
2025-05-01,136,7,399,Current
2025-05-01,136,8,407,Current
2025-05-01,136,9,809,Current
2025-05-01,136,10,635,Current
2025-05-01,136,11,556,Current
2025-05-01,136,12,529,Current
2025-05-01,136,13,251,Current
2025-05-01,136,14,436,Current
2025-05-01,136,15,353,Current
2025-05-01,137,1,1157,Current
2025-05-01,137,2,398,Current
2025-05-01,137,3,1508,Current
2025-05-01,137,4,701,Current
2025-05-01,137,5,384,Current
2025-05-01,137,6,471,Current
2025-05-01,137,7,578,Current
2025-05-01,137,8,444,Current
2025-05-01,137,9,735,Current
2025-05-01,137,10,649,Current
2025-05-01,137,11,624,Current
2025-05-01,137,12,806,Current
2025-05-01,137,13,368,Current
2025-05-01,137,14,938,Current
2025-05-01,137,15,451,Current
2025-05-01,138,1,1159,Current
2025-05-01,138,2,429,Current
2025-05-01,138,3,751,Current
2025-05-01,138,4,665,Current
2025-05-01,138,5,386,Current
2025-05-01,138,6,458,Current
2025-05-01,138,7,377,Current
2025-05-01,138,8,481,Current
2025-05-01,138,9,843,Current
2025-05-01,138,10,718,Current
2025-05-01,138,11,676,Current
2025-05-01,138,12,605,Current
2025-05-01,138,13,305,Current
2025-05-01,138,14,417,Current
2025-05-01,138,15,379,Current
2025-05-01,140,1,840,Current
2025-05-01,140,2,523,Current
2025-05-01,140,3,624,Current
2025-05-01,140,4,716,Current
2025-05-01,140,5,347,Current
2025-05-01,140,6,582,Current
2025-05-01,140,7,457,Current
2025-05-01,140,8,496,Current
2025-05-01,140,9,915,Current
2025-05-01,140,10,632,Current
2025-05-01,140,11,807,Current
2025-05-01,140,12,655,Current
2025-05-01,140,13,365,Current
2025-05-01,140,14,599,Current
2025-05-01,140,15,387,Current
2025-06-01,101,1,1594,Current
2025-06-01,101,2,621,Current
2025-06-01,101,3,1099,Current
2025-06-01,101,4,1249,Current
2025-06-01,101,5,641,Current
2025-06-01,101,6,829,Current
2025-06-01,101,7,760,Current
2025-06-01,101,8,990,Current
2025-06-01,101,9,1370,Current
2025-06-01,101,10,1159,Current
2025-06-01,101,11,1195,Current
2025-06-01,101,12,785,Current
2025-06-01,101,13,416,Current
2025-06-01,101,14,803,Current
2025-06-01,101,15,764,Current
2025-06-01,102,1,1954,Current
2025-06-01,102,2,659,Current
2025-06-01,102,3,909,Current
2025-06-01,102,4,1072,Current
2025-06-01,102,5,639,Current
2025-06-01,102,6,867,Current
2025-06-01,102,7,618,Current
2025-06-01,102,8,683,Current
2025-06-01,102,9,1616,Current
2025-06-01,102,10,1119,Current
2025-06-01,102,11,1442,Current
2025-06-01,102,12,773,Current
2025-06-01,102,13,551,Current
2025-06-01,102,14,925,Current
2025-06-01,102,15,666,Current
2025-06-01,103,1,1815,Current
2025-06-01,103,2,609,Current
2025-06-01,103,3,1289,Current
2025-06-01,103,4,1873,Current
2025-06-01,103,5,522,Current
2025-06-01,103,6,671,Current
2025-06-01,103,7,555,Current
2025-06-01,103,8,875,Current
2025-06-01,103,9,1529,Current
2025-06-01,103,10,1223,Current
2025-06-01,103,11,1005,Current
2025-06-01,103,12,980,Current
2025-06-01,103,13,523,Current
2025-06-01,103,14,1026,Current
2025-06-01,103,15,708,Current
2025-06-01,104,1,1450,Current
2025-06-01,104,2,833,Current
2025-06-01,104,3,1162,Current
2025-06-01,104,4,1064,Current
2025-06-01,104,5,640,Current
2025-06-01,104,6,804,Current
2025-06-01,104,7,554,Current
2025-06-01,104,8,764,Current
2025-06-01,104,9,1705,Current
2025-06-01,104,10,893,Current
2025-06-01,104,11,1013,Current
2025-06-01,104,12,870,Current
2025-06-01,104,13,433,Current
2025-06-01,104,14,584,Current
2025-06-01,104,15,698,Current
2025-06-01,105,1,1372,Current
2025-06-01,105,2,602,Current
2025-06-01,105,3,909,Current
2025-06-01,105,4,967,Current
2025-06-01,105,5,502,Current
2025-06-01,105,6,621,Current
2025-06-01,105,7,534,Current
2025-06-01,105,8,691,Current
2025-06-01,105,9,1343,Current
2025-06-01,105,10,956,Current
2025-06-01,105,11,1170,Current
2025-06-01,105,12,845,Current
2025-06-01,105,13,416,Current
2025-06-01,105,14,774,Current
2025-06-01,105,15,529,Current
2025-06-01,106,1,2559,Current
2025-06-01,106,2,622,Current
2025-06-01,106,3,958,Current
2025-06-01,106,4,1140,Current
2025-06-01,106,5,638,Current
2025-06-01,106,6,646,Current
2025-06-01,106,7,566,Current
2025-06-01,106,8,616,Current
2025-06-01,106,9,1127,Current
2025-06-01,106,10,900,Current
2025-06-01,106,11,989,Current
2025-06-01,106,12,772,Current
2025-06-01,106,13,405,Current
2025-06-01,106,14,768,Current
2025-06-01,106,15,673,Current
2025-06-01,108,1,1364,Current
2025-06-01,108,2,526,Current
2025-06-01,108,3,1064,Current
2025-06-01,108,4,984,Current
2025-06-01,108,5,505,Current
2025-06-01,108,6,695,Current
2025-06-01,108,7,659,Current
2025-06-01,108,8,688,Current
2025-06-01,108,9,1302,Current
2025-06-01,108,10,986,Current
2025-06-01,108,11,1147,Current
2025-06-01,108,12,797,Current
2025-06-01,108,13,539,Current
2025-06-01,108,14,832,Current
2025-06-01,108,15,671,Current
2025-06-01,109,1,1580,Current
2025-06-01,109,2,526,Current
2025-06-01,109,3,775,Current
2025-06-01,109,4,827,Current
2025-06-01,109,5,369,Current
2025-06-01,109,6,453,Current
2025-06-01,109,7,340,Current
2025-06-01,109,8,474,Current
2025-06-01,109,9,1014,Current
2025-06-01,109,10,787,Current
2025-06-01,109,11,1122,Current
2025-06-01,109,12,606,Current
2025-06-01,109,13,304,Current
2025-06-01,109,14,1673,Current
2025-06-01,109,15,488,Current
2025-06-01,110,1,1126,Current
2025-06-01,110,2,451,Current
2025-06-01,110,3,573,Current
2025-06-01,110,4,814,Current
2025-06-01,110,5,377,Current
2025-06-01,110,6,413,Current
2025-06-01,110,7,559,Current
2025-06-01,110,8,474,Current
2025-06-01,110,9,1084,Current
2025-06-01,110,10,818,Current
2025-06-01,110,11,2113,Current
2025-06-01,110,12,865,Current
2025-06-01,110,13,296,Current
2025-06-01,110,14,881,Current
2025-06-01,110,15,866,Current
2025-06-01,111,1,959,Current
2025-06-01,111,2,444,Current
2025-06-01,111,3,712,Current
2025-06-01,111,4,1727,Current
2025-06-01,111,5,419,Current
2025-06-01,111,6,453,Current
2025-06-01,111,7,390,Current
2025-06-01,111,8,484,Current
2025-06-01,111,9,1056,Current
2025-06-01,111,10,687,Current
2025-06-01,111,11,785,Current
2025-06-01,111,12,661,Current
2025-06-01,111,13,548,Current
2025-06-01,111,14,629,Current
2025-06-01,111,15,421,Current
2025-06-01,112,1,995,Current
2025-06-01,112,2,536,Current
2025-06-01,112,3,1918,Current
2025-06-01,112,4,813,Current
2025-06-01,112,5,400,Current
2025-06-01,112,6,636,Current
2025-06-01,112,7,412,Current
2025-06-01,112,8,1146,Current
2025-06-01,112,9,1941,Current
2025-06-01,112,10,1153,Current
2025-06-01,112,11,747,Current
2025-06-01,112,12,770,Current
2025-06-01,112,13,321,Current
2025-06-01,112,14,509,Current
2025-06-01,112,15,477,Current
2025-06-01,113,1,1081,Current
2025-06-01,113,2,431,Current
2025-06-01,113,3,663,Current
2025-06-01,113,4,706,Current
2025-06-01,113,5,758,Current
2025-06-01,113,6,424,Current
2025-06-01,113,7,482,Current
2025-06-01,113,8,494,Current
2025-06-01,113,9,2087,Current
2025-06-01,113,10,762,Current
2025-06-01,113,11,693,Current
2025-06-01,113,12,574,Current
2025-06-01,113,13,378,Current
2025-06-01,113,14,1041,Current
2025-06-01,113,15,839,Current
2025-06-01,114,1,944,Current
2025-06-01,114,2,510,Current
2025-06-01,114,3,796,Current
2025-06-01,114,4,1549,Current
2025-06-01,114,5,891,Current
2025-06-01,114,6,464,Current
2025-06-01,114,7,454,Current
2025-06-01,114,8,509,Current
2025-06-01,114,9,866,Current
2025-06-01,114,10,762,Current
2025-06-01,114,11,686,Current
2025-06-01,114,12,1204,Current
2025-06-01,114,13,290,Current
2025-06-01,114,14,528,Current
2025-06-01,114,15,537,Current
2025-06-01,116,1,829,Current
2025-06-01,116,2,430,Current
2025-06-01,116,3,663,Current
2025-06-01,116,4,1107,Current
2025-06-01,116,5,390,Current
2025-06-01,116,6,380,Current
2025-06-01,116,7,389,Current
2025-06-01,116,8,474,Current
2025-06-01,116,9,763,Current
2025-06-01,116,10,1506,Current
2025-06-01,116,11,674,Current
2025-06-01,116,12,659,Current
2025-06-01,116,13,878,Current
2025-06-01,116,14,486,Current
2025-06-01,116,15,387,Current
2025-06-01,117,1,729,Current
2025-06-01,117,2,414,Current
2025-06-01,117,3,537,Current
2025-06-01,117,4,470,Current
2025-06-01,117,5,282,Current
2025-06-01,117,6,575,Current
2025-06-01,117,7,318,Current
2025-06-01,117,8,686,Current
2025-06-01,117,9,793,Current
2025-06-01,117,10,584,Current
2025-06-01,117,11,514,Current
2025-06-01,117,12,484,Current
2025-06-01,117,13,239,Current
2025-06-01,117,14,386,Current
2025-06-01,117,15,313,Current
2025-06-01,118,1,794,Current
2025-06-01,118,2,298,Current
2025-06-01,118,3,577,Current
2025-06-01,118,4,650,Current
2025-06-01,118,5,333,Current
2025-06-01,118,6,388,Current
2025-06-01,118,7,371,Current
2025-06-01,118,8,378,Current
2025-06-01,118,9,855,Current
2025-06-01,118,10,578,Current
2025-06-01,118,11,517,Current
2025-06-01,118,12,477,Current
2025-06-01,118,13,202,Current
2025-06-01,118,14,414,Current
2025-06-01,118,15,295,Current
2025-06-01,119,1,824,Current
2025-06-01,119,2,400,Current
2025-06-01,119,3,515,Current
2025-06-01,119,4,616,Current
2025-06-01,119,5,280,Current
2025-06-01,119,6,432,Current
2025-06-01,119,7,354,Current
2025-06-01,119,8,449,Current
2025-06-01,119,9,621,Current
2025-06-01,119,10,590,Current
2025-06-01,119,11,543,Current
2025-06-01,119,12,469,Current
2025-06-01,119,13,247,Current
2025-06-01,119,14,406,Current
2025-06-01,119,15,366,Current
2025-06-01,120,1,960,Current
2025-06-01,120,2,341,Current
2025-06-01,120,3,609,Current
2025-06-01,120,4,685,Current
2025-06-01,120,5,341,Current
2025-06-01,120,6,467,Current
2025-06-01,120,7,292,Current
2025-06-01,120,8,324,Current
2025-06-01,120,9,748,Current
2025-06-01,120,10,425,Current
2025-06-01,120,11,859,Current
2025-06-01,120,12,470,Current
2025-06-01,120,13,231,Current
2025-06-01,120,14,417,Current
2025-06-01,120,15,385,Current
2025-06-01,121,1,865,Current
2025-06-01,121,2,362,Current
2025-06-01,121,3,705,Current
2025-06-01,121,4,607,Current
2025-06-01,121,5,345,Current
2025-06-01,121,6,432,Current
2025-06-01,121,7,311,Current
2025-06-01,121,8,378,Current
2025-06-01,121,9,815,Current
2025-06-01,121,10,556,Current
2025-06-01,121,11,744,Current
2025-06-01,121,12,472,Current
2025-06-01,121,13,396,Current
2025-06-01,121,14,463,Current
2025-06-01,121,15,394,Current
2025-06-01,122,1,783,Current
2025-06-01,122,2,378,Current
2025-06-01,122,3,709,Current
2025-06-01,122,4,677,Current
2025-06-01,122,5,382,Current
2025-06-01,122,6,427,Current
2025-06-01,122,7,294,Current
2025-06-01,122,8,402,Current
2025-06-01,122,9,978,Current
2025-06-01,122,10,587,Current
2025-06-01,122,11,644,Current
2025-06-01,122,12,526,Current
2025-06-01,122,13,242,Current
2025-06-01,122,14,565,Current
2025-06-01,122,15,335,Current
2025-06-01,124,1,1105,Current
2025-06-01,124,2,316,Current
2025-06-01,124,3,612,Current
2025-06-01,124,4,563,Current
2025-06-01,124,5,302,Current
2025-06-01,124,6,329,Current
2025-06-01,124,7,373,Current
2025-06-01,124,8,378,Current
2025-06-01,124,9,609,Current
2025-06-01,124,10,558,Current
2025-06-01,124,11,559,Current
2025-06-01,124,12,439,Current
2025-06-01,124,13,305,Current
2025-06-01,124,14,366,Current
2025-06-01,124,15,349,Current
2025-06-01,125,1,546,Current
2025-06-01,125,2,246,Current
2025-06-01,125,3,350,Current
2025-06-01,125,4,343,Current
2025-06-01,125,5,231,Current
2025-06-01,125,6,254,Current
2025-06-01,125,7,259,Current
2025-06-01,125,8,231,Current
2025-06-01,125,9,479,Current
2025-06-01,125,10,330,Current
2025-06-01,125,11,328,Current
2025-06-01,125,12,368,Current
2025-06-01,125,13,142,Current
2025-06-01,125,14,289,Current
2025-06-01,125,15,229,Current
2025-06-01,126,1,548,Current
2025-06-01,126,2,212,Current
2025-06-01,126,3,359,Current
2025-06-01,126,4,451,Current
2025-06-01,126,5,229,Current
2025-06-01,126,6,229,Current
2025-06-01,126,7,208,Current
2025-06-01,126,8,288,Current
2025-06-01,126,9,508,Current
2025-06-01,126,10,432,Current
2025-06-01,126,11,349,Current
2025-06-01,126,12,308,Current
2025-06-01,126,13,152,Current
2025-06-01,126,14,296,Current
2025-06-01,126,15,270,Current
2025-06-01,127,1,645,Current
2025-06-01,127,2,248,Current
2025-06-01,127,3,451,Current
2025-06-01,127,4,457,Current
2025-06-01,127,5,266,Current
2025-06-01,127,6,320,Current
2025-06-01,127,7,227,Current
2025-06-01,127,8,275,Current
2025-06-01,127,9,580,Current
2025-06-01,127,10,494,Current
2025-06-01,127,11,347,Current
2025-06-01,127,12,325,Current
2025-06-01,127,13,165,Current
2025-06-01,127,14,304,Current
2025-06-01,127,15,218,Current
2025-06-01,128,1,930,Current
2025-06-01,128,2,265,Current
2025-06-01,128,3,687,Current
2025-06-01,128,4,499,Current
2025-06-01,128,5,239,Current
2025-06-01,128,6,308,Current
2025-06-01,128,7,552,Current
2025-06-01,128,8,275,Current
2025-06-01,128,9,530,Current
2025-06-01,128,10,464,Current
2025-06-01,128,11,369,Current
2025-06-01,128,12,313,Current
2025-06-01,128,13,272,Current
2025-06-01,128,14,296,Current
2025-06-01,128,15,286,Current
2025-06-01,129,1,569,Current
2025-06-01,129,2,300,Current
2025-06-01,129,3,360,Current
2025-06-01,129,4,717,Current
2025-06-01,129,5,266,Current
2025-06-01,129,6,281,Current
2025-06-01,129,7,251,Current
2025-06-01,129,8,262,Current
2025-06-01,129,9,562,Current
2025-06-01,129,10,388,Current
2025-06-01,129,11,449,Current
2025-06-01,129,12,334,Current
2025-06-01,129,13,243,Current
2025-06-01,129,14,282,Current
2025-06-01,129,15,244,Current
2025-06-01,130,1,817,Current
2025-06-01,130,2,311,Current
2025-06-01,130,3,359,Current
2025-06-01,130,4,420,Current
2025-06-01,130,5,207,Current
2025-06-01,130,6,316,Current
2025-06-01,130,7,270,Current
2025-06-01,130,8,401,Current
2025-06-01,130,9,436,Current
2025-06-01,130,10,448,Current
2025-06-01,130,11,446,Current
2025-06-01,130,12,390,Current
2025-06-01,130,13,183,Current
2025-06-01,130,14,576,Current
2025-06-01,130,15,257,Current
2025-06-01,132,1,672,Current
2025-06-01,132,2,268,Current
2025-06-01,132,3,451,Current
2025-06-01,132,4,410,Current
2025-06-01,132,5,278,Current
2025-06-01,132,6,345,Current
2025-06-01,132,7,227,Current
2025-06-01,132,8,310,Current
2025-06-01,132,9,614,Current
2025-06-01,132,10,457,Current
2025-06-01,132,11,560,Current
2025-06-01,132,12,419,Current
2025-06-01,132,13,188,Current
2025-06-01,132,14,315,Current
2025-06-01,132,15,369,Current
2025-06-01,133,1,2094,Current
2025-06-01,133,2,435,Current
2025-06-01,133,3,865,Current
2025-06-01,133,4,923,Current
2025-06-01,133,5,473,Current
2025-06-01,133,6,646,Current
2025-06-01,133,7,435,Current
2025-06-01,133,8,402,Current
2025-06-01,133,9,959,Current
2025-06-01,133,10,837,Current
2025-06-01,133,11,754,Current
2025-06-01,133,12,580,Current
2025-06-01,133,13,377,Current
2025-06-01,133,14,726,Current
2025-06-01,133,15,473,Current
2025-06-01,134,1,1346,Current
2025-06-01,134,2,519,Current
2025-06-01,134,3,831,Current
2025-06-01,134,4,796,Current
2025-06-01,134,5,521,Current
2025-06-01,134,6,513,Current
2025-06-01,134,7,422,Current
2025-06-01,134,8,594,Current
2025-06-01,134,9,900,Current
2025-06-01,134,10,980,Current
2025-06-01,134,11,769,Current
2025-06-01,134,12,646,Current
2025-06-01,134,13,319,Current
2025-06-01,134,14,713,Current
2025-06-01,134,15,476,Current
2025-06-01,135,1,1127,Current
2025-06-01,135,2,466,Current
2025-06-01,135,3,785,Current
2025-06-01,135,4,701,Current
2025-06-01,135,5,415,Current
2025-06-01,135,6,393,Current
2025-06-01,135,7,437,Current
2025-06-01,135,8,484,Current
2025-06-01,135,9,868,Current
2025-06-01,135,10,834,Current
2025-06-01,135,11,899,Current
2025-06-01,135,12,592,Current
2025-06-01,135,13,314,Current
2025-06-01,135,14,559,Current
2025-06-01,135,15,374,Current
2025-06-01,136,1,1161,Current
2025-06-01,136,2,455,Current
2025-06-01,136,3,720,Current
2025-06-01,136,4,844,Current
2025-06-01,136,5,431,Current
2025-06-01,136,6,527,Current
2025-06-01,136,7,352,Current
2025-06-01,136,8,557,Current
2025-06-01,136,9,1685,Current
2025-06-01,136,10,856,Current
2025-06-01,136,11,700,Current
2025-06-01,136,12,677,Current
2025-06-01,136,13,315,Current
2025-06-01,136,14,420,Current
2025-06-01,136,15,478,Current
2025-06-01,137,1,1467,Current
2025-06-01,137,2,583,Current
2025-06-01,137,3,863,Current
2025-06-01,137,4,796,Current
2025-06-01,137,5,456,Current
2025-06-01,137,6,449,Current
2025-06-01,137,7,426,Current
2025-06-01,137,8,537,Current
2025-06-01,137,9,962,Current
2025-06-01,137,10,933,Current
2025-06-01,137,11,1169,Current
2025-06-01,137,12,836,Current
2025-06-01,137,13,344,Current
2025-06-01,137,14,718,Current
2025-06-01,137,15,476,Current
2025-06-01,138,1,1370,Current
2025-06-01,138,2,562,Current
2025-06-01,138,3,773,Current
2025-06-01,138,4,935,Current
2025-06-01,138,5,461,Current
2025-06-01,138,6,634,Current
2025-06-01,138,7,423,Current
2025-06-01,138,8,472,Current
2025-06-01,138,9,976,Current
2025-06-01,138,10,575,Current
2025-06-01,138,11,739,Current
2025-06-01,138,12,677,Current
2025-06-01,138,13,352,Current
2025-06-01,138,14,572,Current
2025-06-01,138,15,479,Current
2025-06-01,140,1,1186,Current
2025-06-01,140,2,515,Current
2025-06-01,140,3,797,Current
2025-06-01,140,4,892,Current
2025-06-01,140,5,423,Current
2025-06-01,140,6,625,Current
2025-06-01,140,7,409,Current
2025-06-01,140,8,659,Current
2025-06-01,140,9,950,Current
2025-06-01,140,10,779,Current
2025-06-01,140,11,741,Current
2025-06-01,140,12,605,Current
2025-06-01,140,13,321,Current
2025-06-01,140,14,676,Current
2025-06-01,140,15,638,Current
2025-07-01,101,1,1206,Current
2025-07-01,101,2,608,Current
2025-07-01,101,3,909,Current
2025-07-01,101,4,1256,Current
2025-07-01,101,5,641,Current
2025-07-01,101,6,684,Current
2025-07-01,101,7,605,Current
2025-07-01,101,8,781,Current
2025-07-01,101,9,1540,Current
2025-07-01,101,10,956,Current
2025-07-01,101,11,961,Current
2025-07-01,101,12,1054,Current
2025-07-01,101,13,492,Current
2025-07-01,101,14,987,Current
2025-07-01,101,15,859,Current
2025-07-01,102,1,1868,Current
2025-07-01,102,2,734,Current
2025-07-01,102,3,1160,Current
2025-07-01,102,4,1054,Current
2025-07-01,102,5,522,Current
2025-07-01,102,6,754,Current
2025-07-01,102,7,535,Current
2025-07-01,102,8,775,Current
2025-07-01,102,9,1646,Current
2025-07-01,102,10,1298,Current
2025-07-01,102,11,1110,Current
2025-07-01,102,12,950,Current
2025-07-01,102,13,608,Current
2025-07-01,102,14,817,Current
2025-07-01,102,15,669,Current
2025-07-01,103,1,1430,Current
2025-07-01,103,2,648,Current
2025-07-01,103,3,1082,Current
2025-07-01,103,4,1708,Current
2025-07-01,103,5,539,Current
2025-07-01,103,6,597,Current
2025-07-01,103,7,497,Current
2025-07-01,103,8,582,Current
2025-07-01,103,9,1446,Current
2025-07-01,103,10,937,Current
2025-07-01,103,11,1160,Current
2025-07-01,103,12,1245,Current
2025-07-01,103,13,752,Current
2025-07-01,103,14,797,Current
2025-07-01,103,15,666,Current
2025-07-01,104,1,1444,Current
2025-07-01,104,2,656,Current
2025-07-01,104,3,1099,Current
2025-07-01,104,4,1185,Current
2025-07-01,104,5,629,Current
2025-07-01,104,6,787,Current
2025-07-01,104,7,557,Current
2025-07-01,104,8,755,Current
2025-07-01,104,9,1195,Current
2025-07-01,104,10,1004,Current
2025-07-01,104,11,1004,Current
2025-07-01,104,12,918,Current
2025-07-01,104,13,416,Current
2025-07-01,104,14,1100,Current
2025-07-01,104,15,622,Current
2025-07-01,105,1,1272,Current
2025-07-01,105,2,869,Current
2025-07-01,105,3,957,Current
2025-07-01,105,4,967,Current
2025-07-01,105,5,820,Current
2025-07-01,105,6,557,Current
2025-07-01,105,7,535,Current
2025-07-01,105,8,507,Current
2025-07-01,105,9,1130,Current
2025-07-01,105,10,927,Current
2025-07-01,105,11,1020,Current
2025-07-01,105,12,900,Current
2025-07-01,105,13,530,Current
2025-07-01,105,14,722,Current
2025-07-01,105,15,588,Current
2025-07-01,106,1,1346,Current
2025-07-01,106,2,608,Current
2025-07-01,106,3,951,Current
2025-07-01,106,4,889,Current
2025-07-01,106,5,476,Current
2025-07-01,106,6,493,Current
2025-07-01,106,7,583,Current
2025-07-01,106,8,612,Current
2025-07-01,106,9,1258,Current
2025-07-01,106,10,978,Current
2025-07-01,106,11,962,Current
2025-07-01,106,12,827,Current
2025-07-01,106,13,443,Current
2025-07-01,106,14,698,Current
2025-07-01,106,15,598,Current
2025-07-01,107,1,1401,Current
2025-07-01,107,2,734,Current
2025-07-01,107,3,1077,Current
2025-07-01,107,4,1322,Current
2025-07-01,107,5,660,Current
2025-07-01,107,6,625,Current
2025-07-01,107,7,535,Current
2025-07-01,107,8,683,Current
2025-07-01,107,9,1301,Current
2025-07-01,107,10,912,Current
2025-07-01,107,11,1106,Current
2025-07-01,107,12,919,Current
2025-07-01,107,13,416,Current
2025-07-01,107,14,866,Current
2025-07-01,107,15,577,Current
2025-07-01,108,1,1368,Current
2025-07-01,108,2,732,Current
2025-07-01,108,3,963,Current
2025-07-01,108,4,1185,Current
2025-07-01,108,5,635,Current
2025-07-01,108,6,752,Current
2025-07-01,108,7,570,Current
2025-07-01,108,8,578,Current
2025-07-01,108,9,1218,Current
2025-07-01,108,10,1280,Current
2025-07-01,108,11,961,Current
2025-07-01,108,12,863,Current
2025-07-01,108,13,443,Current
2025-07-01,108,14,796,Current
2025-07-01,108,15,624,Current
2025-07-01,109,1,992,Current
2025-07-01,109,2,421,Current
2025-07-01,109,3,1049,Current
2025-07-01,109,4,1639,Current
2025-07-01,109,5,462,Current
2025-07-01,109,6,464,Current
2025-07-01,109,7,446,Current
2025-07-01,109,8,1047,Current
2025-07-01,109,9,909,Current
2025-07-01,109,10,759,Current
2025-07-01,109,11,694,Current
2025-07-01,109,12,561,Current
2025-07-01,109,13,322,Current
2025-07-01,109,14,509,Current
2025-07-01,109,15,988,Current
2025-07-01,110,1,1057,Current
2025-07-01,110,2,515,Current
2025-07-01,110,3,719,Current
2025-07-01,110,4,898,Current
2025-07-01,110,5,354,Current
2025-07-01,110,6,444,Current
2025-07-01,110,7,474,Current
2025-07-01,110,8,488,Current
2025-07-01,110,9,753,Current
2025-07-01,110,10,691,Current
2025-07-01,110,11,1307,Current
2025-07-01,110,12,1012,Current
2025-07-01,110,13,318,Current
2025-07-01,110,14,509,Current
2025-07-01,110,15,777,Current
2025-07-01,111,1,1071,Current
2025-07-01,111,2,827,Current
2025-07-01,111,3,808,Current
2025-07-01,111,4,2058,Current
2025-07-01,111,5,478,Current
2025-07-01,111,6,550,Current
2025-07-01,111,7,341,Current
2025-07-01,111,8,597,Current
2025-07-01,111,9,1162,Current
2025-07-01,111,10,698,Current
2025-07-01,111,11,1918,Current
2025-07-01,111,12,846,Current
2025-07-01,111,13,399,Current
2025-07-01,111,14,1048,Current
2025-07-01,111,15,435,Current
2025-07-01,112,1,1516,Current
2025-07-01,112,2,483,Current
2025-07-01,112,3,663,Current
2025-07-01,112,4,806,Current
2025-07-01,112,5,484,Current
2025-07-01,112,6,816,Current
2025-07-01,112,7,392,Current
2025-07-01,112,8,518,Current
2025-07-01,112,9,871,Current
2025-07-01,112,10,890,Current
2025-07-01,112,11,785,Current
2025-07-01,112,12,712,Current
2025-07-01,112,13,301,Current
2025-07-01,112,14,590,Current
2025-07-01,112,15,569,Current
2025-07-01,113,1,1082,Current
2025-07-01,113,2,438,Current
2025-07-01,113,3,1658,Current
2025-07-01,113,4,706,Current
2025-07-01,113,5,601,Current
2025-07-01,113,6,457,Current
2025-07-01,113,7,390,Current
2025-07-01,113,8,509,Current
2025-07-01,113,9,1432,Current
2025-07-01,113,10,959,Current
2025-07-01,113,11,692,Current
2025-07-01,113,12,1577,Current
2025-07-01,113,13,287,Current
2025-07-01,113,14,582,Current
2025-07-01,113,15,379,Current
2025-07-01,114,1,823,Current
2025-07-01,114,2,350,Current
2025-07-01,114,3,624,Current
2025-07-01,114,4,691,Current
2025-07-01,114,5,433,Current
2025-07-01,114,6,486,Current
2025-07-01,114,7,414,Current
2025-07-01,114,8,526,Current
2025-07-01,114,9,762,Current
2025-07-01,114,10,1001,Current
2025-07-01,114,11,761,Current
2025-07-01,114,12,667,Current
2025-07-01,114,13,294,Current
2025-07-01,114,14,537,Current
2025-07-01,114,15,1037,Current
2025-07-01,115,1,1023,Current
2025-07-01,115,2,381,Current
2025-07-01,115,3,646,Current
2025-07-01,115,4,750,Current
2025-07-01,115,5,354,Current
2025-07-01,115,6,453,Current
2025-07-01,115,7,388,Current
2025-07-01,115,8,967,Current
2025-07-01,115,9,1869,Current
2025-07-01,115,10,1418,Current
2025-07-01,115,11,701,Current
2025-07-01,115,12,549,Current
2025-07-01,115,13,302,Current
2025-07-01,115,14,463,Current
2025-07-01,115,15,346,Current
2025-07-01,116,1,891,Current
2025-07-01,116,2,536,Current
2025-07-01,116,3,707,Current
2025-07-01,116,4,706,Current
2025-07-01,116,5,414,Current
2025-07-01,116,6,519,Current
2025-07-01,116,7,325,Current
2025-07-01,116,8,393,Current
2025-07-01,116,9,1631,Current
2025-07-01,116,10,650,Current
2025-07-01,116,11,711,Current
2025-07-01,116,12,599,Current
2025-07-01,116,13,288,Current
2025-07-01,116,14,489,Current
2025-07-01,116,15,433,Current
2025-07-01,117,1,696,Current
2025-07-01,117,2,375,Current
2025-07-01,117,3,497,Current
2025-07-01,117,4,510,Current
2025-07-01,117,5,300,Current
2025-07-01,117,6,402,Current
2025-07-01,117,7,308,Current
2025-07-01,117,8,607,Current
2025-07-01,117,9,677,Current
2025-07-01,117,10,518,Current
2025-07-01,117,11,660,Current
2025-07-01,117,12,738,Current
2025-07-01,117,13,227,Current
2025-07-01,117,14,406,Current
2025-07-01,117,15,311,Current
2025-07-01,118,1,893,Current
2025-07-01,118,2,366,Current
2025-07-01,118,3,641,Current
2025-07-01,118,4,575,Current
2025-07-01,118,5,338,Current
2025-07-01,118,6,449,Current
2025-07-01,118,7,303,Current
2025-07-01,118,8,406,Current
2025-07-01,118,9,668,Current
2025-07-01,118,10,513,Current
2025-07-01,118,11,625,Current
2025-07-01,118,12,510,Current
2025-07-01,118,13,309,Current
2025-07-01,118,14,439,Current
2025-07-01,118,15,327,Current
2025-07-01,119,1,906,Current
2025-07-01,119,2,344,Current
2025-07-01,119,3,507,Current
2025-07-01,119,4,551,Current
2025-07-01,119,5,334,Current
2025-07-01,119,6,388,Current
2025-07-01,119,7,295,Current
2025-07-01,119,8,416,Current
2025-07-01,119,9,677,Current
2025-07-01,119,10,623,Current
2025-07-01,119,11,489,Current
2025-07-01,119,12,394,Current
2025-07-01,119,13,217,Current
2025-07-01,119,14,361,Current
2025-07-01,119,15,339,Current
2025-07-01,120,1,793,Current
2025-07-01,120,2,281,Current
2025-07-01,120,3,435,Current
2025-07-01,120,4,672,Current
2025-07-01,120,5,296,Current
2025-07-01,120,6,401,Current
2025-07-01,120,7,371,Current
2025-07-01,120,8,352,Current
2025-07-01,120,9,1080,Current
2025-07-01,120,10,665,Current
2025-07-01,120,11,526,Current
2025-07-01,120,12,472,Current
2025-07-01,120,13,246,Current
2025-07-01,120,14,395,Current
2025-07-01,120,15,327,Current
2025-07-01,121,1,1154,Current
2025-07-01,121,2,435,Current
2025-07-01,121,3,626,Current
2025-07-01,121,4,631,Current
2025-07-01,121,5,429,Current
2025-07-01,121,6,470,Current
2025-07-01,121,7,361,Current
2025-07-01,121,8,368,Current
2025-07-01,121,9,848,Current
2025-07-01,121,10,652,Current
2025-07-01,121,11,686,Current
2025-07-01,121,12,500,Current
2025-07-01,121,13,243,Current
2025-07-01,121,14,407,Current
2025-07-01,121,15,404,Current
2025-07-01,122,1,1039,Current
2025-07-01,122,2,341,Current
2025-07-01,122,3,649,Current
2025-07-01,122,4,548,Current
2025-07-01,122,5,367,Current
2025-07-01,122,6,352,Current
2025-07-01,122,7,303,Current
2025-07-01,122,8,432,Current
2025-07-01,122,9,677,Current
2025-07-01,122,10,590,Current
2025-07-01,122,11,730,Current
2025-07-01,122,12,527,Current
2025-07-01,122,13,239,Current
2025-07-01,122,14,440,Current
2025-07-01,122,15,428,Current
2025-07-01,123,1,847,Current
2025-07-01,123,2,381,Current
2025-07-01,123,3,545,Current
2025-07-01,123,4,571,Current
2025-07-01,123,5,325,Current
2025-07-01,123,6,384,Current
2025-07-01,123,7,306,Current
2025-07-01,123,8,395,Current
2025-07-01,123,9,692,Current
2025-07-01,123,10,606,Current
2025-07-01,123,11,469,Current
2025-07-01,123,12,443,Current
2025-07-01,123,13,238,Current
2025-07-01,123,14,452,Current
2025-07-01,123,15,364,Current
2025-07-01,124,1,674,Current
2025-07-01,124,2,288,Current
2025-07-01,124,3,532,Current
2025-07-01,124,4,587,Current
2025-07-01,124,5,299,Current
2025-07-01,124,6,352,Current
2025-07-01,124,7,367,Current
2025-07-01,124,8,397,Current
2025-07-01,124,9,677,Current
2025-07-01,124,10,526,Current
2025-07-01,124,11,588,Current
2025-07-01,124,12,464,Current
2025-07-01,124,13,284,Current
2025-07-01,124,14,395,Current
2025-07-01,124,15,345,Current
2025-07-01,125,1,507,Current
2025-07-01,125,2,196,Current
2025-07-01,125,3,442,Current
2025-07-01,125,4,320,Current
2025-07-01,125,5,237,Current
2025-07-01,125,6,239,Current
2025-07-01,125,7,275,Current
2025-07-01,125,8,271,Current
2025-07-01,125,9,579,Current
2025-07-01,125,10,407,Current
2025-07-01,125,11,367,Current
2025-07-01,125,12,307,Current
2025-07-01,125,13,139,Current
2025-07-01,125,14,329,Current
2025-07-01,125,15,216,Current
2025-07-01,126,1,526,Current
2025-07-01,126,2,254,Current
2025-07-01,126,3,283,Current
2025-07-01,126,4,410,Current
2025-07-01,126,5,231,Current
2025-07-01,126,6,251,Current
2025-07-01,126,7,227,Current
2025-07-01,126,8,241,Current
2025-07-01,126,9,406,Current
2025-07-01,126,10,390,Current
2025-07-01,126,11,448,Current
2025-07-01,126,12,379,Current
2025-07-01,126,13,151,Current
2025-07-01,126,14,258,Current
2025-07-01,126,15,245,Current
2025-07-01,127,1,653,Current
2025-07-01,127,2,265,Current
2025-07-01,127,3,505,Current
2025-07-01,127,4,440,Current
2025-07-01,127,5,218,Current
2025-07-01,127,6,263,Current
2025-07-01,127,7,252,Current
2025-07-01,127,8,258,Current
2025-07-01,127,9,470,Current
2025-07-01,127,10,403,Current
2025-07-01,127,11,398,Current
2025-07-01,127,12,332,Current
2025-07-01,127,13,175,Current
2025-07-01,127,14,299,Current
2025-07-01,127,15,244,Current
2025-07-01,128,1,956,Current
2025-07-01,128,2,247,Current
2025-07-01,128,3,521,Current
2025-07-01,128,4,468,Current
2025-07-01,128,5,252,Current
2025-07-01,128,6,308,Current
2025-07-01,128,7,217,Current
2025-07-01,128,8,281,Current
2025-07-01,128,9,574,Current
2025-07-01,128,10,391,Current
2025-07-01,128,11,432,Current
2025-07-01,128,12,400,Current
2025-07-01,128,13,193,Current
2025-07-01,128,14,357,Current
2025-07-01,128,15,222,Current
2025-07-01,129,1,748,Current
2025-07-01,129,2,296,Current
2025-07-01,129,3,435,Current
2025-07-01,129,4,459,Current
2025-07-01,129,5,325,Current
2025-07-01,129,6,342,Current
2025-07-01,129,7,232,Current
2025-07-01,129,8,280,Current
2025-07-01,129,9,529,Current
2025-07-01,129,10,405,Current
2025-07-01,129,11,399,Current
2025-07-01,129,12,396,Current
2025-07-01,129,13,167,Current
2025-07-01,129,14,298,Current
2025-07-01,129,15,279,Current
2025-07-01,130,1,690,Current
2025-07-01,130,2,303,Current
2025-07-01,130,3,587,Current
2025-07-01,130,4,447,Current
2025-07-01,130,5,243,Current
2025-07-01,130,6,244,Current
2025-07-01,130,7,225,Current
2025-07-01,130,8,331,Current
2025-07-01,130,9,454,Current
2025-07-01,130,10,493,Current
2025-07-01,130,11,492,Current
2025-07-01,130,12,366,Current
2025-07-01,130,13,173,Current
2025-07-01,130,14,363,Current
2025-07-01,130,15,273,Current
2025-07-01,131,1,744,Current
2025-07-01,131,2,287,Current
2025-07-01,131,3,366,Current
2025-07-01,131,4,511,Current
2025-07-01,131,5,209,Current
2025-07-01,131,6,263,Current
2025-07-01,131,7,321,Current
2025-07-01,131,8,320,Current
2025-07-01,131,9,526,Current
2025-07-01,131,10,465,Current
2025-07-01,131,11,473,Current
2025-07-01,131,12,395,Current
2025-07-01,131,13,198,Current
2025-07-01,131,14,349,Current
2025-07-01,131,15,321,Current
2025-07-01,132,1,568,Current
2025-07-01,132,2,296,Current
2025-07-01,132,3,588,Current
2025-07-01,132,4,469,Current
2025-07-01,132,5,277,Current
2025-07-01,132,6,350,Current
2025-07-01,132,7,264,Current
2025-07-01,132,8,304,Current
2025-07-01,132,9,659,Current
2025-07-01,132,10,664,Current
2025-07-01,132,11,495,Current
2025-07-01,132,12,428,Current
2025-07-01,132,13,294,Current
2025-07-01,132,14,401,Current
2025-07-01,132,15,312,Current
2025-07-01,133,1,1276,Current
2025-07-01,133,2,755,Current
2025-07-01,133,3,1107,Current
2025-07-01,133,4,814,Current
2025-07-01,133,5,530,Current
2025-07-01,133,6,621,Current
2025-07-01,133,7,576,Current
2025-07-01,133,8,715,Current
2025-07-01,133,9,1288,Current
2025-07-01,133,10,980,Current
2025-07-01,133,11,911,Current
2025-07-01,133,12,968,Current
2025-07-01,133,13,355,Current
2025-07-01,133,14,656,Current
2025-07-01,133,15,561,Current
2025-07-01,134,1,1199,Current
2025-07-01,134,2,674,Current
2025-07-01,134,3,921,Current
2025-07-01,134,4,1031,Current
2025-07-01,134,5,489,Current
2025-07-01,134,6,550,Current
2025-07-01,134,7,564,Current
2025-07-01,134,8,651,Current
2025-07-01,134,9,1122,Current
2025-07-01,134,10,842,Current
2025-07-01,134,11,951,Current
2025-07-01,134,12,887,Current
2025-07-01,134,13,384,Current
2025-07-01,134,14,666,Current
2025-07-01,134,15,529,Current
2025-07-01,135,1,1201,Current
2025-07-01,135,2,613,Current
2025-07-01,135,3,844,Current
2025-07-01,135,4,798,Current
2025-07-01,135,5,501,Current
2025-07-01,135,6,589,Current
2025-07-01,135,7,439,Current
2025-07-01,135,8,465,Current
2025-07-01,135,9,1152,Current
2025-07-01,135,10,907,Current
2025-07-01,135,11,809,Current
2025-07-01,135,12,853,Current
2025-07-01,135,13,442,Current
2025-07-01,135,14,596,Current
2025-07-01,135,15,594,Current
2025-07-01,136,1,1366,Current
2025-07-01,136,2,589,Current
2025-07-01,136,3,961,Current
2025-07-01,136,4,796,Current
2025-07-01,136,5,519,Current
2025-07-01,136,6,512,Current
2025-07-01,136,7,465,Current
2025-07-01,136,8,499,Current
2025-07-01,136,9,1007,Current
2025-07-01,136,10,863,Current
2025-07-01,136,11,801,Current
2025-07-01,136,12,721,Current
2025-07-01,136,13,364,Current
2025-07-01,136,14,540,Current
2025-07-01,136,15,447,Current
2025-07-01,137,1,1294,Current
2025-07-01,137,2,809,Current
2025-07-01,137,3,862,Current
2025-07-01,137,4,890,Current
2025-07-01,137,5,474,Current
2025-07-01,137,6,716,Current
2025-07-01,137,7,543,Current
2025-07-01,137,8,737,Current
2025-07-01,137,9,1332,Current
2025-07-01,137,10,886,Current
2025-07-01,137,11,898,Current
2025-07-01,137,12,777,Current
2025-07-01,137,13,395,Current
2025-07-01,137,14,713,Current
2025-07-01,137,15,543,Current
2025-07-01,138,1,1349,Current
2025-07-01,138,2,552,Current
2025-07-01,138,3,838,Current
2025-07-01,138,4,986,Current
2025-07-01,138,5,658,Current
2025-07-01,138,6,589,Current
2025-07-01,138,7,842,Current
2025-07-01,138,8,596,Current
2025-07-01,138,9,931,Current
2025-07-01,138,10,940,Current
2025-07-01,138,11,1079,Current
2025-07-01,138,12,663,Current
2025-07-01,138,13,403,Current
2025-07-01,138,14,1171,Current
2025-07-01,138,15,576,Current
2025-07-01,139,1,1294,Current
2025-07-01,139,2,582,Current
2025-07-01,139,3,928,Current
2025-07-01,139,4,993,Current
2025-07-01,139,5,585,Current
2025-07-01,139,6,628,Current
2025-07-01,139,7,674,Current
2025-07-01,139,8,638,Current
2025-07-01,139,9,929,Current
2025-07-01,139,10,984,Current
2025-07-01,139,11,1181,Current
2025-07-01,139,12,829,Current
2025-07-01,139,13,469,Current
2025-07-01,139,14,576,Current
2025-07-01,139,15,543,Current
2025-07-01,140,1,1287,Current
2025-07-01,140,2,524,Current
2025-07-01,140,3,925,Current
2025-07-01,140,4,796,Current
2025-07-01,140,5,517,Current
2025-07-01,140,6,621,Current
2025-07-01,140,7,535,Current
2025-07-01,140,8,770,Current
2025-07-01,140,9,1396,Current
2025-07-01,140,10,940,Current
2025-07-01,140,11,1018,Current
2025-07-01,140,12,777,Current
2025-07-01,140,13,427,Current
2025-07-01,140,14,767,Current
2025-07-01,140,15,552,Current
2025-08-01,101,1,2050,Current
2025-08-01,101,2,734,Current
2025-08-01,101,3,1170,Current
2025-08-01,101,4,967,Current
2025-08-01,101,5,620,Current
2025-08-01,101,6,878,Current
2025-08-01,101,7,570,Current
2025-08-01,101,8,837,Current
2025-08-01,101,9,1235,Current
2025-08-01,101,10,1388,Current
2025-08-01,101,11,1307,Current
2025-08-01,101,12,991,Current
2025-08-01,101,13,544,Current
2025-08-01,101,14,934,Current
2025-08-01,101,15,845,Current
2025-08-01,102,1,1651,Current
2025-08-01,102,2,674,Current
2025-08-01,102,3,909,Current
2025-08-01,102,4,967,Current
2025-08-01,102,5,669,Current
2025-08-01,102,6,820,Current
2025-08-01,102,7,687,Current
2025-08-01,102,8,845,Current
2025-08-01,102,9,1516,Current
2025-08-01,102,10,1197,Current
2025-08-01,102,11,1484,Current
2025-08-01,102,12,1317,Current
2025-08-01,102,13,416,Current
2025-08-01,102,14,870,Current
2025-08-01,102,15,577,Current
2025-08-01,103,1,1364,Current
2025-08-01,103,2,710,Current
2025-08-01,103,3,909,Current
2025-08-01,103,4,1245,Current
2025-08-01,103,5,565,Current
2025-08-01,103,6,623,Current
2025-08-01,103,7,636,Current
2025-08-01,103,8,788,Current
2025-08-01,103,9,1469,Current
2025-08-01,103,10,1206,Current
2025-08-01,103,11,1124,Current
2025-08-01,103,12,952,Current
2025-08-01,103,13,416,Current
2025-08-01,103,14,900,Current
2025-08-01,103,15,694,Current
2025-08-01,104,1,1578,Current
2025-08-01,104,2,629,Current
2025-08-01,104,3,1103,Current
2025-08-01,104,4,1273,Current
2025-08-01,104,5,529,Current
2025-08-01,104,6,759,Current
2025-08-01,104,7,710,Current
2025-08-01,104,8,838,Current
2025-08-01,104,9,1372,Current
2025-08-01,104,10,1143,Current
2025-08-01,104,11,1095,Current
2025-08-01,104,12,844,Current
2025-08-01,104,13,475,Current
2025-08-01,104,14,724,Current
2025-08-01,104,15,591,Current
2025-08-01,105,1,1367,Current
2025-08-01,105,2,734,Current
2025-08-01,105,3,1365,Current
2025-08-01,105,4,986,Current
2025-08-01,105,5,498,Current
2025-08-01,105,6,571,Current
2025-08-01,105,7,517,Current
2025-08-01,105,8,703,Current
2025-08-01,105,9,1195,Current
2025-08-01,105,10,904,Current
2025-08-01,105,11,1116,Current
2025-08-01,105,12,953,Current
2025-08-01,105,13,394,Current
2025-08-01,105,14,649,Current
2025-08-01,105,15,609,Current
2025-08-01,106,1,1577,Current
2025-08-01,106,2,520,Current
2025-08-01,106,3,907,Current
2025-08-01,106,4,961,Current
2025-08-01,106,5,459,Current
2025-08-01,106,6,621,Current
2025-08-01,106,7,515,Current
2025-08-01,106,8,561,Current
2025-08-01,106,9,1304,Current
2025-08-01,106,10,1056,Current
2025-08-01,106,11,1109,Current
2025-08-01,106,12,963,Current
2025-08-01,106,13,469,Current
2025-08-01,106,14,782,Current
2025-08-01,106,15,588,Current
2025-08-01,107,1,1532,Current
2025-08-01,107,2,724,Current
2025-08-01,107,3,945,Current
2025-08-01,107,4,1065,Current
2025-08-01,107,5,509,Current
2025-08-01,107,6,621,Current
2025-08-01,107,7,578,Current
2025-08-01,107,8,615,Current
2025-08-01,107,9,1340,Current
2025-08-01,107,10,980,Current
2025-08-01,107,11,961,Current
2025-08-01,107,12,867,Current
2025-08-01,107,13,530,Current
2025-08-01,107,14,953,Current
2025-08-01,107,15,577,Current
2025-08-01,108,1,1889,Current
2025-08-01,108,2,553,Current
2025-08-01,108,3,965,Current
2025-08-01,108,4,1145,Current
2025-08-01,108,5,469,Current
2025-08-01,108,6,753,Current
2025-08-01,108,7,535,Current
2025-08-01,108,8,676,Current
2025-08-01,108,9,1375,Current
2025-08-01,108,10,1122,Current
2025-08-01,108,11,944,Current
2025-08-01,108,12,820,Current
2025-08-01,108,13,498,Current
2025-08-01,108,14,840,Current
2025-08-01,108,15,649,Current
2025-08-01,109,1,1132,Current
2025-08-01,109,2,417,Current
2025-08-01,109,3,1607,Current
2025-08-01,109,4,790,Current
2025-08-01,109,5,447,Current
2025-08-01,109,6,530,Current
2025-08-01,109,7,372,Current
2025-08-01,109,8,441,Current
2025-08-01,109,9,841,Current
2025-08-01,109,10,1300,Current
2025-08-01,109,11,860,Current
2025-08-01,109,12,1467,Current
2025-08-01,109,13,309,Current
2025-08-01,109,14,630,Current
2025-08-01,109,15,469,Current
2025-08-01,110,1,1065,Current
2025-08-01,110,2,536,Current
2025-08-01,110,3,812,Current
2025-08-01,110,4,1266,Current
2025-08-01,110,5,759,Current
2025-08-01,110,6,728,Current
2025-08-01,110,7,376,Current
2025-08-01,110,8,474,Current
2025-08-01,110,9,937,Current
2025-08-01,110,10,720,Current
2025-08-01,110,11,701,Current
2025-08-01,110,12,1150,Current
2025-08-01,110,13,296,Current
2025-08-01,110,14,494,Current
2025-08-01,110,15,357,Current
2025-08-01,111,1,1072,Current
2025-08-01,111,2,558,Current
2025-08-01,111,3,754,Current
2025-08-01,111,4,1899,Current
2025-08-01,111,5,456,Current
2025-08-01,111,6,543,Current
2025-08-01,111,7,479,Current
2025-08-01,111,8,559,Current
2025-08-01,111,9,926,Current
2025-08-01,111,10,1534,Current
2025-08-01,111,11,771,Current
2025-08-01,111,12,549,Current
2025-08-01,111,13,376,Current
2025-08-01,111,14,562,Current
2025-08-01,111,15,536,Current
2025-08-01,112,1,1206,Current
2025-08-01,112,2,536,Current
2025-08-01,112,3,805,Current
2025-08-01,112,4,953,Current
2025-08-01,112,5,407,Current
2025-08-01,112,6,534,Current
2025-08-01,112,7,535,Current
2025-08-01,112,8,1277,Current
2025-08-01,112,9,871,Current
2025-08-01,112,10,1255,Current
2025-08-01,112,11,912,Current
2025-08-01,112,12,734,Current
2025-08-01,112,13,751,Current
2025-08-01,112,14,566,Current
2025-08-01,112,15,476,Current
2025-08-01,113,1,935,Current
2025-08-01,113,2,536,Current
2025-08-01,113,3,860,Current
2025-08-01,113,4,570,Current
2025-08-01,113,5,444,Current
2025-08-01,113,6,507,Current
2025-08-01,113,7,425,Current
2025-08-01,113,8,930,Current
2025-08-01,113,9,943,Current
2025-08-01,113,10,754,Current
2025-08-01,113,11,1948,Current
2025-08-01,113,12,963,Current
2025-08-01,113,13,340,Current
2025-08-01,113,14,1311,Current
2025-08-01,113,15,408,Current
2025-08-01,114,1,1076,Current
2025-08-01,114,2,973,Current
2025-08-01,114,3,578,Current
2025-08-01,114,4,575,Current
2025-08-01,114,5,461,Current
2025-08-01,114,6,1355,Current
2025-08-01,114,7,390,Current
2025-08-01,114,8,832,Current
2025-08-01,114,9,2008,Current
2025-08-01,114,10,726,Current
2025-08-01,114,11,1127,Current
2025-08-01,114,12,737,Current
2025-08-01,114,13,337,Current
2025-08-01,114,14,1561,Current
2025-08-01,114,15,397,Current
2025-08-01,115,1,1551,Current
2025-08-01,115,2,428,Current
2025-08-01,115,3,647,Current
2025-08-01,115,4,576,Current
2025-08-01,115,5,276,Current
2025-08-01,115,6,420,Current
2025-08-01,115,7,370,Current
2025-08-01,115,8,528,Current
2025-08-01,115,9,861,Current
2025-08-01,115,10,663,Current
2025-08-01,115,11,650,Current
2025-08-01,115,12,1350,Current
2025-08-01,115,13,309,Current
2025-08-01,115,14,860,Current
2025-08-01,115,15,703,Current
2025-08-01,116,1,2058,Current
2025-08-01,116,2,382,Current
2025-08-01,116,3,629,Current
2025-08-01,116,4,1432,Current
2025-08-01,116,5,307,Current
2025-08-01,116,6,494,Current
2025-08-01,116,7,440,Current
2025-08-01,116,8,392,Current
2025-08-01,116,9,944,Current
2025-08-01,116,10,1014,Current
2025-08-01,116,11,565,Current
2025-08-01,116,12,598,Current
2025-08-01,116,13,303,Current
2025-08-01,116,14,533,Current
2025-08-01,116,15,339,Current
2025-08-01,117,1,742,Current
2025-08-01,117,2,275,Current
2025-08-01,117,3,670,Current
2025-08-01,117,4,773,Current
2025-08-01,117,5,309,Current
2025-08-01,117,6,347,Current
2025-08-01,117,7,336,Current
2025-08-01,117,8,351,Current
2025-08-01,117,9,604,Current
2025-08-01,117,10,530,Current
2025-08-01,117,11,531,Current
2025-08-01,117,12,447,Current
2025-08-01,117,13,226,Current
2025-08-01,117,14,399,Current
2025-08-01,117,15,302,Current
2025-08-01,118,1,708,Current
2025-08-01,118,2,328,Current
2025-08-01,118,3,536,Current
2025-08-01,118,4,497,Current
2025-08-01,118,5,288,Current
2025-08-01,118,6,303,Current
2025-08-01,118,7,429,Current
2025-08-01,118,8,342,Current
2025-08-01,118,9,578,Current
2025-08-01,118,10,557,Current
2025-08-01,118,11,478,Current
2025-08-01,118,12,415,Current
2025-08-01,118,13,216,Current
2025-08-01,118,14,278,Current
2025-08-01,118,15,266,Current
2025-08-01,119,1,683,Current
2025-08-01,119,2,645,Current
2025-08-01,119,3,496,Current
2025-08-01,119,4,609,Current
2025-08-01,119,5,250,Current
2025-08-01,119,6,352,Current
2025-08-01,119,7,271,Current
2025-08-01,119,8,339,Current
2025-08-01,119,9,620,Current
2025-08-01,119,10,874,Current
2025-08-01,119,11,546,Current
2025-08-01,119,12,431,Current
2025-08-01,119,13,247,Current
2025-08-01,119,14,389,Current
2025-08-01,119,15,297,Current
2025-08-01,120,1,689,Current
2025-08-01,120,2,276,Current
2025-08-01,120,3,476,Current
2025-08-01,120,4,423,Current
2025-08-01,120,5,238,Current
2025-08-01,120,6,366,Current
2025-08-01,120,7,297,Current
2025-08-01,120,8,306,Current
2025-08-01,120,9,664,Current
2025-08-01,120,10,484,Current
2025-08-01,120,11,480,Current
2025-08-01,120,12,448,Current
2025-08-01,120,13,233,Current
2025-08-01,120,14,340,Current
2025-08-01,120,15,289,Current
2025-08-01,121,1,831,Current
2025-08-01,121,2,395,Current
2025-08-01,121,3,573,Current
2025-08-01,121,4,489,Current
2025-08-01,121,5,335,Current
2025-08-01,121,6,365,Current
2025-08-01,121,7,220,Current
2025-08-01,121,8,299,Current
2025-08-01,121,9,706,Current
2025-08-01,121,10,529,Current
2025-08-01,121,11,546,Current
2025-08-01,121,12,417,Current
2025-08-01,121,13,234,Current
2025-08-01,121,14,379,Current
2025-08-01,121,15,362,Current
2025-08-01,122,1,724,Current
2025-08-01,122,2,401,Current
2025-08-01,122,3,503,Current
2025-08-01,122,4,489,Current
2025-08-01,122,5,337,Current
2025-08-01,122,6,491,Current
2025-08-01,122,7,271,Current
2025-08-01,122,8,413,Current
2025-08-01,122,9,791,Current
2025-08-01,122,10,502,Current
2025-08-01,122,11,701,Current
2025-08-01,122,12,443,Current
2025-08-01,122,13,278,Current
2025-08-01,122,14,394,Current
2025-08-01,122,15,327,Current
2025-08-01,123,1,850,Current
2025-08-01,123,2,305,Current
2025-08-01,123,3,515,Current
2025-08-01,123,4,532,Current
2025-08-01,123,5,304,Current
2025-08-01,123,6,353,Current
2025-08-01,123,7,346,Current
2025-08-01,123,8,578,Current
2025-08-01,123,9,604,Current
2025-08-01,123,10,463,Current
2025-08-01,123,11,490,Current
2025-08-01,123,12,426,Current
2025-08-01,123,13,285,Current
2025-08-01,123,14,377,Current
2025-08-01,123,15,326,Current
2025-08-01,124,1,723,Current
2025-08-01,124,2,273,Current
2025-08-01,124,3,460,Current
2025-08-01,124,4,521,Current
2025-08-01,124,5,315,Current
2025-08-01,124,6,387,Current
2025-08-01,124,7,281,Current
2025-08-01,124,8,375,Current
2025-08-01,124,9,580,Current
2025-08-01,124,10,484,Current
2025-08-01,124,11,545,Current
2025-08-01,124,12,415,Current
2025-08-01,124,13,229,Current
2025-08-01,124,14,347,Current
2025-08-01,124,15,282,Current
2025-08-01,125,1,566,Current
2025-08-01,125,2,260,Current
2025-08-01,125,3,404,Current
2025-08-01,125,4,375,Current
2025-08-01,125,5,204,Current
2025-08-01,125,6,312,Current
2025-08-01,125,7,199,Current
2025-08-01,125,8,275,Current
2025-08-01,125,9,426,Current
2025-08-01,125,10,435,Current
2025-08-01,125,11,355,Current
2025-08-01,125,12,349,Current
2025-08-01,125,13,167,Current
2025-08-01,125,14,276,Current
2025-08-01,125,15,368,Current
2025-08-01,126,1,580,Current
2025-08-01,126,2,224,Current
2025-08-01,126,3,326,Current
2025-08-01,126,4,385,Current
2025-08-01,126,5,204,Current
2025-08-01,126,6,258,Current
2025-08-01,126,7,186,Current
2025-08-01,126,8,225,Current
2025-08-01,126,9,557,Current
2025-08-01,126,10,419,Current
2025-08-01,126,11,427,Current
2025-08-01,126,12,314,Current
2025-08-01,126,13,166,Current
2025-08-01,126,14,306,Current
2025-08-01,126,15,191,Current
2025-08-01,127,1,609,Current
2025-08-01,127,2,294,Current
2025-08-01,127,3,451,Current
2025-08-01,127,4,448,Current
2025-08-01,127,5,251,Current
2025-08-01,127,6,263,Current
2025-08-01,127,7,227,Current
2025-08-01,127,8,284,Current
2025-08-01,127,9,542,Current
2025-08-01,127,10,588,Current
2025-08-01,127,11,408,Current
2025-08-01,127,12,386,Current
2025-08-01,127,13,191,Current
2025-08-01,127,14,288,Current
2025-08-01,127,15,299,Current
2025-08-01,128,1,539,Current
2025-08-01,128,2,311,Current
2025-08-01,128,3,450,Current
2025-08-01,128,4,490,Current
2025-08-01,128,5,199,Current
2025-08-01,128,6,255,Current
2025-08-01,128,7,264,Current
2025-08-01,128,8,243,Current
2025-08-01,128,9,551,Current
2025-08-01,128,10,434,Current
2025-08-01,128,11,551,Current
2025-08-01,128,12,352,Current
2025-08-01,128,13,165,Current
2025-08-01,128,14,306,Current
2025-08-01,128,15,263,Current
2025-08-01,129,1,717,Current
2025-08-01,129,2,381,Current
2025-08-01,129,3,473,Current
2025-08-01,129,4,410,Current
2025-08-01,129,5,218,Current
2025-08-01,129,6,295,Current
2025-08-01,129,7,243,Current
2025-08-01,129,8,259,Current
2025-08-01,129,9,574,Current
2025-08-01,129,10,430,Current
2025-08-01,129,11,475,Current
2025-08-01,129,12,402,Current
2025-08-01,129,13,136,Current
2025-08-01,129,14,288,Current
2025-08-01,129,15,240,Current
2025-08-01,130,1,578,Current
2025-08-01,130,2,290,Current
2025-08-01,130,3,396,Current
2025-08-01,130,4,463,Current
2025-08-01,130,5,305,Current
2025-08-01,130,6,230,Current
2025-08-01,130,7,232,Current
2025-08-01,130,8,261,Current
2025-08-01,130,9,572,Current
2025-08-01,130,10,378,Current
2025-08-01,130,11,468,Current
2025-08-01,130,12,316,Current
2025-08-01,130,13,195,Current
2025-08-01,130,14,301,Current
2025-08-01,130,15,223,Current
2025-08-01,131,1,578,Current
2025-08-01,131,2,319,Current
2025-08-01,131,3,408,Current
2025-08-01,131,4,504,Current
2025-08-01,131,5,265,Current
2025-08-01,131,6,328,Current
2025-08-01,131,7,236,Current
2025-08-01,131,8,298,Current
2025-08-01,131,9,598,Current
2025-08-01,131,10,423,Current
2025-08-01,131,11,414,Current
2025-08-01,131,12,388,Current
2025-08-01,131,13,195,Current
2025-08-01,131,14,357,Current
2025-08-01,131,15,251,Current
2025-08-01,132,1,709,Current
2025-08-01,132,2,305,Current
2025-08-01,132,3,394,Current
2025-08-01,132,4,408,Current
2025-08-01,132,5,295,Current
2025-08-01,132,6,315,Current
2025-08-01,132,7,253,Current
2025-08-01,132,8,278,Current
2025-08-01,132,9,527,Current
2025-08-01,132,10,405,Current
2025-08-01,132,11,422,Current
2025-08-01,132,12,376,Current
2025-08-01,132,13,241,Current
2025-08-01,132,14,406,Current
2025-08-01,132,15,313,Current
2025-08-01,133,1,1561,Current
2025-08-01,133,2,547,Current
2025-08-01,133,3,702,Current
2025-08-01,133,4,887,Current
2025-08-01,133,5,516,Current
2025-08-01,133,6,601,Current
2025-08-01,133,7,500,Current
2025-08-01,133,8,726,Current
2025-08-01,133,9,1141,Current
2025-08-01,133,10,1466,Current
2025-08-01,133,11,932,Current
2025-08-01,133,12,663,Current
2025-08-01,133,13,340,Current
2025-08-01,133,14,780,Current
2025-08-01,133,15,529,Current
2025-08-01,134,1,1312,Current
2025-08-01,134,2,542,Current
2025-08-01,134,3,834,Current
2025-08-01,134,4,888,Current
2025-08-01,134,5,487,Current
2025-08-01,134,6,547,Current
2025-08-01,134,7,577,Current
2025-08-01,134,8,562,Current
2025-08-01,134,9,1205,Current
2025-08-01,134,10,878,Current
2025-08-01,134,11,882,Current
2025-08-01,134,12,848,Current
2025-08-01,134,13,382,Current
2025-08-01,134,14,1098,Current
2025-08-01,134,15,532,Current
2025-08-01,135,1,1178,Current
2025-08-01,135,2,529,Current
2025-08-01,135,3,753,Current
2025-08-01,135,4,888,Current
2025-08-01,135,5,445,Current
2025-08-01,135,6,546,Current
2025-08-01,135,7,449,Current
2025-08-01,135,8,535,Current
2025-08-01,135,9,1139,Current
2025-08-01,135,10,1086,Current
2025-08-01,135,11,726,Current
2025-08-01,135,12,700,Current
2025-08-01,135,13,357,Current
2025-08-01,135,14,640,Current
2025-08-01,135,15,449,Current
2025-08-01,136,1,1287,Current
2025-08-01,136,2,481,Current
2025-08-01,136,3,724,Current
2025-08-01,136,4,749,Current
2025-08-01,136,5,366,Current
2025-08-01,136,6,471,Current
2025-08-01,136,7,409,Current
2025-08-01,136,8,590,Current
2025-08-01,136,9,1096,Current
2025-08-01,136,10,766,Current
2025-08-01,136,11,874,Current
2025-08-01,136,12,685,Current
2025-08-01,136,13,329,Current
2025-08-01,136,14,707,Current
2025-08-01,136,15,864,Current
2025-08-01,137,1,1533,Current
2025-08-01,137,2,547,Current
2025-08-01,137,3,871,Current
2025-08-01,137,4,714,Current
2025-08-01,137,5,508,Current
2025-08-01,137,6,573,Current
2025-08-01,137,7,491,Current
2025-08-01,137,8,521,Current
2025-08-01,137,9,1117,Current
2025-08-01,137,10,927,Current
2025-08-01,137,11,1019,Current
2025-08-01,137,12,683,Current
2025-08-01,137,13,662,Current
2025-08-01,137,14,652,Current
2025-08-01,137,15,518,Current
2025-08-01,138,1,1277,Current
2025-08-01,138,2,700,Current
2025-08-01,138,3,790,Current
2025-08-01,138,4,878,Current
2025-08-01,138,5,456,Current
2025-08-01,138,6,475,Current
2025-08-01,138,7,503,Current
2025-08-01,138,8,575,Current
2025-08-01,138,9,1582,Current
2025-08-01,138,10,878,Current
2025-08-01,138,11,866,Current
2025-08-01,138,12,851,Current
2025-08-01,138,13,426,Current
2025-08-01,138,14,703,Current
2025-08-01,138,15,587,Current
2025-08-01,139,1,1430,Current
2025-08-01,139,2,854,Current
2025-08-01,139,3,887,Current
2025-08-01,139,4,749,Current
2025-08-01,139,5,479,Current
2025-08-01,139,6,678,Current
2025-08-01,139,7,562,Current
2025-08-01,139,8,550,Current
2025-08-01,139,9,1092,Current
2025-08-01,139,10,1805,Current
2025-08-01,139,11,1546,Current
2025-08-01,139,12,835,Current
2025-08-01,139,13,377,Current
2025-08-01,139,14,710,Current
2025-08-01,139,15,580,Current
2025-08-01,140,1,1195,Current
2025-08-01,140,2,674,Current
2025-08-01,140,3,936,Current
2025-08-01,140,4,1029,Current
2025-08-01,140,5,503,Current
2025-08-01,140,6,569,Current
2025-08-01,140,7,548,Current
2025-08-01,140,8,597,Current
2025-08-01,140,9,1138,Current
2025-08-01,140,10,1427,Current
2025-08-01,140,11,1082,Current
2025-08-01,140,12,752,Current
2025-08-01,140,13,376,Current
2025-08-01,140,14,640,Current
2025-08-01,140,15,903,Current
2025-09-01,101,1,1648,Current
2025-09-01,101,2,816,Current
2025-09-01,101,3,1150,Current
2025-09-01,101,4,1184,Current
2025-09-01,101,5,789,Current
2025-09-01,101,6,665,Current
2025-09-01,101,7,728,Current
2025-09-01,101,8,787,Current
2025-09-01,101,9,1195,Current
2025-09-01,101,10,1160,Current
2025-09-01,101,11,1277,Current
2025-09-01,101,12,1136,Current
2025-09-01,101,13,612,Current
2025-09-01,101,14,914,Current
2025-09-01,101,15,778,Current
2025-09-01,102,1,1939,Current
2025-09-01,102,2,665,Current
2025-09-01,102,3,1374,Current
2025-09-01,102,4,1234,Current
2025-09-01,102,5,747,Current
2025-09-01,102,6,744,Current
2025-09-01,102,7,714,Current
2025-09-01,102,8,804,Current
2025-09-01,102,9,1684,Current
2025-09-01,102,10,1052,Current
2025-09-01,102,11,1338,Current
2025-09-01,102,12,1074,Current
2025-09-01,102,13,434,Current
2025-09-01,102,14,943,Current
2025-09-01,102,15,719,Current
2025-09-01,103,1,1546,Current
2025-09-01,103,2,563,Current
2025-09-01,103,3,1092,Current
2025-09-01,103,4,1743,Current
2025-09-01,103,5,581,Current
2025-09-01,103,6,707,Current
2025-09-01,103,7,612,Current
2025-09-01,103,8,730,Current
2025-09-01,103,9,1326,Current
2025-09-01,103,10,1162,Current
2025-09-01,103,11,1204,Current
2025-09-01,103,12,988,Current
2025-09-01,103,13,480,Current
2025-09-01,103,14,874,Current
2025-09-01,103,15,654,Current
2025-09-01,104,1,1654,Current
2025-09-01,104,2,631,Current
2025-09-01,104,3,1059,Current
2025-09-01,104,4,1153,Current
2025-09-01,104,5,589,Current
2025-09-01,104,6,775,Current
2025-09-01,104,7,544,Current
2025-09-01,104,8,720,Current
2025-09-01,104,9,1340,Current
2025-09-01,104,10,1073,Current
2025-09-01,104,11,964,Current
2025-09-01,104,12,903,Current
2025-09-01,104,13,404,Current
2025-09-01,104,14,774,Current
2025-09-01,104,15,671,Current
2025-09-01,105,1,1690,Current
2025-09-01,105,2,601,Current
2025-09-01,105,3,991,Current
2025-09-01,105,4,985,Current
2025-09-01,105,5,790,Current
2025-09-01,105,6,707,Current
2025-09-01,105,7,548,Current
2025-09-01,105,8,857,Current
2025-09-01,105,9,1195,Current
2025-09-01,105,10,1024,Current
2025-09-01,105,11,860,Current
2025-09-01,105,12,788,Current
2025-09-01,105,13,358,Current
2025-09-01,105,14,771,Current
2025-09-01,105,15,555,Current
2025-09-01,106,1,1345,Current
2025-09-01,106,2,555,Current
2025-09-01,106,3,1426,Current
2025-09-01,106,4,1193,Current
2025-09-01,106,5,601,Current
2025-09-01,106,6,599,Current
2025-09-01,106,7,609,Current
2025-09-01,106,8,629,Current
2025-09-01,106,9,1212,Current
2025-09-01,106,10,831,Current
2025-09-01,106,11,1364,Current
2025-09-01,106,12,811,Current
2025-09-01,106,13,424,Current
2025-09-01,106,14,692,Current
2025-09-01,106,15,363,Current
2025-09-01,107,1,1810,Current
2025-09-01,107,2,734,Current
2025-09-01,107,3,1017,Current
2025-09-01,107,4,1037,Current
2025-09-01,107,5,954,Current
2025-09-01,107,6,675,Current
2025-09-01,107,7,536,Current
2025-09-01,107,8,579,Current
2025-09-01,107,9,1581,Current
2025-09-01,107,10,1194,Current
2025-09-01,107,11,1127,Current
2025-09-01,107,12,1022,Current
2025-09-01,107,13,468,Current
2025-09-01,107,14,741,Current
2025-09-01,107,15,698,Current
2025-09-01,108,1,1654,Current
2025-09-01,108,2,626,Current
2025-09-01,108,3,1044,Current
2025-09-01,108,4,955,Current
2025-09-01,108,5,552,Current
2025-09-01,108,6,569,Current
2025-09-01,108,7,763,Current
2025-09-01,108,8,701,Current
2025-09-01,108,9,1529,Current
2025-09-01,108,10,1209,Current
2025-09-01,108,11,879,Current
2025-09-01,108,12,733,Current
2025-09-01,108,13,442,Current
2025-09-01,108,14,814,Current
2025-09-01,108,15,546,Current
2025-09-01,109,1,2881,Current
2025-09-01,109,2,333,Current
2025-09-01,109,3,771,Current
2025-09-01,109,4,940,Current
2025-09-01,109,5,365,Current
2025-09-01,109,6,527,Current
2025-09-01,109,7,381,Current
2025-09-01,109,8,474,Current
2025-09-01,109,9,1334,Current
2025-09-01,109,10,885,Current
2025-09-01,109,11,1450,Current
2025-09-01,109,12,598,Current
2025-09-01,109,13,315,Current
2025-09-01,109,14,597,Current
2025-09-01,109,15,633,Current
2025-09-01,110,1,995,Current
2025-09-01,110,2,881,Current
2025-09-01,110,3,1509,Current
2025-09-01,110,4,675,Current
2025-09-01,110,5,478,Current
2025-09-01,110,6,497,Current
2025-09-01,110,7,355,Current
2025-09-01,110,8,527,Current
2025-09-01,110,9,2504,Current
2025-09-01,110,10,673,Current
2025-09-01,110,11,701,Current
2025-09-01,110,12,1216,Current
2025-09-01,110,13,304,Current
2025-09-01,110,14,638,Current
2025-09-01,110,15,1252,Current
2025-09-01,111,1,1130,Current
2025-09-01,111,2,430,Current
2025-09-01,111,3,790,Current
2025-09-01,111,4,880,Current
2025-09-01,111,5,449,Current
2025-09-01,111,6,1049,Current
2025-09-01,111,7,545,Current
2025-09-01,111,8,500,Current
2025-09-01,111,9,1945,Current
2025-09-01,111,10,1264,Current
2025-09-01,111,11,1922,Current
2025-09-01,111,12,2047,Current
2025-09-01,111,13,304,Current
2025-09-01,111,14,569,Current
2025-09-01,111,15,459,Current
2025-09-01,112,1,1202,Current
2025-09-01,112,2,536,Current
2025-09-01,112,3,900,Current
2025-09-01,112,4,1405,Current
2025-09-01,112,5,492,Current
2025-09-01,112,6,579,Current
2025-09-01,112,7,390,Current
2025-09-01,112,8,1289,Current
2025-09-01,112,9,1053,Current
2025-09-01,112,10,708,Current
2025-09-01,112,11,720,Current
2025-09-01,112,12,778,Current
2025-09-01,112,13,403,Current
2025-09-01,112,14,608,Current
2025-09-01,112,15,607,Current
2025-09-01,113,1,2743,Current
2025-09-01,113,2,960,Current
2025-09-01,113,3,663,Current
2025-09-01,113,4,1296,Current
2025-09-01,113,5,352,Current
2025-09-01,113,6,363,Current
2025-09-01,113,7,379,Current
2025-09-01,113,8,549,Current
2025-09-01,113,9,824,Current
2025-09-01,113,10,751,Current
2025-09-01,113,11,701,Current
2025-09-01,113,12,598,Current
2025-09-01,113,13,386,Current
2025-09-01,113,14,878,Current
2025-09-01,113,15,469,Current
2025-09-01,114,1,2326,Current
2025-09-01,114,2,896,Current
2025-09-01,114,3,1568,Current
2025-09-01,114,4,707,Current
2025-09-01,114,5,448,Current
2025-09-01,114,6,513,Current
2025-09-01,114,7,824,Current
2025-09-01,114,8,532,Current
2025-09-01,114,9,983,Current
2025-09-01,114,10,1541,Current
2025-09-01,114,11,669,Current
2025-09-01,114,12,598,Current
2025-09-01,114,13,371,Current
2025-09-01,114,14,509,Current
2025-09-01,114,15,506,Current
2025-09-01,115,1,1614,Current
2025-09-01,115,2,412,Current
2025-09-01,115,3,663,Current
2025-09-01,115,4,705,Current
2025-09-01,115,5,345,Current
2025-09-01,115,6,420,Current
2025-09-01,115,7,766,Current
2025-09-01,115,8,417,Current
2025-09-01,115,9,913,Current
2025-09-01,115,10,972,Current
2025-09-01,115,11,737,Current
2025-09-01,115,12,598,Current
2025-09-01,115,13,301,Current
2025-09-01,115,14,419,Current
2025-09-01,115,15,342,Current
2025-09-01,116,1,995,Current
2025-09-01,116,2,413,Current
2025-09-01,116,3,609,Current
2025-09-01,116,4,1454,Current
2025-09-01,116,5,363,Current
2025-09-01,116,6,493,Current
2025-09-01,116,7,368,Current
2025-09-01,116,8,430,Current
2025-09-01,116,9,588,Current
2025-09-01,116,10,747,Current
2025-09-01,116,11,684,Current
2025-09-01,116,12,543,Current
2025-09-01,116,13,361,Current
2025-09-01,116,14,374,Current
2025-09-01,116,15,806,Current
2025-09-01,117,1,690,Current
2025-09-01,117,2,235,Current
2025-09-01,117,3,482,Current
2025-09-01,117,4,482,Current
2025-09-01,117,5,279,Current
2025-09-01,117,6,339,Current
2025-09-01,117,7,335,Current
2025-09-01,117,8,332,Current
2025-09-01,117,9,793,Current
2025-09-01,117,10,555,Current
2025-09-01,117,11,447,Current
2025-09-01,117,12,405,Current
2025-09-01,117,13,221,Current
2025-09-01,117,14,407,Current
2025-09-01,117,15,303,Current
2025-09-01,118,1,1015,Current
2025-09-01,118,2,333,Current
2025-09-01,118,3,444,Current
2025-09-01,118,4,489,Current
2025-09-01,118,5,304,Current
2025-09-01,118,6,527,Current
2025-09-01,118,7,227,Current
2025-09-01,118,8,358,Current
2025-09-01,118,9,666,Current
2025-09-01,118,10,461,Current
2025-09-01,118,11,462,Current
2025-09-01,118,12,414,Current
2025-09-01,118,13,226,Current
2025-09-01,118,14,374,Current
2025-09-01,118,15,346,Current
2025-09-01,119,1,806,Current
2025-09-01,119,2,325,Current
2025-09-01,119,3,523,Current
2025-09-01,119,4,549,Current
2025-09-01,119,5,329,Current
2025-09-01,119,6,274,Current
2025-09-01,119,7,284,Current
2025-09-01,119,8,311,Current
2025-09-01,119,9,716,Current
2025-09-01,119,10,442,Current
2025-09-01,119,11,406,Current
2025-09-01,119,12,423,Current
2025-09-01,119,13,211,Current
2025-09-01,119,14,407,Current
2025-09-01,119,15,400,Current
2025-09-01,120,1,687,Current
2025-09-01,120,2,296,Current
2025-09-01,120,3,533,Current
2025-09-01,120,4,534,Current
2025-09-01,120,5,305,Current
2025-09-01,120,6,351,Current
2025-09-01,120,7,274,Current
2025-09-01,120,8,399,Current
2025-09-01,120,9,714,Current
2025-09-01,120,10,541,Current
2025-09-01,120,11,469,Current
2025-09-01,120,12,475,Current
2025-09-01,120,13,229,Current
2025-09-01,120,14,427,Current
2025-09-01,120,15,310,Current
2025-09-01,121,1,715,Current
2025-09-01,121,2,307,Current
2025-09-01,121,3,732,Current
2025-09-01,121,4,578,Current
2025-09-01,121,5,284,Current
2025-09-01,121,6,379,Current
2025-09-01,121,7,271,Current
2025-09-01,121,8,394,Current
2025-09-01,121,9,638,Current
2025-09-01,121,10,545,Current
2025-09-01,121,11,616,Current
2025-09-01,121,12,575,Current
2025-09-01,121,13,305,Current
2025-09-01,121,14,412,Current
2025-09-01,121,15,309,Current
2025-09-01,122,1,690,Current
2025-09-01,122,2,346,Current
2025-09-01,122,3,606,Current
2025-09-01,122,4,592,Current
2025-09-01,122,5,310,Current
2025-09-01,122,6,412,Current
2025-09-01,122,7,321,Current
2025-09-01,122,8,392,Current
2025-09-01,122,9,755,Current
2025-09-01,122,10,542,Current
2025-09-01,122,11,687,Current
2025-09-01,122,12,531,Current
2025-09-01,122,13,280,Current
2025-09-01,122,14,395,Current
2025-09-01,122,15,403,Current
2025-09-01,123,1,750,Current
2025-09-01,123,2,328,Current
2025-09-01,123,3,515,Current
2025-09-01,123,4,530,Current
2025-09-01,123,5,229,Current
2025-09-01,123,6,315,Current
2025-09-01,123,7,288,Current
2025-09-01,123,8,365,Current
2025-09-01,123,9,556,Current
2025-09-01,123,10,478,Current
2025-09-01,123,11,486,Current
2025-09-01,123,12,520,Current
2025-09-01,123,13,206,Current
2025-09-01,123,14,353,Current
2025-09-01,123,15,275,Current
2025-09-01,124,1,690,Current
2025-09-01,124,2,338,Current
2025-09-01,124,3,374,Current
2025-09-01,124,4,627,Current
2025-09-01,124,5,286,Current
2025-09-01,124,6,352,Current
2025-09-01,124,7,257,Current
2025-09-01,124,8,327,Current
2025-09-01,124,9,604,Current
2025-09-01,124,10,501,Current
2025-09-01,124,11,434,Current
2025-09-01,124,12,514,Current
2025-09-01,124,13,220,Current
2025-09-01,124,14,349,Current
2025-09-01,124,15,292,Current
2025-09-01,125,1,602,Current
2025-09-01,125,2,256,Current
2025-09-01,125,3,526,Current
2025-09-01,125,4,521,Current
2025-09-01,125,5,245,Current
2025-09-01,125,6,254,Current
2025-09-01,125,7,294,Current
2025-09-01,125,8,297,Current
2025-09-01,125,9,707,Current
2025-09-01,125,10,487,Current
2025-09-01,125,11,495,Current
2025-09-01,125,12,375,Current
2025-09-01,125,13,200,Current
2025-09-01,125,14,318,Current
2025-09-01,125,15,242,Current
2025-09-01,126,1,690,Current
2025-09-01,126,2,233,Current
2025-09-01,126,3,428,Current
2025-09-01,126,4,409,Current
2025-09-01,126,5,228,Current
2025-09-01,126,6,348,Current
2025-09-01,126,7,247,Current
2025-09-01,126,8,325,Current
2025-09-01,126,9,479,Current
2025-09-01,126,10,384,Current
2025-09-01,126,11,404,Current
2025-09-01,126,12,410,Current
2025-09-01,126,13,230,Current
2025-09-01,126,14,351,Current
2025-09-01,126,15,264,Current
2025-09-01,127,1,698,Current
2025-09-01,127,2,293,Current
2025-09-01,127,3,639,Current
2025-09-01,127,4,422,Current
2025-09-01,127,5,296,Current
2025-09-01,127,6,347,Current
2025-09-01,127,7,304,Current
2025-09-01,127,8,382,Current
2025-09-01,127,9,676,Current
2025-09-01,127,10,478,Current
2025-09-01,127,11,414,Current
2025-09-01,127,12,465,Current
2025-09-01,127,13,208,Current
2025-09-01,127,14,402,Current
2025-09-01,127,15,370,Current
2025-09-01,128,1,797,Current
2025-09-01,128,2,362,Current
2025-09-01,128,3,454,Current
2025-09-01,128,4,455,Current
2025-09-01,128,5,261,Current
2025-09-01,128,6,343,Current
2025-09-01,128,7,268,Current
2025-09-01,128,8,663,Current
2025-09-01,128,9,597,Current
2025-09-01,128,10,521,Current
2025-09-01,128,11,454,Current
2025-09-01,128,12,391,Current
2025-09-01,128,13,242,Current
2025-09-01,128,14,599,Current
2025-09-01,128,15,351,Current
2025-09-01,129,1,722,Current
2025-09-01,129,2,297,Current
2025-09-01,129,3,454,Current
2025-09-01,129,4,483,Current
2025-09-01,129,5,338,Current
2025-09-01,129,6,316,Current
2025-09-01,129,7,264,Current
2025-09-01,129,8,348,Current
2025-09-01,129,9,602,Current
2025-09-01,129,10,576,Current
2025-09-01,129,11,606,Current
2025-09-01,129,12,407,Current
2025-09-01,129,13,186,Current
2025-09-01,129,14,274,Current
2025-09-01,129,15,416,Current
2025-09-01,130,1,997,Current
2025-09-01,130,2,297,Current
2025-09-01,130,3,495,Current
2025-09-01,130,4,480,Current
2025-09-01,130,5,226,Current
2025-09-01,130,6,345,Current
2025-09-01,130,7,263,Current
2025-09-01,130,8,378,Current
2025-09-01,130,9,717,Current
2025-09-01,130,10,473,Current
2025-09-01,130,11,401,Current
2025-09-01,130,12,430,Current
2025-09-01,130,13,222,Current
2025-09-01,130,14,314,Current
2025-09-01,130,15,338,Current
2025-09-01,131,1,763,Current
2025-09-01,131,2,382,Current
2025-09-01,131,3,516,Current
2025-09-01,131,4,555,Current
2025-09-01,131,5,321,Current
2025-09-01,131,6,388,Current
2025-09-01,131,7,341,Current
2025-09-01,131,8,458,Current
2025-09-01,131,9,733,Current
2025-09-01,131,10,482,Current
2025-09-01,131,11,624,Current
2025-09-01,131,12,503,Current
2025-09-01,131,13,203,Current
2025-09-01,131,14,454,Current
2025-09-01,131,15,312,Current
2025-09-01,132,1,740,Current
2025-09-01,132,2,321,Current
2025-09-01,132,3,481,Current
2025-09-01,132,4,639,Current
2025-09-01,132,5,431,Current
2025-09-01,132,6,419,Current
2025-09-01,132,7,268,Current
2025-09-01,132,8,408,Current
2025-09-01,132,9,896,Current
2025-09-01,132,10,474,Current
2025-09-01,132,11,649,Current
2025-09-01,132,12,507,Current
2025-09-01,132,13,298,Current
2025-09-01,132,14,437,Current
2025-09-01,132,15,333,Current
2025-09-01,133,1,1633,Current
2025-09-01,133,2,472,Current
2025-09-01,133,3,768,Current
2025-09-01,133,4,708,Current
2025-09-01,133,5,383,Current
2025-09-01,133,6,409,Current
2025-09-01,133,7,388,Current
2025-09-01,133,8,445,Current
2025-09-01,133,9,1343,Current
2025-09-01,133,10,860,Current
2025-09-01,133,11,704,Current
2025-09-01,133,12,609,Current
2025-09-01,133,13,344,Current
2025-09-01,133,14,551,Current
2025-09-01,133,15,542,Current
2025-09-01,134,1,1002,Current
2025-09-01,134,2,328,Current
2025-09-01,134,3,734,Current
2025-09-01,134,4,710,Current
2025-09-01,134,5,383,Current
2025-09-01,134,6,497,Current
2025-09-01,134,7,454,Current
2025-09-01,134,8,559,Current
2025-09-01,134,9,903,Current
2025-09-01,134,10,718,Current
2025-09-01,134,11,897,Current
2025-09-01,134,12,721,Current
2025-09-01,134,13,310,Current
2025-09-01,134,14,552,Current
2025-09-01,134,15,494,Current
2025-09-01,135,1,1284,Current
2025-09-01,135,2,366,Current
2025-09-01,135,3,608,Current
2025-09-01,135,4,606,Current
2025-09-01,135,5,361,Current
2025-09-01,135,6,491,Current
2025-09-01,135,7,451,Current
2025-09-01,135,8,377,Current
2025-09-01,135,9,761,Current
2025-09-01,135,10,587,Current
2025-09-01,135,11,689,Current
2025-09-01,135,12,619,Current
2025-09-01,135,13,297,Current
2025-09-01,135,14,465,Current
2025-09-01,135,15,366,Current
2025-09-01,136,1,856,Current
2025-09-01,136,2,565,Current
2025-09-01,136,3,644,Current
2025-09-01,136,4,720,Current
2025-09-01,136,5,421,Current
2025-09-01,136,6,441,Current
2025-09-01,136,7,391,Current
2025-09-01,136,8,434,Current
2025-09-01,136,9,817,Current
2025-09-01,136,10,816,Current
2025-09-01,136,11,706,Current
2025-09-01,136,12,571,Current
2025-09-01,136,13,259,Current
2025-09-01,136,14,429,Current
2025-09-01,136,15,371,Current
2025-09-01,137,1,1109,Current
2025-09-01,137,2,443,Current
2025-09-01,137,3,739,Current
2025-09-01,137,4,855,Current
2025-09-01,137,5,514,Current
2025-09-01,137,6,442,Current
2025-09-01,137,7,393,Current
2025-09-01,137,8,444,Current
2025-09-01,137,9,877,Current
2025-09-01,137,10,779,Current
2025-09-01,137,11,755,Current
2025-09-01,137,12,576,Current
2025-09-01,137,13,312,Current
2025-09-01,137,14,563,Current
2025-09-01,137,15,430,Current
2025-09-01,138,1,1216,Current
2025-09-01,138,2,442,Current
2025-09-01,138,3,606,Current
2025-09-01,138,4,650,Current
2025-09-01,138,5,374,Current
2025-09-01,138,6,593,Current
2025-09-01,138,7,439,Current
2025-09-01,138,8,481,Current
2025-09-01,138,9,857,Current
2025-09-01,138,10,895,Current
2025-09-01,138,11,823,Current
2025-09-01,138,12,697,Current
2025-09-01,138,13,304,Current
2025-09-01,138,14,512,Current
2025-09-01,138,15,472,Current
2025-09-01,139,1,959,Current
2025-09-01,139,2,497,Current
2025-09-01,139,3,686,Current
2025-09-01,139,4,757,Current
2025-09-01,139,5,418,Current
2025-09-01,139,6,507,Current
2025-09-01,139,7,377,Current
2025-09-01,139,8,615,Current
2025-09-01,139,9,877,Current
2025-09-01,139,10,962,Current
2025-09-01,139,11,789,Current
2025-09-01,139,12,602,Current
2025-09-01,139,13,363,Current
2025-09-01,139,14,511,Current
2025-09-01,139,15,392,Current
2025-09-01,140,1,1177,Current
2025-09-01,140,2,392,Current
2025-09-01,140,3,772,Current
2025-09-01,140,4,779,Current
2025-09-01,140,5,345,Current
2025-09-01,140,6,456,Current
2025-09-01,140,7,391,Current
2025-09-01,140,8,611,Current
2025-09-01,140,9,806,Current
2025-09-01,140,10,660,Current
2025-09-01,140,11,899,Current
2025-09-01,140,12,711,Current
2025-09-01,140,13,295,Current
2025-09-01,140,14,445,Current
2025-09-01,140,15,406,Current
2025-10-01,101,1,1968,Current
2025-10-01,101,2,788,Current
2025-10-01,101,3,1061,Current
2025-10-01,101,4,1219,Current
2025-10-01,101,5,639,Current
2025-10-01,101,6,653,Current
2025-10-01,101,7,609,Current
2025-10-01,101,8,848,Current
2025-10-01,101,9,1371,Current
2025-10-01,101,10,1318,Current
2025-10-01,101,11,1076,Current
2025-10-01,101,12,934,Current
2025-10-01,101,13,488,Current
2025-10-01,101,14,917,Current
2025-10-01,101,15,791,Current
2025-10-01,102,1,1527,Current
2025-10-01,102,2,694,Current
2025-10-01,102,3,1036,Current
2025-10-01,102,4,967,Current
2025-10-01,102,5,882,Current
2025-10-01,102,6,829,Current
2025-10-01,102,7,682,Current
2025-10-01,102,8,924,Current
2025-10-01,102,9,1646,Current
2025-10-01,102,10,1405,Current
2025-10-01,102,11,1296,Current
2025-10-01,102,12,1106,Current
2025-10-01,102,13,416,Current
2025-10-01,102,14,846,Current
2025-10-01,102,15,731,Current
2025-10-01,103,1,1608,Current
2025-10-01,103,2,757,Current
2025-10-01,103,3,1775,Current
2025-10-01,103,4,1158,Current
2025-10-01,103,5,477,Current
2025-10-01,103,6,724,Current
2025-10-01,103,7,553,Current
2025-10-01,103,8,768,Current
2025-10-01,103,9,1334,Current
2025-10-01,103,10,1117,Current
2025-10-01,103,11,1037,Current
2025-10-01,103,12,938,Current
2025-10-01,103,13,564,Current
2025-10-01,103,14,691,Current
2025-10-01,103,15,745,Current
2025-10-01,104,1,1579,Current
2025-10-01,104,2,734,Current
2025-10-01,104,3,1121,Current
2025-10-01,104,4,1911,Current
2025-10-01,104,5,643,Current
2025-10-01,104,6,654,Current
2025-10-01,104,7,535,Current
2025-10-01,104,8,626,Current
2025-10-01,104,9,1310,Current
2025-10-01,104,10,1248,Current
2025-10-01,104,11,1135,Current
2025-10-01,104,12,1067,Current
2025-10-01,104,13,488,Current
2025-10-01,104,14,651,Current
2025-10-01,104,15,626,Current
2025-10-01,105,1,1281,Current
2025-10-01,105,2,654,Current
2025-10-01,105,3,1057,Current
2025-10-01,105,4,1043,Current
2025-10-01,105,5,499,Current
2025-10-01,105,6,620,Current
2025-10-01,105,7,535,Current
2025-10-01,105,8,859,Current
2025-10-01,105,9,1282,Current
2025-10-01,105,10,970,Current
2025-10-01,105,11,842,Current
2025-10-01,105,12,820,Current
2025-10-01,105,13,375,Current
2025-10-01,105,14,655,Current
2025-10-01,105,15,604,Current
2025-10-01,106,1,1332,Current
2025-10-01,106,2,690,Current
2025-10-01,106,3,940,Current
2025-10-01,106,4,1703,Current
2025-10-01,106,5,492,Current
2025-10-01,106,6,621,Current
2025-10-01,106,7,569,Current
2025-10-01,106,8,654,Current
2025-10-01,106,9,1198,Current
2025-10-01,106,10,986,Current
2025-10-01,106,11,1128,Current
2025-10-01,106,12,1008,Current
2025-10-01,106,13,372,Current
2025-10-01,106,14,698,Current
2025-10-01,106,15,545,Current
2025-10-01,107,1,1398,Current
2025-10-01,107,2,600,Current
2025-10-01,107,3,1000,Current
2025-10-01,107,4,975,Current
2025-10-01,107,5,541,Current
2025-10-01,107,6,1030,Current
2025-10-01,107,7,511,Current
2025-10-01,107,8,883,Current
2025-10-01,107,9,1111,Current
2025-10-01,107,10,1019,Current
2025-10-01,107,11,1295,Current
2025-10-01,107,12,1001,Current
2025-10-01,107,13,523,Current
2025-10-01,107,14,691,Current
2025-10-01,107,15,586,Current
2025-10-01,108,1,1600,Current
2025-10-01,108,2,734,Current
2025-10-01,108,3,893,Current
2025-10-01,108,4,1062,Current
2025-10-01,108,5,617,Current
2025-10-01,108,6,814,Current
2025-10-01,108,7,582,Current
2025-10-01,108,8,717,Current
2025-10-01,108,9,1206,Current
2025-10-01,108,10,1163,Current
2025-10-01,108,11,1089,Current
2025-10-01,108,12,893,Current
2025-10-01,108,13,513,Current
2025-10-01,108,14,876,Current
2025-10-01,108,15,589,Current
2025-10-01,109,1,1058,Current
2025-10-01,109,2,388,Current
2025-10-01,109,3,694,Current
2025-10-01,109,4,737,Current
2025-10-01,109,5,712,Current
2025-10-01,109,6,505,Current
2025-10-01,109,7,434,Current
2025-10-01,109,8,553,Current
2025-10-01,109,9,1023,Current
2025-10-01,109,10,590,Current
2025-10-01,109,11,1163,Current
2025-10-01,109,12,1248,Current
2025-10-01,109,13,281,Current
2025-10-01,109,14,1137,Current
2025-10-01,109,15,367,Current
2025-10-01,110,1,995,Current
2025-10-01,110,2,623,Current
2025-10-01,110,3,674,Current
2025-10-01,110,4,643,Current
2025-10-01,110,5,761,Current
2025-10-01,110,6,512,Current
2025-10-01,110,7,399,Current
2025-10-01,110,8,474,Current
2025-10-01,110,9,871,Current
2025-10-01,110,10,866,Current
2025-10-01,110,11,769,Current
2025-10-01,110,12,680,Current
2025-10-01,110,13,314,Current
2025-10-01,110,14,1492,Current
2025-10-01,110,15,405,Current
2025-10-01,111,1,995,Current
2025-10-01,111,2,491,Current
2025-10-01,111,3,875,Current
2025-10-01,111,4,765,Current
2025-10-01,111,5,970,Current
2025-10-01,111,6,991,Current
2025-10-01,111,7,555,Current
2025-10-01,111,8,526,Current
2025-10-01,111,9,1046,Current
2025-10-01,111,10,1437,Current
2025-10-01,111,11,922,Current
2025-10-01,111,12,788,Current
2025-10-01,111,13,372,Current
2025-10-01,111,14,595,Current
2025-10-01,111,15,880,Current
2025-10-01,112,1,1121,Current
2025-10-01,112,2,561,Current
2025-10-01,112,3,772,Current
2025-10-01,112,4,706,Current
2025-10-01,112,5,1028,Current
2025-10-01,112,6,551,Current
2025-10-01,112,7,465,Current
2025-10-01,112,8,1268,Current
2025-10-01,112,9,990,Current
2025-10-01,112,10,1476,Current
2025-10-01,112,11,939,Current
2025-10-01,112,12,661,Current
2025-10-01,112,13,387,Current
2025-10-01,112,14,960,Current
2025-10-01,112,15,421,Current
2025-10-01,113,1,2110,Current
2025-10-01,113,2,371,Current
2025-10-01,113,3,755,Current
2025-10-01,113,4,751,Current
2025-10-01,113,5,476,Current
2025-10-01,113,6,561,Current
2025-10-01,113,7,423,Current
2025-10-01,113,8,596,Current
2025-10-01,113,9,819,Current
2025-10-01,113,10,1558,Current
2025-10-01,113,11,1840,Current
2025-10-01,113,12,1515,Current
2025-10-01,113,13,315,Current
2025-10-01,113,14,533,Current
2025-10-01,113,15,780,Current
2025-10-01,114,1,1017,Current
2025-10-01,114,2,1003,Current
2025-10-01,114,3,675,Current
2025-10-01,114,4,783,Current
2025-10-01,114,5,348,Current
2025-10-01,114,6,496,Current
2025-10-01,114,7,374,Current
2025-10-01,114,8,518,Current
2025-10-01,114,9,1002,Current
2025-10-01,114,10,694,Current
2025-10-01,114,11,580,Current
2025-10-01,114,12,608,Current
2025-10-01,114,13,320,Current
2025-10-01,114,14,550,Current
2025-10-01,114,15,398,Current
2025-10-01,115,1,862,Current
2025-10-01,115,2,408,Current
2025-10-01,115,3,1118,Current
2025-10-01,115,4,647,Current
2025-10-01,115,5,380,Current
2025-10-01,115,6,396,Current
2025-10-01,115,7,782,Current
2025-10-01,115,8,474,Current
2025-10-01,115,9,786,Current
2025-10-01,115,10,531,Current
2025-10-01,115,11,625,Current
2025-10-01,115,12,561,Current
2025-10-01,115,13,301,Current
2025-10-01,115,14,528,Current
2025-10-01,115,15,379,Current
2025-10-01,116,1,2434,Current
2025-10-01,116,2,390,Current
2025-10-01,116,3,448,Current
2025-10-01,116,4,1428,Current
2025-10-01,116,5,333,Current
2025-10-01,116,6,365,Current
2025-10-01,116,7,346,Current
2025-10-01,116,8,388,Current
2025-10-01,116,9,878,Current
2025-10-01,116,10,1319,Current
2025-10-01,116,11,625,Current
2025-10-01,116,12,566,Current
2025-10-01,116,13,439,Current
2025-10-01,116,14,509,Current
2025-10-01,116,15,785,Current
2025-10-01,117,1,608,Current
2025-10-01,117,2,233,Current
2025-10-01,117,3,466,Current
2025-10-01,117,4,574,Current
2025-10-01,117,5,323,Current
2025-10-01,117,6,327,Current
2025-10-01,117,7,331,Current
2025-10-01,117,8,351,Current
2025-10-01,117,9,639,Current
2025-10-01,117,10,446,Current
2025-10-01,117,11,573,Current
2025-10-01,117,12,403,Current
2025-10-01,117,13,215,Current
2025-10-01,117,14,320,Current
2025-10-01,117,15,290,Current
2025-10-01,118,1,582,Current
2025-10-01,118,2,298,Current
2025-10-01,118,3,461,Current
2025-10-01,118,4,468,Current
2025-10-01,118,5,284,Current
2025-10-01,118,6,330,Current
2025-10-01,118,7,303,Current
2025-10-01,118,8,369,Current
2025-10-01,118,9,546,Current
2025-10-01,118,10,453,Current
2025-10-01,118,11,522,Current
2025-10-01,118,12,478,Current
2025-10-01,118,13,215,Current
2025-10-01,118,14,384,Current
2025-10-01,118,15,257,Current
2025-10-01,119,1,690,Current
2025-10-01,119,2,484,Current
2025-10-01,119,3,476,Current
2025-10-01,119,4,482,Current
2025-10-01,119,5,262,Current
2025-10-01,119,6,497,Current
2025-10-01,119,7,289,Current
2025-10-01,119,8,372,Current
2025-10-01,119,9,688,Current
2025-10-01,119,10,502,Current
2025-10-01,119,11,624,Current
2025-10-01,119,12,618,Current
2025-10-01,119,13,192,Current
2025-10-01,119,14,387,Current
2025-10-01,119,15,320,Current
2025-10-01,120,1,1189,Current
2025-10-01,120,2,237,Current
2025-10-01,120,3,466,Current
2025-10-01,120,4,648,Current
2025-10-01,120,5,243,Current
2025-10-01,120,6,268,Current
2025-10-01,120,7,284,Current
2025-10-01,120,8,329,Current
2025-10-01,120,9,588,Current
2025-10-01,120,10,599,Current
2025-10-01,120,11,452,Current
2025-10-01,120,12,415,Current
2025-10-01,120,13,211,Current
2025-10-01,120,14,336,Current
2025-10-01,120,15,308,Current
2025-10-01,121,1,963,Current
2025-10-01,121,2,374,Current
2025-10-01,121,3,681,Current
2025-10-01,121,4,645,Current
2025-10-01,121,5,281,Current
2025-10-01,121,6,383,Current
2025-10-01,121,7,305,Current
2025-10-01,121,8,403,Current
2025-10-01,121,9,794,Current
2025-10-01,121,10,523,Current
2025-10-01,121,11,605,Current
2025-10-01,121,12,461,Current
2025-10-01,121,13,228,Current
2025-10-01,121,14,353,Current
2025-10-01,121,15,323,Current
2025-10-01,122,1,861,Current
2025-10-01,122,2,373,Current
2025-10-01,122,3,633,Current
2025-10-01,122,4,537,Current
2025-10-01,122,5,283,Current
2025-10-01,122,6,313,Current
2025-10-01,122,7,341,Current
2025-10-01,122,8,456,Current
2025-10-01,122,9,757,Current
2025-10-01,122,10,479,Current
2025-10-01,122,11,623,Current
2025-10-01,122,12,568,Current
2025-10-01,122,13,248,Current
2025-10-01,122,14,382,Current
2025-10-01,122,15,351,Current
2025-10-01,123,1,716,Current
2025-10-01,123,2,298,Current
2025-10-01,123,3,470,Current
2025-10-01,123,4,475,Current
2025-10-01,123,5,284,Current
2025-10-01,123,6,269,Current
2025-10-01,123,7,327,Current
2025-10-01,123,8,347,Current
2025-10-01,123,9,591,Current
2025-10-01,123,10,485,Current
2025-10-01,123,11,612,Current
2025-10-01,123,12,412,Current
2025-10-01,123,13,227,Current
2025-10-01,123,14,364,Current
2025-10-01,123,15,305,Current
2025-10-01,124,1,815,Current
2025-10-01,124,2,297,Current
2025-10-01,124,3,460,Current
2025-10-01,124,4,541,Current
2025-10-01,124,5,264,Current
2025-10-01,124,6,302,Current
2025-10-01,124,7,316,Current
2025-10-01,124,8,419,Current
2025-10-01,124,9,562,Current
2025-10-01,124,10,605,Current
2025-10-01,124,11,475,Current
2025-10-01,124,12,423,Current
2025-10-01,124,13,206,Current
2025-10-01,124,14,388,Current
2025-10-01,124,15,312,Current
2025-10-01,125,1,634,Current
2025-10-01,125,2,228,Current
2025-10-01,125,3,371,Current
2025-10-01,125,4,381,Current
2025-10-01,125,5,300,Current
2025-10-01,125,6,282,Current
2025-10-01,125,7,229,Current
2025-10-01,125,8,320,Current
2025-10-01,125,9,544,Current
2025-10-01,125,10,339,Current
2025-10-01,125,11,361,Current
2025-10-01,125,12,278,Current
2025-10-01,125,13,177,Current
2025-10-01,125,14,360,Current
2025-10-01,125,15,342,Current
2025-10-01,126,1,615,Current
2025-10-01,126,2,258,Current
2025-10-01,126,3,423,Current
2025-10-01,126,4,367,Current
2025-10-01,126,5,197,Current
2025-10-01,126,6,247,Current
2025-10-01,126,7,240,Current
2025-10-01,126,8,250,Current
2025-10-01,126,9,557,Current
2025-10-01,126,10,338,Current
2025-10-01,126,11,454,Current
2025-10-01,126,12,414,Current
2025-10-01,126,13,153,Current
2025-10-01,126,14,341,Current
2025-10-01,126,15,269,Current
2025-10-01,127,1,504,Current
2025-10-01,127,2,238,Current
2025-10-01,127,3,436,Current
2025-10-01,127,4,426,Current
2025-10-01,127,5,271,Current
2025-10-01,127,6,296,Current
2025-10-01,127,7,299,Current
2025-10-01,127,8,309,Current
2025-10-01,127,9,617,Current
2025-10-01,127,10,437,Current
2025-10-01,127,11,671,Current
2025-10-01,127,12,402,Current
2025-10-01,127,13,193,Current
2025-10-01,127,14,360,Current
2025-10-01,127,15,294,Current
2025-10-01,128,1,770,Current
2025-10-01,128,2,318,Current
2025-10-01,128,3,421,Current
2025-10-01,128,4,451,Current
2025-10-01,128,5,239,Current
2025-10-01,128,6,288,Current
2025-10-01,128,7,238,Current
2025-10-01,128,8,287,Current
2025-10-01,128,9,557,Current
2025-10-01,128,10,484,Current
2025-10-01,128,11,421,Current
2025-10-01,128,12,412,Current
2025-10-01,128,13,215,Current
2025-10-01,128,14,339,Current
2025-10-01,128,15,259,Current
2025-10-01,129,1,756,Current
2025-10-01,129,2,260,Current
2025-10-01,129,3,452,Current
2025-10-01,129,4,451,Current
2025-10-01,129,5,230,Current
2025-10-01,129,6,310,Current
2025-10-01,129,7,281,Current
2025-10-01,129,8,288,Current
2025-10-01,129,9,557,Current
2025-10-01,129,10,439,Current
2025-10-01,129,11,485,Current
2025-10-01,129,12,359,Current
2025-10-01,129,13,234,Current
2025-10-01,129,14,354,Current
2025-10-01,129,15,322,Current
2025-10-01,130,1,800,Current
2025-10-01,130,2,247,Current
2025-10-01,130,3,466,Current
2025-10-01,130,4,491,Current
2025-10-01,130,5,256,Current
2025-10-01,130,6,316,Current
2025-10-01,130,7,501,Current
2025-10-01,130,8,251,Current
2025-10-01,130,9,533,Current
2025-10-01,130,10,496,Current
2025-10-01,130,11,515,Current
2025-10-01,130,12,383,Current
2025-10-01,130,13,192,Current
2025-10-01,130,14,417,Current
2025-10-01,130,15,270,Current
2025-10-01,131,1,636,Current
2025-10-01,131,2,354,Current
2025-10-01,131,3,551,Current
2025-10-01,131,4,568,Current
2025-10-01,131,5,297,Current
2025-10-01,131,6,372,Current
2025-10-01,131,7,278,Current
2025-10-01,131,8,368,Current
2025-10-01,131,9,607,Current
2025-10-01,131,10,600,Current
2025-10-01,131,11,491,Current
2025-10-01,131,12,711,Current
2025-10-01,131,13,232,Current
2025-10-01,131,14,304,Current
2025-10-01,131,15,314,Current
2025-10-01,132,1,776,Current
2025-10-01,132,2,253,Current
2025-10-01,132,3,423,Current
2025-10-01,132,4,509,Current
2025-10-01,132,5,232,Current
2025-10-01,132,6,328,Current
2025-10-01,132,7,269,Current
2025-10-01,132,8,394,Current
2025-10-01,132,9,613,Current
2025-10-01,132,10,446,Current
2025-10-01,132,11,549,Current
2025-10-01,132,12,434,Current
2025-10-01,132,13,237,Current
2025-10-01,132,14,379,Current
2025-10-01,132,15,311,Current
2025-10-01,133,1,711,Current
2025-10-01,133,2,240,Current
2025-10-01,133,3,464,Current
2025-10-01,133,4,441,Current
2025-10-01,133,5,359,Current
2025-10-01,133,6,325,Current
2025-10-01,133,7,251,Current
2025-10-01,133,8,390,Current
2025-10-01,133,9,608,Current
2025-10-01,133,10,489,Current
2025-10-01,133,11,645,Current
2025-10-01,133,12,461,Current
2025-10-01,133,13,267,Current
2025-10-01,133,14,309,Current
2025-10-01,133,15,357,Current
2025-10-01,134,1,683,Current
2025-10-01,134,2,321,Current
2025-10-01,134,3,521,Current
2025-10-01,134,4,526,Current
2025-10-01,134,5,320,Current
2025-10-01,134,6,372,Current
2025-10-01,134,7,297,Current
2025-10-01,134,8,340,Current
2025-10-01,134,9,583,Current
2025-10-01,134,10,485,Current
2025-10-01,134,11,587,Current
2025-10-01,134,12,716,Current
2025-10-01,134,13,247,Current
2025-10-01,134,14,299,Current
2025-10-01,134,15,312,Current
2025-10-01,135,1,655,Current
2025-10-01,135,2,222,Current
2025-10-01,135,3,453,Current
2025-10-01,135,4,435,Current
2025-10-01,135,5,241,Current
2025-10-01,135,6,306,Current
2025-10-01,135,7,296,Current
2025-10-01,135,8,348,Current
2025-10-01,135,9,668,Current
2025-10-01,135,10,556,Current
2025-10-01,135,11,473,Current
2025-10-01,135,12,377,Current
2025-10-01,135,13,161,Current
2025-10-01,135,14,393,Current
2025-10-01,135,15,289,Current
2025-10-01,136,1,705,Current
2025-10-01,136,2,302,Current
2025-10-01,136,3,419,Current
2025-10-01,136,4,906,Current
2025-10-01,136,5,210,Current
2025-10-01,136,6,307,Current
2025-10-01,136,7,280,Current
2025-10-01,136,8,340,Current
2025-10-01,136,9,621,Current
2025-10-01,136,10,387,Current
2025-10-01,136,11,779,Current
2025-10-01,136,12,349,Current
2025-10-01,136,13,238,Current
2025-10-01,136,14,414,Current
2025-10-01,136,15,265,Current
2025-10-01,137,1,946,Current
2025-10-01,137,2,290,Current
2025-10-01,137,3,462,Current
2025-10-01,137,4,520,Current
2025-10-01,137,5,298,Current
2025-10-01,137,6,354,Current
2025-10-01,137,7,344,Current
2025-10-01,137,8,341,Current
2025-10-01,137,9,629,Current
2025-10-01,137,10,527,Current
2025-10-01,137,11,500,Current
2025-10-01,137,12,383,Current
2025-10-01,137,13,218,Current
2025-10-01,137,14,363,Current
2025-10-01,137,15,300,Current
2025-10-01,138,1,616,Current
2025-10-01,138,2,371,Current
2025-10-01,138,3,499,Current
2025-10-01,138,4,542,Current
2025-10-01,138,5,285,Current
2025-10-01,138,6,265,Current
2025-10-01,138,7,276,Current
2025-10-01,138,8,338,Current
2025-10-01,138,9,621,Current
2025-10-01,138,10,729,Current
2025-10-01,138,11,487,Current
2025-10-01,138,12,389,Current
2025-10-01,138,13,216,Current
2025-10-01,138,14,392,Current
2025-10-01,138,15,306,Current
2025-10-01,139,1,744,Current
2025-10-01,139,2,308,Current
2025-10-01,139,3,491,Current
2025-10-01,139,4,541,Current
2025-10-01,139,5,271,Current
2025-10-01,139,6,318,Current
2025-10-01,139,7,304,Current
2025-10-01,139,8,338,Current
2025-10-01,139,9,705,Current
2025-10-01,139,10,551,Current
2025-10-01,139,11,512,Current
2025-10-01,139,12,708,Current
2025-10-01,139,13,213,Current
2025-10-01,139,14,430,Current
2025-10-01,139,15,255,Current
2025-10-01,140,1,748,Current
2025-10-01,140,2,283,Current
2025-10-01,140,3,504,Current
2025-10-01,140,4,580,Current
2025-10-01,140,5,224,Current
2025-10-01,140,6,401,Current
2025-10-01,140,7,339,Current
2025-10-01,140,8,372,Current
2025-10-01,140,9,1055,Current
2025-10-01,140,10,551,Current
2025-10-01,140,11,576,Current
2025-10-01,140,12,426,Current
2025-10-01,140,13,194,Current
2025-10-01,140,14,400,Current
2025-10-01,140,15,286,Current
2025-11-01,101,1,1364,Current
2025-11-01,101,2,664,Current
2025-11-01,101,3,917,Current
2025-11-01,101,4,1469,Current
2025-11-01,101,5,667,Current
2025-11-01,101,6,933,Current
2025-11-01,101,7,651,Current
2025-11-01,101,8,896,Current
2025-11-01,101,9,1605,Current
2025-11-01,101,10,987,Current
2025-11-01,101,11,1203,Current
2025-11-01,101,12,820,Current
2025-11-01,101,13,443,Current
2025-11-01,101,14,874,Current
2025-11-01,101,15,696,Current
2025-11-01,102,1,1666,Current
2025-11-01,102,2,650,Current
2025-11-01,102,3,1196,Current
2025-11-01,102,4,1306,Current
2025-11-01,102,5,513,Current
2025-11-01,102,6,793,Current
2025-11-01,102,7,616,Current
2025-11-01,102,8,891,Current
2025-11-01,102,9,1490,Current
2025-11-01,102,10,1360,Current
2025-11-01,102,11,984,Current
2025-11-01,102,12,1265,Current
2025-11-01,102,13,503,Current
2025-11-01,102,14,788,Current
2025-11-01,102,15,577,Current
2025-11-01,103,1,1584,Current
2025-11-01,103,2,601,Current
2025-11-01,103,3,1299,Current
2025-11-01,103,4,967,Current
2025-11-01,103,5,634,Current
2025-11-01,103,6,610,Current
2025-11-01,103,7,557,Current
2025-11-01,103,8,681,Current
2025-11-01,103,9,1520,Current
2025-11-01,103,10,1083,Current
2025-11-01,103,11,1061,Current
2025-11-01,103,12,1057,Current
2025-11-01,103,13,450,Current
2025-11-01,103,14,1040,Current
2025-11-01,103,15,682,Current
2025-11-01,104,1,1499,Current
2025-11-01,104,2,520,Current
2025-11-01,104,3,914,Current
2025-11-01,104,4,918,Current
2025-11-01,104,5,653,Current
2025-11-01,104,6,748,Current
2025-11-01,104,7,660,Current
2025-11-01,104,8,815,Current
2025-11-01,104,9,1740,Current
2025-11-01,104,10,966,Current
2025-11-01,104,11,1196,Current
2025-11-01,104,12,920,Current
2025-11-01,104,13,437,Current
2025-11-01,104,14,657,Current
2025-11-01,104,15,600,Current
2025-11-01,105,1,1360,Current
2025-11-01,105,2,618,Current
2025-11-01,105,3,1021,Current
2025-11-01,105,4,1004,Current
2025-11-01,105,5,458,Current
2025-11-01,105,6,467,Current
2025-11-01,105,7,558,Current
2025-11-01,105,8,528,Current
2025-11-01,105,9,910,Current
2025-11-01,105,10,970,Current
2025-11-01,105,11,1010,Current
2025-11-01,105,12,984,Current
2025-11-01,105,13,471,Current
2025-11-01,105,14,679,Current
2025-11-01,105,15,545,Current
2025-11-01,106,1,1257,Current
2025-11-01,106,2,540,Current
2025-11-01,106,3,923,Current
2025-11-01,106,4,987,Current
2025-11-01,106,5,575,Current
2025-11-01,106,6,634,Current
2025-11-01,106,7,544,Current
2025-11-01,106,8,594,Current
2025-11-01,106,9,1178,Current
2025-11-01,106,10,1030,Current
2025-11-01,106,11,870,Current
2025-11-01,106,12,1023,Current
2025-11-01,106,13,415,Current
2025-11-01,106,14,552,Current
2025-11-01,106,15,577,Current
2025-11-01,107,1,1664,Current
2025-11-01,107,2,630,Current
2025-11-01,107,3,1019,Current
2025-11-01,107,4,1152,Current
2025-11-01,107,5,522,Current
2025-11-01,107,6,696,Current
2025-11-01,107,7,536,Current
2025-11-01,107,8,642,Current
2025-11-01,107,9,1161,Current
2025-11-01,107,10,1055,Current
2025-11-01,107,11,1138,Current
2025-11-01,107,12,860,Current
2025-11-01,107,13,395,Current
2025-11-01,107,14,686,Current
2025-11-01,107,15,778,Current
2025-11-01,108,1,1532,Current
2025-11-01,108,2,521,Current
2025-11-01,108,3,1057,Current
2025-11-01,108,4,1042,Current
2025-11-01,108,5,586,Current
2025-11-01,108,6,553,Current
2025-11-01,108,7,535,Current
2025-11-01,108,8,785,Current
2025-11-01,108,9,1294,Current
2025-11-01,108,10,996,Current
2025-11-01,108,11,1088,Current
2025-11-01,108,12,919,Current
2025-11-01,108,13,487,Current
2025-11-01,108,14,711,Current
2025-11-01,108,15,635,Current
2025-11-01,109,1,959,Current
2025-11-01,109,2,961,Current
2025-11-01,109,3,663,Current
2025-11-01,109,4,747,Current
2025-11-01,109,5,461,Current
2025-11-01,109,6,482,Current
2025-11-01,109,7,392,Current
2025-11-01,109,8,1238,Current
2025-11-01,109,9,2099,Current
2025-11-01,109,10,699,Current
2025-11-01,109,11,644,Current
2025-11-01,109,12,1637,Current
2025-11-01,109,13,483,Current
2025-11-01,109,14,1523,Current
2025-11-01,109,15,351,Current
2025-11-01,110,1,2206,Current
2025-11-01,110,2,382,Current
2025-11-01,110,3,605,Current
2025-11-01,110,4,830,Current
2025-11-01,110,5,362,Current
2025-11-01,110,6,428,Current
2025-11-01,110,7,446,Current
2025-11-01,110,8,1294,Current
2025-11-01,110,9,905,Current
2025-11-01,110,10,1711,Current
2025-11-01,110,11,752,Current
2025-11-01,110,12,982,Current
2025-11-01,110,13,536,Current
2025-11-01,110,14,519,Current
2025-11-01,110,15,421,Current
2025-11-01,111,1,3536,Current
2025-11-01,111,2,645,Current
2025-11-01,111,3,691,Current
2025-11-01,111,4,937,Current
2025-11-01,111,5,838,Current
2025-11-01,111,6,881,Current
2025-11-01,111,7,429,Current
2025-11-01,111,8,1161,Current
2025-11-01,111,9,1023,Current
2025-11-01,111,10,748,Current
2025-11-01,111,11,721,Current
2025-11-01,111,12,1203,Current
2025-11-01,111,13,304,Current
2025-11-01,111,14,666,Current
2025-11-01,111,15,522,Current
2025-11-01,112,1,2664,Current
2025-11-01,112,2,468,Current
2025-11-01,112,3,753,Current
2025-11-01,112,4,829,Current
2025-11-01,112,5,478,Current
2025-11-01,112,6,883,Current
2025-11-01,112,7,458,Current
2025-11-01,112,8,572,Current
2025-11-01,112,9,1130,Current
2025-11-01,112,10,804,Current
2025-11-01,112,11,826,Current
2025-11-01,112,12,759,Current
2025-11-01,112,13,575,Current
2025-11-01,112,14,597,Current
2025-11-01,112,15,718,Current
2025-11-01,113,1,1898,Current
2025-11-01,113,2,382,Current
2025-11-01,113,3,630,Current
2025-11-01,113,4,845,Current
2025-11-01,113,5,376,Current
2025-11-01,113,6,405,Current
2025-11-01,113,7,431,Current
2025-11-01,113,8,1456,Current
2025-11-01,113,9,2157,Current
2025-11-01,113,10,753,Current
2025-11-01,113,11,762,Current
2025-11-01,113,12,602,Current
2025-11-01,113,13,301,Current
2025-11-01,113,14,568,Current
2025-11-01,113,15,421,Current
2025-11-01,114,1,1126,Current
2025-11-01,114,2,427,Current
2025-11-01,114,3,728,Current
2025-11-01,114,4,672,Current
2025-11-01,114,5,624,Current
2025-11-01,114,6,985,Current
2025-11-01,114,7,401,Current
2025-11-01,114,8,504,Current
2025-11-01,114,9,899,Current
2025-11-01,114,10,1553,Current
2025-11-01,114,11,701,Current
2025-11-01,114,12,598,Current
2025-11-01,114,13,328,Current
2025-11-01,114,14,624,Current
2025-11-01,114,15,921,Current
2025-11-01,115,1,933,Current
2025-11-01,115,2,458,Current
2025-11-01,115,3,600,Current
2025-11-01,115,4,675,Current
2025-11-01,115,5,919,Current
2025-11-01,115,6,440,Current
2025-11-01,115,7,368,Current
2025-11-01,115,8,448,Current
2025-11-01,115,9,706,Current
2025-11-01,115,10,919,Current
2025-11-01,115,11,677,Current
2025-11-01,115,12,536,Current
2025-11-01,115,13,259,Current
2025-11-01,115,14,433,Current
2025-11-01,115,15,527,Current
2025-11-01,116,1,842,Current
2025-11-01,116,2,356,Current
2025-11-01,116,3,622,Current
2025-11-01,116,4,708,Current
2025-11-01,116,5,309,Current
2025-11-01,116,6,473,Current
2025-11-01,116,7,343,Current
2025-11-01,116,8,910,Current
2025-11-01,116,9,751,Current
2025-11-01,116,10,1202,Current
2025-11-01,116,11,1462,Current
2025-11-01,116,12,532,Current
2025-11-01,116,13,320,Current
2025-11-01,116,14,545,Current
2025-11-01,116,15,823,Current
2025-11-01,117,1,696,Current
2025-11-01,117,2,281,Current
2025-11-01,117,3,538,Current
2025-11-01,117,4,465,Current
2025-11-01,117,5,226,Current
2025-11-01,117,6,385,Current
2025-11-01,117,7,348,Current
2025-11-01,117,8,369,Current
2025-11-01,117,9,604,Current
2025-11-01,117,10,500,Current
2025-11-01,117,11,423,Current
2025-11-01,117,12,510,Current
2025-11-01,117,13,222,Current
2025-11-01,117,14,326,Current
2025-11-01,117,15,344,Current
2025-11-01,118,1,633,Current
2025-11-01,118,2,293,Current
2025-11-01,118,3,721,Current
2025-11-01,118,4,513,Current
2025-11-01,118,5,299,Current
2025-11-01,118,6,331,Current
2025-11-01,118,7,222,Current
2025-11-01,118,8,415,Current
2025-11-01,118,9,672,Current
2025-11-01,118,10,482,Current
2025-11-01,118,11,480,Current
2025-11-01,118,12,394,Current
2025-11-01,118,13,189,Current
2025-11-01,118,14,307,Current
2025-11-01,118,15,364,Current
2025-11-01,119,1,690,Current
2025-11-01,119,2,322,Current
2025-11-01,119,3,694,Current
2025-11-01,119,4,574,Current
2025-11-01,119,5,334,Current
2025-11-01,119,6,471,Current
2025-11-01,119,7,281,Current
2025-11-01,119,8,341,Current
2025-11-01,119,9,647,Current
2025-11-01,119,10,526,Current
2025-11-01,119,11,513,Current
2025-11-01,119,12,463,Current
2025-11-01,119,13,211,Current
2025-11-01,119,14,367,Current
2025-11-01,119,15,371,Current
2025-11-01,120,1,860,Current
2025-11-01,120,2,282,Current
2025-11-01,120,3,441,Current
2025-11-01,120,4,489,Current
2025-11-01,120,5,320,Current
2025-11-01,120,6,314,Current
2025-11-01,120,7,297,Current
2025-11-01,120,8,329,Current
2025-11-01,120,9,642,Current
2025-11-01,120,10,493,Current
2025-11-01,120,11,513,Current
2025-11-01,120,12,447,Current
2025-11-01,120,13,224,Current
2025-11-01,120,14,323,Current
2025-11-01,120,15,374,Current
2025-11-01,121,1,791,Current
2025-11-01,121,2,403,Current
2025-11-01,121,3,576,Current
2025-11-01,121,4,514,Current
2025-11-01,121,5,413,Current
2025-11-01,121,6,337,Current
2025-11-01,121,7,308,Current
2025-11-01,121,8,329,Current
2025-11-01,121,9,610,Current
2025-11-01,121,10,585,Current
2025-11-01,121,11,508,Current
2025-11-01,121,12,465,Current
2025-11-01,121,13,256,Current
2025-11-01,121,14,392,Current
2025-11-01,121,15,339,Current
2025-11-01,122,1,620,Current
2025-11-01,122,2,313,Current
2025-11-01,122,3,436,Current
2025-11-01,122,4,566,Current
2025-11-01,122,5,374,Current
2025-11-01,122,6,380,Current
2025-11-01,122,7,313,Current
2025-11-01,122,8,346,Current
2025-11-01,122,9,678,Current
2025-11-01,122,10,484,Current
2025-11-01,122,11,486,Current
2025-11-01,122,12,464,Current
2025-11-01,122,13,244,Current
2025-11-01,122,14,422,Current
2025-11-01,122,15,513,Current
2025-11-01,123,1,690,Current
2025-11-01,123,2,291,Current
2025-11-01,123,3,433,Current
2025-11-01,123,4,466,Current
2025-11-01,123,5,244,Current
2025-11-01,123,6,291,Current
2025-11-01,123,7,308,Current
2025-11-01,123,8,329,Current
2025-11-01,123,9,556,Current
2025-11-01,123,10,484,Current
2025-11-01,123,11,465,Current
2025-11-01,123,12,393,Current
2025-11-01,123,13,206,Current
2025-11-01,123,14,412,Current
2025-11-01,123,15,357,Current
2025-11-01,124,1,567,Current
2025-11-01,124,2,297,Current
2025-11-01,124,3,505,Current
2025-11-01,124,4,578,Current
2025-11-01,124,5,271,Current
2025-11-01,124,6,597,Current
2025-11-01,124,7,274,Current
2025-11-01,124,8,313,Current
2025-11-01,124,9,613,Current
2025-11-01,124,10,566,Current
2025-11-01,124,11,494,Current
2025-11-01,124,12,408,Current
2025-11-01,124,13,207,Current
2025-11-01,124,14,353,Current
2025-11-01,124,15,300,Current
2025-11-01,125,1,577,Current
2025-11-01,125,2,183,Current
2025-11-01,125,3,279,Current
2025-11-01,125,4,448,Current
2025-11-01,125,5,255,Current
2025-11-01,125,6,247,Current
2025-11-01,125,7,218,Current
2025-11-01,125,8,274,Current
2025-11-01,125,9,506,Current
2025-11-01,125,10,342,Current
2025-11-01,125,11,345,Current
2025-11-01,125,12,341,Current
2025-11-01,125,13,161,Current
2025-11-01,125,14,281,Current
2025-11-01,125,15,214,Current
2025-11-01,126,1,574,Current
2025-11-01,126,2,235,Current
2025-11-01,126,3,326,Current
2025-11-01,126,4,358,Current
2025-11-01,126,5,211,Current
2025-11-01,126,6,252,Current
2025-11-01,126,7,215,Current
2025-11-01,126,8,278,Current
2025-11-01,126,9,429,Current
2025-11-01,126,10,354,Current
2025-11-01,126,11,404,Current
2025-11-01,126,12,361,Current
2025-11-01,126,13,176,Current
2025-11-01,126,14,279,Current
2025-11-01,126,15,244,Current
2025-11-01,127,1,575,Current
2025-11-01,127,2,266,Current
2025-11-01,127,3,452,Current
2025-11-01,127,4,388,Current
2025-11-01,127,5,232,Current
2025-11-01,127,6,270,Current
2025-11-01,127,7,267,Current
2025-11-01,127,8,301,Current
2025-11-01,127,9,540,Current
2025-11-01,127,10,358,Current
2025-11-01,127,11,707,Current
2025-11-01,127,12,325,Current
2025-11-01,127,13,185,Current
2025-11-01,127,14,307,Current
2025-11-01,127,15,256,Current
2025-11-01,128,1,773,Current
2025-11-01,128,2,244,Current
2025-11-01,128,3,360,Current
2025-11-01,128,4,520,Current
2025-11-01,128,5,238,Current
2025-11-01,128,6,309,Current
2025-11-01,128,7,223,Current
2025-11-01,128,8,243,Current
2025-11-01,128,9,499,Current
2025-11-01,128,10,394,Current
2025-11-01,128,11,381,Current
2025-11-01,128,12,383,Current
2025-11-01,128,13,160,Current
2025-11-01,128,14,282,Current
2025-11-01,128,15,273,Current
2025-11-01,129,1,595,Current
2025-11-01,129,2,224,Current
2025-11-01,129,3,407,Current
2025-11-01,129,4,441,Current
2025-11-01,129,5,231,Current
2025-11-01,129,6,323,Current
2025-11-01,129,7,222,Current
2025-11-01,129,8,306,Current
2025-11-01,129,9,588,Current
2025-11-01,129,10,512,Current
2025-11-01,129,11,462,Current
2025-11-01,129,12,418,Current
2025-11-01,129,13,176,Current
2025-11-01,129,14,334,Current
2025-11-01,129,15,265,Current
2025-11-01,130,1,576,Current
2025-11-01,130,2,240,Current
2025-11-01,130,3,449,Current
2025-11-01,130,4,410,Current
2025-11-01,130,5,239,Current
2025-11-01,130,6,298,Current
2025-11-01,130,7,219,Current
2025-11-01,130,8,322,Current
2025-11-01,130,9,502,Current
2025-11-01,130,10,439,Current
2025-11-01,130,11,494,Current
2025-11-01,130,12,347,Current
2025-11-01,130,13,171,Current
2025-11-01,130,14,296,Current
2025-11-01,130,15,262,Current
2025-11-01,131,1,551,Current
2025-11-01,131,2,249,Current
2025-11-01,131,3,422,Current
2025-11-01,131,4,850,Current
2025-11-01,131,5,309,Current
2025-11-01,131,6,263,Current
2025-11-01,131,7,485,Current
2025-11-01,131,8,337,Current
2025-11-01,131,9,625,Current
2025-11-01,131,10,507,Current
2025-11-01,131,11,586,Current
2025-11-01,131,12,410,Current
2025-11-01,131,13,237,Current
2025-11-01,131,14,349,Current
2025-11-01,131,15,264,Current
2025-11-01,132,1,577,Current
2025-11-01,132,2,278,Current
2025-11-01,132,3,474,Current
2025-11-01,132,4,518,Current
2025-11-01,132,5,261,Current
2025-11-01,132,6,326,Current
2025-11-01,132,7,227,Current
2025-11-01,132,8,513,Current
2025-11-01,132,9,578,Current
2025-11-01,132,10,602,Current
2025-11-01,132,11,538,Current
2025-11-01,132,12,473,Current
2025-11-01,132,13,197,Current
2025-11-01,132,14,467,Current
2025-11-01,132,15,251,Current
2025-11-01,133,1,804,Current
2025-11-01,133,2,275,Current
2025-11-01,133,3,493,Current
2025-11-01,133,4,415,Current
2025-11-01,133,5,254,Current
2025-11-01,133,6,399,Current
2025-11-01,133,7,257,Current
2025-11-01,133,8,388,Current
2025-11-01,133,9,550,Current
2025-11-01,133,10,583,Current
2025-11-01,133,11,538,Current
2025-11-01,133,12,445,Current
2025-11-01,133,13,231,Current
2025-11-01,133,14,319,Current
2025-11-01,133,15,331,Current
2025-11-01,134,1,760,Current
2025-11-01,134,2,279,Current
2025-11-01,134,3,529,Current
2025-11-01,134,4,382,Current
2025-11-01,134,5,429,Current
2025-11-01,134,6,322,Current
2025-11-01,134,7,320,Current
2025-11-01,134,8,413,Current
2025-11-01,134,9,621,Current
2025-11-01,134,10,480,Current
2025-11-01,134,11,548,Current
2025-11-01,134,12,416,Current
2025-11-01,134,13,222,Current
2025-11-01,134,14,390,Current
2025-11-01,134,15,379,Current
2025-11-01,135,1,745,Current
2025-11-01,135,2,246,Current
2025-11-01,135,3,473,Current
2025-11-01,135,4,522,Current
2025-11-01,135,5,277,Current
2025-11-01,135,6,323,Current
2025-11-01,135,7,274,Current
2025-11-01,135,8,307,Current
2025-11-01,135,9,563,Current
2025-11-01,135,10,446,Current
2025-11-01,135,11,451,Current
2025-11-01,135,12,574,Current
2025-11-01,135,13,178,Current
2025-11-01,135,14,326,Current
2025-11-01,135,15,281,Current
2025-11-01,136,1,830,Current
2025-11-01,136,2,271,Current
2025-11-01,136,3,556,Current
2025-11-01,136,4,465,Current
2025-11-01,136,5,241,Current
2025-11-01,136,6,390,Current
2025-11-01,136,7,257,Current
2025-11-01,136,8,294,Current
2025-11-01,136,9,470,Current
2025-11-01,136,10,497,Current
2025-11-01,136,11,485,Current
2025-11-01,136,12,403,Current
2025-11-01,136,13,243,Current
2025-11-01,136,14,280,Current
2025-11-01,136,15,303,Current
2025-11-01,137,1,668,Current
2025-11-01,137,2,256,Current
2025-11-01,137,3,534,Current
2025-11-01,137,4,499,Current
2025-11-01,137,5,261,Current
2025-11-01,137,6,278,Current
2025-11-01,137,7,278,Current
2025-11-01,137,8,403,Current
2025-11-01,137,9,1349,Current
2025-11-01,137,10,534,Current
2025-11-01,137,11,471,Current
2025-11-01,137,12,451,Current
2025-11-01,137,13,342,Current
2025-11-01,137,14,394,Current
2025-11-01,137,15,281,Current
2025-11-01,138,1,825,Current
2025-11-01,138,2,308,Current
2025-11-01,138,3,521,Current
2025-11-01,138,4,632,Current
2025-11-01,138,5,282,Current
2025-11-01,138,6,294,Current
2025-11-01,138,7,351,Current
2025-11-01,138,8,367,Current
2025-11-01,138,9,596,Current
2025-11-01,138,10,458,Current
2025-11-01,138,11,516,Current
2025-11-01,138,12,388,Current
2025-11-01,138,13,249,Current
2025-11-01,138,14,363,Current
2025-11-01,138,15,459,Current
2025-11-01,139,1,709,Current
2025-11-01,139,2,309,Current
2025-11-01,139,3,892,Current
2025-11-01,139,4,544,Current
2025-11-01,139,5,271,Current
2025-11-01,139,6,337,Current
2025-11-01,139,7,238,Current
2025-11-01,139,8,294,Current
2025-11-01,139,9,560,Current
2025-11-01,139,10,485,Current
2025-11-01,139,11,581,Current
2025-11-01,139,12,418,Current
2025-11-01,139,13,212,Current
2025-11-01,139,14,352,Current
2025-11-01,139,15,304,Current
2025-11-01,140,1,719,Current
2025-11-01,140,2,286,Current
2025-11-01,140,3,425,Current
2025-11-01,140,4,503,Current
2025-11-01,140,5,297,Current
2025-11-01,140,6,316,Current
2025-11-01,140,7,310,Current
2025-11-01,140,8,381,Current
2025-11-01,140,9,652,Current
2025-11-01,140,10,477,Current
2025-11-01,140,11,548,Current
2025-11-01,140,12,480,Current
2025-11-01,140,13,230,Current
2025-11-01,140,14,392,Current
2025-11-01,140,15,355,Current
2025-12-01,101,1,1842,Current
2025-12-01,101,2,642,Current
2025-12-01,101,3,1123,Current
2025-12-01,101,4,967,Current
2025-12-01,101,5,536,Current
2025-12-01,101,6,751,Current
2025-12-01,101,7,673,Current
2025-12-01,101,8,842,Current
2025-12-01,101,9,1463,Current
2025-12-01,101,10,1233,Current
2025-12-01,101,11,1371,Current
2025-12-01,101,12,906,Current
2025-12-01,101,13,542,Current
2025-12-01,101,14,767,Current
2025-12-01,101,15,751,Current
2025-12-01,102,1,1737,Current
2025-12-01,102,2,647,Current
2025-12-01,102,3,1432,Current
2025-12-01,102,4,1482,Current
2025-12-01,102,5,714,Current
2025-12-01,102,6,857,Current
2025-12-01,102,7,617,Current
2025-12-01,102,8,932,Current
2025-12-01,102,9,1753,Current
2025-12-01,102,10,1233,Current
2025-12-01,102,11,1228,Current
2025-12-01,102,12,967,Current
2025-12-01,102,13,884,Current
2025-12-01,102,14,703,Current
2025-12-01,102,15,714,Current
2025-12-01,103,1,1667,Current
2025-12-01,103,2,543,Current
2025-12-01,103,3,1000,Current
2025-12-01,103,4,1112,Current
2025-12-01,103,5,526,Current
2025-12-01,103,6,739,Current
2025-12-01,103,7,610,Current
2025-12-01,103,8,755,Current
2025-12-01,103,9,1579,Current
2025-12-01,103,10,1642,Current
2025-12-01,103,11,961,Current
2025-12-01,103,12,972,Current
2025-12-01,103,13,403,Current
2025-12-01,103,14,718,Current
2025-12-01,103,15,594,Current
2025-12-01,104,1,1791,Current
2025-12-01,104,2,591,Current
2025-12-01,104,3,907,Current
2025-12-01,104,4,968,Current
2025-12-01,104,5,569,Current
2025-12-01,104,6,621,Current
2025-12-01,104,7,653,Current
2025-12-01,104,8,753,Current
2025-12-01,104,9,1195,Current
2025-12-01,104,10,1049,Current
2025-12-01,104,11,1147,Current
2025-12-01,104,12,848,Current
2025-12-01,104,13,461,Current
2025-12-01,104,14,795,Current
2025-12-01,104,15,702,Current
2025-12-01,105,1,1564,Current
2025-12-01,105,2,635,Current
2025-12-01,105,3,917,Current
2025-12-01,105,4,986,Current
2025-12-01,105,5,846,Current
2025-12-01,105,6,620,Current
2025-12-01,105,7,512,Current
2025-12-01,105,8,734,Current
2025-12-01,105,9,1321,Current
2025-12-01,105,10,997,Current
2025-12-01,105,11,883,Current
2025-12-01,105,12,1208,Current
2025-12-01,105,13,445,Current
2025-12-01,105,14,612,Current
2025-12-01,105,15,577,Current
2025-12-01,106,1,1121,Current
2025-12-01,106,2,533,Current
2025-12-01,106,3,951,Current
2025-12-01,106,4,1121,Current
2025-12-01,106,5,922,Current
2025-12-01,106,6,712,Current
2025-12-01,106,7,512,Current
2025-12-01,106,8,650,Current
2025-12-01,106,9,1184,Current
2025-12-01,106,10,996,Current
2025-12-01,106,11,957,Current
2025-12-01,106,12,926,Current
2025-12-01,106,13,478,Current
2025-12-01,106,14,676,Current
2025-12-01,106,15,471,Current
2025-12-01,107,1,1768,Current
2025-12-01,107,2,844,Current
2025-12-01,107,3,1336,Current
2025-12-01,107,4,924,Current
2025-12-01,107,5,608,Current
2025-12-01,107,6,630,Current
2025-12-01,107,7,666,Current
2025-12-01,107,8,763,Current
2025-12-01,107,9,2362,Current
2025-12-01,107,10,1009,Current
2025-12-01,107,11,974,Current
2025-12-01,107,12,1012,Current
2025-12-01,107,13,406,Current
2025-12-01,107,14,690,Current
2025-12-01,107,15,1152,Current
2025-12-01,108,1,1834,Current
2025-12-01,108,2,622,Current
2025-12-01,108,3,1099,Current
2025-12-01,108,4,984,Current
2025-12-01,108,5,549,Current
2025-12-01,108,6,705,Current
2025-12-01,108,7,557,Current
2025-12-01,108,8,701,Current
2025-12-01,108,9,1416,Current
2025-12-01,108,10,1005,Current
2025-12-01,108,11,1069,Current
2025-12-01,108,12,958,Current
2025-12-01,108,13,411,Current
2025-12-01,108,14,798,Current
2025-12-01,108,15,564,Current
2025-12-01,109,1,1135,Current
2025-12-01,109,2,536,Current
2025-12-01,109,3,762,Current
2025-12-01,109,4,838,Current
2025-12-01,109,5,341,Current
2025-12-01,109,6,761,Current
2025-12-01,109,7,410,Current
2025-12-01,109,8,616,Current
2025-12-01,109,9,821,Current
2025-12-01,109,10,1533,Current
2025-12-01,109,11,1262,Current
2025-12-01,109,12,1120,Current
2025-12-01,109,13,634,Current
2025-12-01,109,14,1030,Current
2025-12-01,109,15,533,Current
2025-12-01,110,1,1560,Current
2025-12-01,110,2,404,Current
2025-12-01,110,3,1497,Current
2025-12-01,110,4,610,Current
2025-12-01,110,5,346,Current
2025-12-01,110,6,431,Current
2025-12-01,110,7,780,Current
2025-12-01,110,8,409,Current
2025-12-01,110,9,871,Current
2025-12-01,110,10,1699,Current
2025-12-01,110,11,1093,Current
2025-12-01,110,12,621,Current
2025-12-01,110,13,798,Current
2025-12-01,110,14,527,Current
2025-12-01,110,15,755,Current
2025-12-01,111,1,1185,Current
2025-12-01,111,2,390,Current
2025-12-01,111,3,1000,Current
2025-12-01,111,4,1070,Current
2025-12-01,111,5,541,Current
2025-12-01,111,6,502,Current
2025-12-01,111,7,370,Current
2025-12-01,111,8,647,Current
2025-12-01,111,9,1129,Current
2025-12-01,111,10,684,Current
2025-12-01,111,11,1287,Current
2025-12-01,111,12,1571,Current
2025-12-01,111,13,346,Current
2025-12-01,111,14,518,Current
2025-12-01,111,15,967,Current
2025-12-01,112,1,2423,Current
2025-12-01,112,2,412,Current
2025-12-01,112,3,1456,Current
2025-12-01,112,4,1224,Current
2025-12-01,112,5,962,Current
2025-12-01,112,6,453,Current
2025-12-01,112,7,390,Current
2025-12-01,112,8,1244,Current
2025-12-01,112,9,1134,Current
2025-12-01,112,10,1705,Current
2025-12-01,112,11,844,Current
2025-12-01,112,12,1190,Current
2025-12-01,112,13,333,Current
2025-12-01,112,14,469,Current
2025-12-01,112,15,690,Current
2025-12-01,113,1,995,Current
2025-12-01,113,2,337,Current
2025-12-01,113,3,1282,Current
2025-12-01,113,4,713,Current
2025-12-01,113,5,824,Current
2025-12-01,113,6,438,Current
2025-12-01,113,7,379,Current
2025-12-01,113,8,419,Current
2025-12-01,113,9,938,Current
2025-12-01,113,10,648,Current
2025-12-01,113,11,1466,Current
2025-12-01,113,12,598,Current
2025-12-01,113,13,338,Current
2025-12-01,113,14,569,Current
2025-12-01,113,15,452,Current
2025-12-01,114,1,1020,Current
2025-12-01,114,2,408,Current
2025-12-01,114,3,814,Current
2025-12-01,114,4,821,Current
2025-12-01,114,5,459,Current
2025-12-01,114,6,1105,Current
2025-12-01,114,7,467,Current
2025-12-01,114,8,475,Current
2025-12-01,114,9,871,Current
2025-12-01,114,10,805,Current
2025-12-01,114,11,701,Current
2025-12-01,114,12,598,Current
2025-12-01,114,13,284,Current
2025-12-01,114,14,994,Current
2025-12-01,114,15,425,Current
2025-12-01,115,1,954,Current
2025-12-01,115,2,407,Current
2025-12-01,115,3,1628,Current
2025-12-01,115,4,647,Current
2025-12-01,115,5,455,Current
2025-12-01,115,6,422,Current
2025-12-01,115,7,390,Current
2025-12-01,115,8,466,Current
2025-12-01,115,9,769,Current
2025-12-01,115,10,556,Current
2025-12-01,115,11,731,Current
2025-12-01,115,12,645,Current
2025-12-01,115,13,304,Current
2025-12-01,115,14,461,Current
2025-12-01,115,15,453,Current
2025-12-01,116,1,900,Current
2025-12-01,116,2,401,Current
2025-12-01,116,3,800,Current
2025-12-01,116,4,702,Current
2025-12-01,116,5,303,Current
2025-12-01,116,6,455,Current
2025-12-01,116,7,606,Current
2025-12-01,116,8,427,Current
2025-12-01,116,9,866,Current
2025-12-01,116,10,577,Current
2025-12-01,116,11,767,Current
2025-12-01,116,12,785,Current
2025-12-01,116,13,578,Current
2025-12-01,116,14,857,Current
2025-12-01,116,15,454,Current
2025-12-01,117,1,767,Current
2025-12-01,117,2,263,Current
2025-12-01,117,3,474,Current
2025-12-01,117,4,794,Current
2025-12-01,117,5,303,Current
2025-12-01,117,6,389,Current
2025-12-01,117,7,367,Current
2025-12-01,117,8,369,Current
2025-12-01,117,9,641,Current
2025-12-01,117,10,556,Current
2025-12-01,117,11,546,Current
2025-12-01,117,12,499,Current
2025-12-01,117,13,306,Current
2025-12-01,117,14,384,Current
2025-12-01,117,15,342,Current
2025-12-01,118,1,858,Current
2025-12-01,118,2,358,Current
2025-12-01,118,3,507,Current
2025-12-01,118,4,644,Current
2025-12-01,118,5,294,Current
2025-12-01,118,6,393,Current
2025-12-01,118,7,495,Current
2025-12-01,118,8,345,Current
2025-12-01,118,9,680,Current
2025-12-01,118,10,534,Current
2025-12-01,118,11,509,Current
2025-12-01,118,12,420,Current
2025-12-01,118,13,243,Current
2025-12-01,118,14,415,Current
2025-12-01,118,15,342,Current
2025-12-01,119,1,811,Current
2025-12-01,119,2,469,Current
2025-12-01,119,3,630,Current
2025-12-01,119,4,627,Current
2025-12-01,119,5,428,Current
2025-12-01,119,6,403,Current
2025-12-01,119,7,333,Current
2025-12-01,119,8,306,Current
2025-12-01,119,9,683,Current
2025-12-01,119,10,620,Current
2025-12-01,119,11,515,Current
2025-12-01,119,12,477,Current
2025-12-01,119,13,233,Current
2025-12-01,119,14,358,Current
2025-12-01,119,15,335,Current
2025-12-01,120,1,680,Current
2025-12-01,120,2,264,Current
2025-12-01,120,3,814,Current
2025-12-01,120,4,487,Current
2025-12-01,120,5,322,Current
2025-12-01,120,6,336,Current
2025-12-01,120,7,311,Current
2025-12-01,120,8,425,Current
2025-12-01,120,9,593,Current
2025-12-01,120,10,527,Current
2025-12-01,120,11,588,Current
2025-12-01,120,12,391,Current
2025-12-01,120,13,289,Current
2025-12-01,120,14,490,Current
2025-12-01,120,15,381,Current
2025-12-01,121,1,948,Current
2025-12-01,121,2,390,Current
2025-12-01,121,3,562,Current
2025-12-01,121,4,710,Current
2025-12-01,121,5,328,Current
2025-12-01,121,6,361,Current
2025-12-01,121,7,338,Current
2025-12-01,121,8,491,Current
2025-12-01,121,9,816,Current
2025-12-01,121,10,678,Current
2025-12-01,121,11,642,Current
2025-12-01,121,12,564,Current
2025-12-01,121,13,356,Current
2025-12-01,121,14,531,Current
2025-12-01,121,15,335,Current
2025-12-01,122,1,794,Current
2025-12-01,122,2,359,Current
2025-12-01,122,3,712,Current
2025-12-01,122,4,715,Current
2025-12-01,122,5,340,Current
2025-12-01,122,6,453,Current
2025-12-01,122,7,311,Current
2025-12-01,122,8,471,Current
2025-12-01,122,9,888,Current
2025-12-01,122,10,608,Current
2025-12-01,122,11,559,Current
2025-12-01,122,12,546,Current
2025-12-01,122,13,242,Current
2025-12-01,122,14,440,Current
2025-12-01,122,15,386,Current
2025-12-01,123,1,770,Current
2025-12-01,123,2,396,Current
2025-12-01,123,3,563,Current
2025-12-01,123,4,539,Current
2025-12-01,123,5,326,Current
2025-12-01,123,6,384,Current
2025-12-01,123,7,295,Current
2025-12-01,123,8,428,Current
2025-12-01,123,9,695,Current
2025-12-01,123,10,556,Current
2025-12-01,123,11,533,Current
2025-12-01,123,12,503,Current
2025-12-01,123,13,292,Current
2025-12-01,123,14,831,Current
2025-12-01,123,15,348,Current
2025-12-01,124,1,855,Current
2025-12-01,124,2,317,Current
2025-12-01,124,3,648,Current
2025-12-01,124,4,1030,Current
2025-12-01,124,5,413,Current
2025-12-01,124,6,383,Current
2025-12-01,124,7,334,Current
2025-12-01,124,8,423,Current
2025-12-01,124,9,587,Current
2025-12-01,124,10,1357,Current
2025-12-01,124,11,657,Current
2025-12-01,124,12,429,Current
2025-12-01,124,13,250,Current
2025-12-01,124,14,432,Current
2025-12-01,124,15,475,Current
2025-12-01,125,1,559,Current
2025-12-01,125,2,189,Current
2025-12-01,125,3,362,Current
2025-12-01,125,4,400,Current
2025-12-01,125,5,199,Current
2025-12-01,125,6,251,Current
2025-12-01,125,7,205,Current
2025-12-01,125,8,248,Current
2025-12-01,125,9,697,Current
2025-12-01,125,10,366,Current
2025-12-01,125,11,407,Current
2025-12-01,125,12,287,Current
2025-12-01,125,13,172,Current
2025-12-01,125,14,326,Current
2025-12-01,125,15,262,Current
2025-12-01,126,1,553,Current
2025-12-01,126,2,223,Current
2025-12-01,126,3,424,Current
2025-12-01,126,4,407,Current
2025-12-01,126,5,221,Current
2025-12-01,126,6,234,Current
2025-12-01,126,7,220,Current
2025-12-01,126,8,275,Current
2025-12-01,126,9,506,Current
2025-12-01,126,10,499,Current
2025-12-01,126,11,407,Current
2025-12-01,126,12,327,Current
2025-12-01,126,13,176,Current
2025-12-01,126,14,263,Current
2025-12-01,126,15,271,Current
2025-12-01,127,1,510,Current
2025-12-01,127,2,214,Current
2025-12-01,127,3,443,Current
2025-12-01,127,4,422,Current
2025-12-01,127,5,243,Current
2025-12-01,127,6,280,Current
2025-12-01,127,7,231,Current
2025-12-01,127,8,290,Current
2025-12-01,127,9,547,Current
2025-12-01,127,10,417,Current
2025-12-01,127,11,525,Current
2025-12-01,127,12,333,Current
2025-12-01,127,13,214,Current
2025-12-01,127,14,237,Current
2025-12-01,127,15,216,Current
2025-12-01,128,1,582,Current
2025-12-01,128,2,229,Current
2025-12-01,128,3,424,Current
2025-12-01,128,4,421,Current
2025-12-01,128,5,180,Current
2025-12-01,128,6,266,Current
2025-12-01,128,7,186,Current
2025-12-01,128,8,222,Current
2025-12-01,128,9,531,Current
2025-12-01,128,10,413,Current
2025-12-01,128,11,385,Current
2025-12-01,128,12,341,Current
2025-12-01,128,13,216,Current
2025-12-01,128,14,295,Current
2025-12-01,128,15,261,Current
2025-12-01,129,1,572,Current
2025-12-01,129,2,220,Current
2025-12-01,129,3,424,Current
2025-12-01,129,4,447,Current
2025-12-01,129,5,245,Current
2025-12-01,129,6,263,Current
2025-12-01,129,7,217,Current
2025-12-01,129,8,337,Current
2025-12-01,129,9,474,Current
2025-12-01,129,10,474,Current
2025-12-01,129,11,441,Current
2025-12-01,129,12,289,Current
2025-12-01,129,13,208,Current
2025-12-01,129,14,337,Current
2025-12-01,129,15,285,Current
2025-12-01,130,1,578,Current
2025-12-01,130,2,243,Current
2025-12-01,130,3,417,Current
2025-12-01,130,4,456,Current
2025-12-01,130,5,257,Current
2025-12-01,130,6,263,Current
2025-12-01,130,7,317,Current
2025-12-01,130,8,239,Current
2025-12-01,130,9,504,Current
2025-12-01,130,10,423,Current
2025-12-01,130,11,487,Current
2025-12-01,130,12,368,Current
2025-12-01,130,13,189,Current
2025-12-01,130,14,285,Current
2025-12-01,130,15,258,Current
2025-12-01,131,1,847,Current
2025-12-01,131,2,291,Current
2025-12-01,131,3,415,Current
2025-12-01,131,4,505,Current
2025-12-01,131,5,246,Current
2025-12-01,131,6,341,Current
2025-12-01,131,7,271,Current
2025-12-01,131,8,338,Current
2025-12-01,131,9,677,Current
2025-12-01,131,10,451,Current
2025-12-01,131,11,618,Current
2025-12-01,131,12,419,Current
2025-12-01,131,13,203,Current
2025-12-01,131,14,308,Current
2025-12-01,131,15,252,Current
2025-12-01,132,1,695,Current
2025-12-01,132,2,239,Current
2025-12-01,132,3,716,Current
2025-12-01,132,4,410,Current
2025-12-01,132,5,281,Current
2025-12-01,132,6,263,Current
2025-12-01,132,7,258,Current
2025-12-01,132,8,324,Current
2025-12-01,132,9,854,Current
2025-12-01,132,10,530,Current
2025-12-01,132,11,452,Current
2025-12-01,132,12,384,Current
2025-12-01,132,13,199,Current
2025-12-01,132,14,296,Current
2025-12-01,132,15,312,Current
2025-12-01,133,1,690,Current
2025-12-01,133,2,383,Current
2025-12-01,133,3,491,Current
2025-12-01,133,4,492,Current
2025-12-01,133,5,281,Current
2025-12-01,133,6,327,Current
2025-12-01,133,7,294,Current
2025-12-01,133,8,338,Current
2025-12-01,133,9,611,Current
2025-12-01,133,10,498,Current
2025-12-01,133,11,732,Current
2025-12-01,133,12,560,Current
2025-12-01,133,13,204,Current
2025-12-01,133,14,341,Current
2025-12-01,133,15,321,Current
2025-12-01,134,1,754,Current
2025-12-01,134,2,596,Current
2025-12-01,134,3,559,Current
2025-12-01,134,4,530,Current
2025-12-01,134,5,300,Current
2025-12-01,134,6,336,Current
2025-12-01,134,7,299,Current
2025-12-01,134,8,499,Current
2025-12-01,134,9,695,Current
2025-12-01,134,10,436,Current
2025-12-01,134,11,577,Current
2025-12-01,134,12,513,Current
2025-12-01,134,13,243,Current
2025-12-01,134,14,409,Current
2025-12-01,134,15,320,Current
2025-12-01,135,1,663,Current
2025-12-01,135,2,284,Current
2025-12-01,135,3,521,Current
2025-12-01,135,4,444,Current
2025-12-01,135,5,255,Current
2025-12-01,135,6,323,Current
2025-12-01,135,7,247,Current
2025-12-01,135,8,331,Current
2025-12-01,135,9,590,Current
2025-12-01,135,10,434,Current
2025-12-01,135,11,452,Current
2025-12-01,135,12,362,Current
2025-12-01,135,13,202,Current
2025-12-01,135,14,320,Current
2025-12-01,135,15,282,Current
2025-12-01,136,1,724,Current
2025-12-01,136,2,293,Current
2025-12-01,136,3,406,Current
2025-12-01,136,4,513,Current
2025-12-01,136,5,207,Current
2025-12-01,136,6,338,Current
2025-12-01,136,7,275,Current
2025-12-01,136,8,322,Current
2025-12-01,136,9,554,Current
2025-12-01,136,10,400,Current
2025-12-01,136,11,466,Current
2025-12-01,136,12,482,Current
2025-12-01,136,13,223,Current
2025-12-01,136,14,306,Current
2025-12-01,136,15,334,Current
2025-12-01,137,1,800,Current
2025-12-01,137,2,342,Current
2025-12-01,137,3,494,Current
2025-12-01,137,4,471,Current
2025-12-01,137,5,243,Current
2025-12-01,137,6,391,Current
2025-12-01,137,7,312,Current
2025-12-01,137,8,340,Current
2025-12-01,137,9,666,Current
2025-12-01,137,10,563,Current
2025-12-01,137,11,500,Current
2025-12-01,137,12,399,Current
2025-12-01,137,13,255,Current
2025-12-01,137,14,435,Current
2025-12-01,137,15,331,Current
2025-12-01,138,1,800,Current
2025-12-01,138,2,288,Current
2025-12-01,138,3,507,Current
2025-12-01,138,4,598,Current
2025-12-01,138,5,312,Current
2025-12-01,138,6,345,Current
2025-12-01,138,7,305,Current
2025-12-01,138,8,340,Current
2025-12-01,138,9,642,Current
2025-12-01,138,10,485,Current
2025-12-01,138,11,842,Current
2025-12-01,138,12,424,Current
2025-12-01,138,13,239,Current
2025-12-01,138,14,362,Current
2025-12-01,138,15,395,Current
2025-12-01,139,1,815,Current
2025-12-01,139,2,326,Current
2025-12-01,139,3,480,Current
2025-12-01,139,4,663,Current
2025-12-01,139,5,279,Current
2025-12-01,139,6,334,Current
2025-12-01,139,7,184,Current
2025-12-01,139,8,399,Current
2025-12-01,139,9,621,Current
2025-12-01,139,10,570,Current
2025-12-01,139,11,517,Current
2025-12-01,139,12,435,Current
2025-12-01,139,13,189,Current
2025-12-01,139,14,335,Current
2025-12-01,139,15,319,Current
2025-12-01,140,1,713,Current
2025-12-01,140,2,370,Current
2025-12-01,140,3,557,Current
2025-12-01,140,4,654,Current
2025-12-01,140,5,276,Current
2025-12-01,140,6,354,Current
2025-12-01,140,7,304,Current
2025-12-01,140,8,359,Current
2025-12-01,140,9,542,Current
2025-12-01,140,10,643,Current
2025-12-01,140,11,492,Current
2025-12-01,140,12,448,Current
2025-12-01,140,13,231,Current
2025-12-01,140,14,381,Current
2025-12-01,140,15,321,Current
2026-01-01,101,1,1364,Current
2026-01-01,101,1,1340,Budget
2026-01-01,101,2,785,Current
2026-01-01,101,2,819,Budget
2026-01-01,101,3,1183,Current
2026-01-01,101,3,1236,Budget
2026-01-01,101,4,1262,Current
2026-01-01,101,4,1237,Budget
2026-01-01,101,5,703,Current
2026-01-01,101,5,683,Budget
2026-01-01,101,6,755,Current
2026-01-01,101,6,732,Budget
2026-01-01,101,7,668,Current
2026-01-01,101,7,645,Budget
2026-01-01,101,8,878,Current
2026-01-01,101,8,919,Budget
2026-01-01,101,9,1643,Current
2026-01-01,101,9,1611,Budget
2026-01-01,101,10,1338,Current
2026-01-01,101,10,1287,Budget
2026-01-01,101,11,1554,Current
2026-01-01,101,11,1576,Budget
2026-01-01,101,12,1284,Current
2026-01-01,101,12,1347,Budget
2026-01-01,101,13,527,Current
2026-01-01,101,13,509,Budget
2026-01-01,101,14,1012,Current
2026-01-01,101,14,1012,Budget
2026-01-01,101,15,701,Current
2026-01-01,101,15,708,Budget
2026-01-01,102,1,1608,Current
2026-01-01,102,1,1620,Budget
2026-01-01,102,2,734,Current
2026-01-01,102,2,755,Budget
2026-01-01,102,3,909,Current
2026-01-01,102,3,927,Budget
2026-01-01,102,4,1333,Current
2026-01-01,102,4,1323,Budget
2026-01-01,102,5,851,Current
2026-01-01,102,5,829,Budget
2026-01-01,102,6,844,Current
2026-01-01,102,6,835,Budget
2026-01-01,102,7,735,Current
2026-01-01,102,7,718,Budget
2026-01-01,102,8,771,Current
2026-01-01,102,8,802,Budget
2026-01-01,102,9,1195,Current
2026-01-01,102,9,1240,Budget
2026-01-01,102,10,1083,Current
2026-01-01,102,10,1114,Budget
2026-01-01,102,11,961,Current
2026-01-01,102,11,942,Budget
2026-01-01,102,12,975,Current
2026-01-01,102,12,1025,Budget
2026-01-01,102,13,567,Current
2026-01-01,102,13,566,Budget
2026-01-01,102,14,875,Current
2026-01-01,102,14,882,Budget
2026-01-01,102,15,784,Current
2026-01-01,102,15,781,Budget
2026-01-01,103,1,1654,Current
2026-01-01,103,1,1643,Budget
2026-01-01,103,2,519,Current
2026-01-01,103,2,518,Budget
2026-01-01,103,3,1120,Current
2026-01-01,103,3,1108,Budget
2026-01-01,103,4,1167,Current
2026-01-01,103,4,1203,Budget
2026-01-01,103,5,503,Current
2026-01-01,103,5,506,Budget
2026-01-01,103,6,621,Current
2026-01-01,103,6,601,Budget
2026-01-01,103,7,667,Current
2026-01-01,103,7,683,Budget
2026-01-01,103,8,1251,Current
2026-01-01,103,8,1261,Budget
2026-01-01,103,9,1777,Current
2026-01-01,103,9,1722,Budget
2026-01-01,103,10,956,Current
2026-01-01,103,10,959,Budget
2026-01-01,103,11,1163,Current
2026-01-01,103,11,1168,Budget
2026-01-01,103,12,910,Current
2026-01-01,103,12,891,Budget
2026-01-01,103,13,555,Current
2026-01-01,103,13,568,Budget
2026-01-01,103,14,989,Current
2026-01-01,103,14,1047,Budget
2026-01-01,103,15,584,Current
2026-01-01,103,15,595,Budget
2026-01-01,104,1,1875,Current
2026-01-01,104,1,1891,Budget
2026-01-01,104,2,560,Current
2026-01-01,104,2,579,Budget
2026-01-01,104,3,1254,Current
2026-01-01,104,3,1232,Budget
2026-01-01,104,4,1190,Current
2026-01-01,104,4,1169,Budget
2026-01-01,104,5,690,Current
2026-01-01,104,5,689,Budget
2026-01-01,104,6,729,Current
2026-01-01,104,6,757,Budget
2026-01-01,104,7,696,Current
2026-01-01,104,7,698,Budget
2026-01-01,104,8,786,Current
2026-01-01,104,8,791,Budget
2026-01-01,104,9,1740,Current
2026-01-01,104,9,1713,Budget
2026-01-01,104,10,1397,Current
2026-01-01,104,10,1398,Budget
2026-01-01,104,11,961,Current
2026-01-01,104,11,1010,Budget
2026-01-01,104,12,981,Current
2026-01-01,104,12,946,Budget
2026-01-01,104,13,458,Current
2026-01-01,104,13,461,Budget
2026-01-01,104,14,698,Current
2026-01-01,104,14,707,Budget
2026-01-01,104,15,774,Current
2026-01-01,104,15,760,Budget
2026-01-01,105,1,1612,Current
2026-01-01,105,1,1672,Budget
2026-01-01,105,2,528,Current
2026-01-01,105,2,511,Budget
2026-01-01,105,3,976,Current
2026-01-01,105,3,986,Budget
2026-01-01,105,4,1198,Current
2026-01-01,105,4,1194,Budget
2026-01-01,105,5,528,Current
2026-01-01,105,5,529,Budget
2026-01-01,105,6,639,Current
2026-01-01,105,6,646,Budget
2026-01-01,105,7,569,Current
2026-01-01,105,7,572,Budget
2026-01-01,105,8,810,Current
2026-01-01,105,8,809,Budget
2026-01-01,105,9,1421,Current
2026-01-01,105,9,1419,Budget
2026-01-01,105,10,1286,Current
2026-01-01,105,10,1296,Budget
2026-01-01,105,11,1031,Current
2026-01-01,105,11,1012,Budget
2026-01-01,105,12,913,Current
2026-01-01,105,12,881,Budget
2026-01-01,105,13,473,Current
2026-01-01,105,13,494,Budget
2026-01-01,105,14,731,Current
2026-01-01,105,14,736,Budget
2026-01-01,105,15,620,Current
2026-01-01,105,15,614,Budget
2026-01-01,106,1,1555,Current
2026-01-01,106,1,1546,Budget
2026-01-01,106,2,734,Current
2026-01-01,106,2,777,Budget
2026-01-01,106,3,1039,Current
2026-01-01,106,3,1062,Budget
2026-01-01,106,4,1355,Current
2026-01-01,106,4,1404,Budget
2026-01-01,106,5,634,Current
2026-01-01,106,5,646,Budget
2026-01-01,106,6,621,Current
2026-01-01,106,6,633,Budget
2026-01-01,106,7,689,Current
2026-01-01,106,7,730,Budget
2026-01-01,106,8,621,Current
2026-01-01,106,8,649,Budget
2026-01-01,106,9,1379,Current
2026-01-01,106,9,1443,Budget
2026-01-01,106,10,1034,Current
2026-01-01,106,10,1086,Budget
2026-01-01,106,11,1128,Current
2026-01-01,106,11,1087,Budget
2026-01-01,106,12,820,Current
2026-01-01,106,12,824,Budget
2026-01-01,106,13,433,Current
2026-01-01,106,13,454,Budget
2026-01-01,106,14,898,Current
2026-01-01,106,14,951,Budget
2026-01-01,106,15,703,Current
2026-01-01,106,15,702,Budget
2026-01-01,107,1,1299,Current
2026-01-01,107,1,1342,Budget
2026-01-01,107,2,502,Current
2026-01-01,107,2,493,Budget
2026-01-01,107,3,1004,Current
2026-01-01,107,3,1002,Budget
2026-01-01,107,4,1091,Current
2026-01-01,107,4,1099,Budget
2026-01-01,107,5,934,Current
2026-01-01,107,5,972,Budget
2026-01-01,107,6,774,Current
2026-01-01,107,6,771,Budget
2026-01-01,107,7,713,Current
2026-01-01,107,7,724,Budget
2026-01-01,107,8,856,Current
2026-01-01,107,8,832,Budget
2026-01-01,107,9,1393,Current
2026-01-01,107,9,1446,Budget
2026-01-01,107,10,1472,Current
2026-01-01,107,10,1481,Budget
2026-01-01,107,11,2189,Current
2026-01-01,107,11,2243,Budget
2026-01-01,107,12,1001,Current
2026-01-01,107,12,961,Budget
2026-01-01,107,13,671,Current
2026-01-01,107,13,684,Budget
2026-01-01,107,14,1054,Current
2026-01-01,107,14,1079,Budget
2026-01-01,107,15,716,Current
2026-01-01,107,15,729,Budget
2026-01-01,109,1,1032,Current
2026-01-01,109,1,1061,Budget
2026-01-01,109,2,441,Current
2026-01-01,109,2,429,Budget
2026-01-01,109,3,1490,Current
2026-01-01,109,3,1536,Budget
2026-01-01,109,4,673,Current
2026-01-01,109,4,706,Budget
2026-01-01,109,5,446,Current
2026-01-01,109,5,453,Budget
2026-01-01,109,6,581,Current
2026-01-01,109,6,590,Budget
2026-01-01,109,7,434,Current
2026-01-01,109,7,423,Budget
2026-01-01,109,8,592,Current
2026-01-01,109,8,586,Budget
2026-01-01,109,9,983,Current
2026-01-01,109,9,1026,Budget
2026-01-01,109,10,563,Current
2026-01-01,109,10,564,Budget
2026-01-01,109,11,2060,Current
2026-01-01,109,11,2052,Budget
2026-01-01,109,12,731,Current
2026-01-01,109,12,733,Budget
2026-01-01,109,13,349,Current
2026-01-01,109,13,349,Budget
2026-01-01,109,14,524,Current
2026-01-01,109,14,554,Budget
2026-01-01,109,15,851,Current
2026-01-01,109,15,836,Budget
2026-01-01,110,1,995,Current
2026-01-01,110,1,1036,Budget
2026-01-01,110,2,995,Current
2026-01-01,110,2,973,Budget
2026-01-01,110,3,663,Current
2026-01-01,110,3,702,Budget
2026-01-01,110,4,665,Current
2026-01-01,110,4,640,Budget
2026-01-01,110,5,380,Current
2026-01-01,110,5,387,Budget
2026-01-01,110,6,483,Current
2026-01-01,110,6,469,Budget
2026-01-01,110,7,416,Current
2026-01-01,110,7,403,Budget
2026-01-01,110,8,474,Current
2026-01-01,110,8,474,Budget
2026-01-01,110,9,830,Current
2026-01-01,110,9,818,Budget
2026-01-01,110,10,680,Current
2026-01-01,110,10,719,Budget
2026-01-01,110,11,799,Current
2026-01-01,110,11,791,Budget
2026-01-01,110,12,635,Current
2026-01-01,110,12,646,Budget
2026-01-01,110,13,342,Current
2026-01-01,110,13,361,Budget
2026-01-01,110,14,668,Current
2026-01-01,110,14,687,Budget
2026-01-01,110,15,410,Current
2026-01-01,110,15,430,Budget
2026-01-01,111,1,1374,Current
2026-01-01,111,1,1363,Budget
2026-01-01,111,2,522,Current
2026-01-01,111,2,526,Budget
2026-01-01,111,3,1772,Current
2026-01-01,111,3,1778,Budget
2026-01-01,111,4,1009,Current
2026-01-01,111,4,1002,Budget
2026-01-01,111,5,1233,Current
2026-01-01,111,5,1240,Budget
2026-01-01,111,6,700,Current
2026-01-01,111,6,714,Budget
2026-01-01,111,7,485,Current
2026-01-01,111,7,490,Budget
2026-01-01,111,8,707,Current
2026-01-01,111,8,738,Budget
2026-01-01,111,9,1057,Current
2026-01-01,111,9,1072,Budget
2026-01-01,111,10,698,Current
2026-01-01,111,10,704,Budget
2026-01-01,111,11,701,Current
2026-01-01,111,11,735,Budget
2026-01-01,111,12,598,Current
2026-01-01,111,12,581,Budget
2026-01-01,111,13,394,Current
2026-01-01,111,13,415,Budget
2026-01-01,111,14,613,Current
2026-01-01,111,14,616,Budget
2026-01-01,111,15,534,Current
2026-01-01,111,15,538,Budget
2026-01-01,112,1,989,Current
2026-01-01,112,1,954,Budget
2026-01-01,112,2,536,Current
2026-01-01,112,2,524,Budget
2026-01-01,112,3,948,Current
2026-01-01,112,3,911,Budget
2026-01-01,112,4,868,Current
2026-01-01,112,4,894,Budget
2026-01-01,112,5,492,Current
2026-01-01,112,5,487,Budget
2026-01-01,112,6,650,Current
2026-01-01,112,6,633,Budget
2026-01-01,112,7,556,Current
2026-01-01,112,7,553,Budget
2026-01-01,112,8,611,Current
2026-01-01,112,8,606,Budget
2026-01-01,112,9,871,Current
2026-01-01,112,9,851,Budget
2026-01-01,112,10,894,Current
2026-01-01,112,10,881,Budget
2026-01-01,112,11,1933,Current
2026-01-01,112,11,1892,Budget
2026-01-01,112,12,1374,Current
2026-01-01,112,12,1440,Budget
2026-01-01,112,13,358,Current
2026-01-01,112,13,379,Budget
2026-01-01,112,14,1365,Current
2026-01-01,112,14,1345,Budget
2026-01-01,112,15,1263,Current
2026-01-01,112,15,1312,Budget
2026-01-01,113,1,1077,Current
2026-01-01,113,1,1070,Budget
2026-01-01,113,2,432,Current
2026-01-01,113,2,428,Budget
2026-01-01,113,3,1080,Current
2026-01-01,113,3,1082,Budget
2026-01-01,113,4,860,Current
2026-01-01,113,4,878,Budget
2026-01-01,113,5,399,Current
2026-01-01,113,5,407,Budget
2026-01-01,113,6,453,Current
2026-01-01,113,6,450,Budget
2026-01-01,113,7,447,Current
2026-01-01,113,7,466,Budget
2026-01-01,113,8,457,Current
2026-01-01,113,8,445,Budget
2026-01-01,113,9,2216,Current
2026-01-01,113,9,2210,Budget
2026-01-01,113,10,755,Current
2026-01-01,113,10,798,Budget
2026-01-01,113,11,918,Current
2026-01-01,113,11,942,Budget
2026-01-01,113,12,801,Current
2026-01-01,113,12,784,Budget
2026-01-01,113,13,366,Current
2026-01-01,113,13,359,Budget
2026-01-01,113,14,1338,Current
2026-01-01,113,14,1316,Budget
2026-01-01,113,15,1110,Current
2026-01-01,113,15,1106,Budget
2026-01-01,114,1,1066,Current
2026-01-01,114,1,1080,Budget
2026-01-01,114,2,355,Current
2026-01-01,114,2,362,Budget
2026-01-01,114,3,747,Current
2026-01-01,114,3,761,Budget
2026-01-01,114,4,842,Current
2026-01-01,114,4,857,Budget
2026-01-01,114,5,862,Current
2026-01-01,114,5,876,Budget
2026-01-01,114,6,477,Current
2026-01-01,114,6,469,Budget
2026-01-01,114,7,410,Current
2026-01-01,114,7,404,Budget
2026-01-01,114,8,852,Current
2026-01-01,114,8,874,Budget
2026-01-01,114,9,825,Current
2026-01-01,114,9,810,Budget
2026-01-01,114,10,639,Current
2026-01-01,114,10,675,Budget
2026-01-01,114,11,870,Current
2026-01-01,114,11,840,Budget
2026-01-01,114,12,764,Current
2026-01-01,114,12,802,Budget
2026-01-01,114,13,557,Current
2026-01-01,114,13,586,Budget
2026-01-01,114,14,627,Current
2026-01-01,114,14,614,Budget
2026-01-01,114,15,472,Current
2026-01-01,114,15,475,Budget
2026-01-01,115,1,1024,Current
2026-01-01,115,1,1070,Budget
2026-01-01,115,2,720,Current
2026-01-01,115,2,705,Budget
2026-01-01,115,3,691,Current
2026-01-01,115,3,686,Budget
2026-01-01,115,4,631,Current
2026-01-01,115,4,651,Budget
2026-01-01,115,5,694,Current
2026-01-01,115,5,690,Budget
2026-01-01,115,6,471,Current
2026-01-01,115,6,461,Budget
2026-01-01,115,7,332,Current
2026-01-01,115,7,347,Budget
2026-01-01,115,8,383,Current
2026-01-01,115,8,376,Budget
2026-01-01,115,9,1918,Current
2026-01-01,115,9,1987,Budget
2026-01-01,115,10,1159,Current
2026-01-01,115,10,1172,Budget
2026-01-01,115,11,1538,Current
2026-01-01,115,11,1490,Budget
2026-01-01,115,12,555,Current
2026-01-01,115,12,570,Budget
2026-01-01,115,13,317,Current
2026-01-01,115,13,333,Budget
2026-01-01,115,14,812,Current
2026-01-01,115,14,835,Budget
2026-01-01,115,15,1311,Current
2026-01-01,115,15,1342,Budget
2026-01-01,117,1,685,Current
2026-01-01,117,1,666,Budget
2026-01-01,117,2,372,Current
2026-01-01,117,2,357,Budget
2026-01-01,117,3,452,Current
2026-01-01,117,3,443,Budget
2026-01-01,117,4,598,Current
2026-01-01,117,4,583,Budget
2026-01-01,117,5,318,Current
2026-01-01,117,5,327,Budget
2026-01-01,117,6,394,Current
2026-01-01,117,6,405,Budget
2026-01-01,117,7,350,Current
2026-01-01,117,7,349,Budget
2026-01-01,117,8,331,Current
2026-01-01,117,8,341,Budget
2026-01-01,117,9,637,Current
2026-01-01,117,9,628,Budget
2026-01-01,117,10,484,Current
2026-01-01,117,10,488,Budget
2026-01-01,117,11,448,Current
2026-01-01,117,11,433,Budget
2026-01-01,117,12,485,Current
2026-01-01,117,12,509,Budget
2026-01-01,117,13,364,Current
2026-01-01,117,13,373,Budget
2026-01-01,117,14,417,Current
2026-01-01,117,14,417,Budget
2026-01-01,117,15,331,Current
2026-01-01,117,15,325,Budget
2026-01-01,118,1,892,Current
2026-01-01,118,1,919,Budget
2026-01-01,118,2,333,Current
2026-01-01,118,2,323,Budget
2026-01-01,118,3,460,Current
2026-01-01,118,3,482,Budget
2026-01-01,118,4,558,Current
2026-01-01,118,4,540,Budget
2026-01-01,118,5,264,Current
2026-01-01,118,5,278,Budget
2026-01-01,118,6,390,Current
2026-01-01,118,6,383,Budget
2026-01-01,118,7,259,Current
2026-01-01,118,7,252,Budget
2026-01-01,118,8,295,Current
2026-01-01,118,8,288,Budget
2026-01-01,118,9,587,Current
2026-01-01,118,9,621,Budget
2026-01-01,118,10,562,Current
2026-01-01,118,10,595,Budget
2026-01-01,118,11,486,Current
2026-01-01,118,11,489,Budget
2026-01-01,118,12,659,Current
2026-01-01,118,12,680,Budget
2026-01-01,118,13,245,Current
2026-01-01,118,13,253,Budget
2026-01-01,118,14,414,Current
2026-01-01,118,14,413,Budget
2026-01-01,118,15,419,Current
2026-01-01,118,15,421,Budget
2026-01-01,119,1,950,Current
2026-01-01,119,1,949,Budget
2026-01-01,119,2,323,Current
2026-01-01,119,2,337,Budget
2026-01-01,119,3,422,Current
2026-01-01,119,3,410,Budget
2026-01-01,119,4,598,Current
2026-01-01,119,4,633,Budget
2026-01-01,119,5,293,Current
2026-01-01,119,5,302,Budget
2026-01-01,119,6,402,Current
2026-01-01,119,6,423,Budget
2026-01-01,119,7,306,Current
2026-01-01,119,7,318,Budget
2026-01-01,119,8,329,Current
2026-01-01,119,8,343,Budget
2026-01-01,119,9,1418,Current
2026-01-01,119,9,1439,Budget
2026-01-01,119,10,523,Current
2026-01-01,119,10,536,Budget
2026-01-01,119,11,537,Current
2026-01-01,119,11,543,Budget
2026-01-01,119,12,471,Current
2026-01-01,119,12,454,Budget
2026-01-01,119,13,341,Current
2026-01-01,119,13,335,Budget
2026-01-01,119,14,400,Current
2026-01-01,119,14,411,Budget
2026-01-01,119,15,307,Current
2026-01-01,119,15,319,Budget
2026-01-01,120,1,772,Current
2026-01-01,120,1,781,Budget
2026-01-01,120,2,304,Current
2026-01-01,120,2,321,Budget
2026-01-01,120,3,497,Current
2026-01-01,120,3,487,Budget
2026-01-01,120,4,542,Current
2026-01-01,120,4,543,Budget
2026-01-01,120,5,396,Current
2026-01-01,120,5,391,Budget
2026-01-01,120,6,345,Current
2026-01-01,120,6,360,Budget
2026-01-01,120,7,336,Current
2026-01-01,120,7,343,Budget
2026-01-01,120,8,319,Current
2026-01-01,120,8,323,Budget
2026-01-01,120,9,483,Current
2026-01-01,120,9,480,Budget
2026-01-01,120,10,544,Current
2026-01-01,120,10,561,Budget
2026-01-01,120,11,565,Current
2026-01-01,120,11,549,Budget
2026-01-01,120,12,467,Current
2026-01-01,120,12,492,Budget
2026-01-01,120,13,215,Current
2026-01-01,120,13,227,Budget
2026-01-01,120,14,418,Current
2026-01-01,120,14,431,Budget
2026-01-01,120,15,315,Current
2026-01-01,120,15,316,Budget
2026-01-01,121,1,823,Current
2026-01-01,121,1,862,Budget
2026-01-01,121,2,324,Current
2026-01-01,121,2,335,Budget
2026-01-01,121,3,485,Current
2026-01-01,121,3,472,Budget
2026-01-01,121,4,757,Current
2026-01-01,121,4,797,Budget
2026-01-01,121,5,244,Current
2026-01-01,121,5,249,Budget
2026-01-01,121,6,442,Current
2026-01-01,121,6,459,Budget
2026-01-01,121,7,266,Current
2026-01-01,121,7,260,Budget
2026-01-01,121,8,437,Current
2026-01-01,121,8,455,Budget
2026-01-01,121,9,750,Current
2026-01-01,121,9,777,Budget
2026-01-01,121,10,484,Current
2026-01-01,121,10,475,Budget
2026-01-01,121,11,530,Current
2026-01-01,121,11,529,Budget
2026-01-01,121,12,581,Current
2026-01-01,121,12,580,Budget
2026-01-01,121,13,258,Current
2026-01-01,121,13,264,Budget
2026-01-01,121,14,353,Current
2026-01-01,121,14,366,Budget
2026-01-01,121,15,387,Current
2026-01-01,121,15,410,Budget
2026-01-01,122,1,854,Current
2026-01-01,122,1,891,Budget
2026-01-01,122,2,300,Current
2026-01-01,122,2,309,Budget
2026-01-01,122,3,581,Current
2026-01-01,122,3,588,Budget
2026-01-01,122,4,785,Current
2026-01-01,122,4,770,Budget
2026-01-01,122,5,316,Current
2026-01-01,122,5,309,Budget
2026-01-01,122,6,408,Current
2026-01-01,122,6,410,Budget
2026-01-01,122,7,309,Current
2026-01-01,122,7,308,Budget
2026-01-01,122,8,451,Current
2026-01-01,122,8,476,Budget
2026-01-01,122,9,604,Current
2026-01-01,122,9,582,Budget
2026-01-01,122,10,819,Current
2026-01-01,122,10,831,Budget
2026-01-01,122,11,636,Current
2026-01-01,122,11,665,Budget
2026-01-01,122,12,471,Current
2026-01-01,122,12,497,Budget
2026-01-01,122,13,300,Current
2026-01-01,122,13,314,Budget
2026-01-01,122,14,563,Current
2026-01-01,122,14,554,Budget
2026-01-01,122,15,402,Current
2026-01-01,122,15,417,Budget
2026-01-01,123,1,764,Current
2026-01-01,123,1,807,Budget
2026-01-01,123,2,339,Current
2026-01-01,123,2,347,Budget
2026-01-01,123,3,512,Current
2026-01-01,123,3,519,Budget
2026-01-01,123,4,652,Current
2026-01-01,123,4,681,Budget
2026-01-01,123,5,288,Current
2026-01-01,123,5,288,Budget
2026-01-01,123,6,394,Current
2026-01-01,123,6,408,Budget
2026-01-01,123,7,323,Current
2026-01-01,123,7,311,Budget
2026-01-01,123,8,355,Current
2026-01-01,123,8,343,Budget
2026-01-01,123,9,834,Current
2026-01-01,123,9,882,Budget
2026-01-01,123,10,501,Current
2026-01-01,123,10,507,Budget
2026-01-01,123,11,568,Current
2026-01-01,123,11,545,Budget
2026-01-01,123,12,415,Current
2026-01-01,123,12,430,Budget
2026-01-01,123,13,236,Current
2026-01-01,123,13,238,Budget
2026-01-01,123,14,440,Current
2026-01-01,123,14,462,Budget
2026-01-01,123,15,476,Current
2026-01-01,123,15,458,Budget
2026-01-01,125,1,657,Current
2026-01-01,125,1,694,Budget
2026-01-01,125,2,269,Current
2026-01-01,125,2,269,Budget
2026-01-01,125,3,411,Current
2026-01-01,125,3,432,Budget
2026-01-01,125,4,392,Current
2026-01-01,125,4,398,Budget
2026-01-01,125,5,268,Current
2026-01-01,125,5,273,Budget
2026-01-01,125,6,238,Current
2026-01-01,125,6,231,Budget
2026-01-01,125,7,264,Current
2026-01-01,125,7,274,Budget
2026-01-01,125,8,298,Current
2026-01-01,125,8,304,Budget
2026-01-01,125,9,861,Current
2026-01-01,125,9,859,Budget
2026-01-01,125,10,489,Current
2026-01-01,125,10,514,Budget
2026-01-01,125,11,485,Current
2026-01-01,125,11,502,Budget
2026-01-01,125,12,434,Current
2026-01-01,125,12,439,Budget
2026-01-01,125,13,208,Current
2026-01-01,125,13,220,Budget
2026-01-01,125,14,319,Current
2026-01-01,125,14,307,Budget
2026-01-01,125,15,294,Current
2026-01-01,125,15,297,Budget
2026-01-01,126,1,618,Current
2026-01-01,126,1,604,Budget
2026-01-01,126,2,282,Current
2026-01-01,126,2,274,Budget
2026-01-01,126,3,419,Current
2026-01-01,126,3,433,Budget
2026-01-01,126,4,421,Current
2026-01-01,126,4,417,Budget
2026-01-01,126,5,217,Current
2026-01-01,126,5,214,Budget
2026-01-01,126,6,276,Current
2026-01-01,126,6,275,Budget
2026-01-01,126,7,238,Current
2026-01-01,126,7,232,Budget
2026-01-01,126,8,279,Current
2026-01-01,126,8,270,Budget
2026-01-01,126,9,648,Current
2026-01-01,126,9,666,Budget
2026-01-01,126,10,471,Current
2026-01-01,126,10,457,Budget
2026-01-01,126,11,508,Current
2026-01-01,126,11,488,Budget
2026-01-01,126,12,400,Current
2026-01-01,126,12,403,Budget
2026-01-01,126,13,198,Current
2026-01-01,126,13,202,Budget
2026-01-01,126,14,347,Current
2026-01-01,126,14,366,Budget
2026-01-01,126,15,258,Current
2026-01-01,126,15,264,Budget
2026-01-01,127,1,600,Current
2026-01-01,127,1,594,Budget
2026-01-01,127,2,285,Current
2026-01-01,127,2,301,Budget
2026-01-01,127,3,416,Current
2026-01-01,127,3,416,Budget
2026-01-01,127,4,442,Current
2026-01-01,127,4,444,Budget
2026-01-01,127,5,260,Current
2026-01-01,127,5,258,Budget
2026-01-01,127,6,309,Current
2026-01-01,127,6,304,Budget
2026-01-01,127,7,269,Current
2026-01-01,127,7,266,Budget
2026-01-01,127,8,359,Current
2026-01-01,127,8,355,Budget
2026-01-01,127,9,622,Current
2026-01-01,127,9,602,Budget
2026-01-01,127,10,519,Current
2026-01-01,127,10,527,Budget
2026-01-01,127,11,524,Current
2026-01-01,127,11,555,Budget
2026-01-01,127,12,399,Current
2026-01-01,127,12,418,Budget
2026-01-01,127,13,236,Current
2026-01-01,127,13,234,Budget
2026-01-01,127,14,372,Current
2026-01-01,127,14,372,Budget
2026-01-01,127,15,279,Current
2026-01-01,127,15,269,Budget
2026-01-01,128,1,794,Current
2026-01-01,128,1,775,Budget
2026-01-01,128,2,266,Current
2026-01-01,128,2,280,Budget
2026-01-01,128,3,411,Current
2026-01-01,128,3,416,Budget
2026-01-01,128,4,433,Current
2026-01-01,128,4,434,Budget
2026-01-01,128,5,239,Current
2026-01-01,128,5,240,Budget
2026-01-01,128,6,345,Current
2026-01-01,128,6,344,Budget
2026-01-01,128,7,245,Current
2026-01-01,128,7,255,Budget
2026-01-01,128,8,332,Current
2026-01-01,128,8,335,Budget
2026-01-01,128,9,756,Current
2026-01-01,128,9,741,Budget
2026-01-01,128,10,498,Current
2026-01-01,128,10,492,Budget
2026-01-01,128,11,440,Current
2026-01-01,128,11,455,Budget
2026-01-01,128,12,389,Current
2026-01-01,128,12,381,Budget
2026-01-01,128,13,206,Current
2026-01-01,128,13,216,Budget
2026-01-01,128,14,432,Current
2026-01-01,128,14,415,Budget
2026-01-01,128,15,270,Current
2026-01-01,128,15,273,Budget
2026-01-01,129,1,834,Current
2026-01-01,129,1,806,Budget
2026-01-01,129,2,290,Current
2026-01-01,129,2,293,Budget
2026-01-01,129,3,528,Current
2026-01-01,129,3,553,Budget
2026-01-01,129,4,536,Current
2026-01-01,129,4,523,Budget
2026-01-01,129,5,286,Current
2026-01-01,129,5,295,Budget
2026-01-01,129,6,291,Current
2026-01-01,129,6,287,Budget
2026-01-01,129,7,335,Current
2026-01-01,129,7,335,Budget
2026-01-01,129,8,293,Current
2026-01-01,129,8,290,Budget
2026-01-01,129,9,615,Current
2026-01-01,129,9,633,Budget
2026-01-01,129,10,439,Current
2026-01-01,129,10,455,Budget
2026-01-01,129,11,502,Current
2026-01-01,129,11,507,Budget
2026-01-01,129,12,410,Current
2026-01-01,129,12,399,Budget
2026-01-01,129,13,227,Current
2026-01-01,129,13,224,Budget
2026-01-01,129,14,329,Current
2026-01-01,129,14,335,Budget
2026-01-01,129,15,298,Current
2026-01-01,129,15,311,Budget
2026-01-01,130,1,674,Current
2026-01-01,130,1,692,Budget
2026-01-01,130,2,202,Current
2026-01-01,130,2,208,Budget
2026-01-01,130,3,341,Current
2026-01-01,130,3,336,Budget
2026-01-01,130,4,526,Current
2026-01-01,130,4,513,Budget
2026-01-01,130,5,239,Current
2026-01-01,130,5,250,Budget
2026-01-01,130,6,255,Current
2026-01-01,130,6,260,Budget
2026-01-01,130,7,233,Current
2026-01-01,130,7,239,Budget
2026-01-01,130,8,354,Current
2026-01-01,130,8,373,Budget
2026-01-01,130,9,702,Current
2026-01-01,130,9,739,Budget
2026-01-01,130,10,486,Current
2026-01-01,130,10,496,Budget
2026-01-01,130,11,678,Current
2026-01-01,130,11,678,Budget
2026-01-01,130,12,621,Current
2026-01-01,130,12,624,Budget
2026-01-01,130,13,196,Current
2026-01-01,130,13,206,Budget
2026-01-01,130,14,319,Current
2026-01-01,130,14,307,Budget
2026-01-01,130,15,292,Current
2026-01-01,130,15,298,Budget
2026-01-01,131,1,775,Current
2026-01-01,131,1,796,Budget
2026-01-01,131,2,323,Current
2026-01-01,131,2,338,Budget
2026-01-01,131,3,507,Current
2026-01-01,131,3,508,Budget
2026-01-01,131,4,574,Current
2026-01-01,131,4,607,Budget
2026-01-01,131,5,306,Current
2026-01-01,131,5,313,Budget
2026-01-01,131,6,383,Current
2026-01-01,131,6,374,Budget
2026-01-01,131,7,276,Current
2026-01-01,131,7,270,Budget
2026-01-01,131,8,457,Current
2026-01-01,131,8,478,Budget
2026-01-01,131,9,630,Current
2026-01-01,131,9,622,Budget
2026-01-01,131,10,644,Current
2026-01-01,131,10,646,Budget
2026-01-01,131,11,492,Current
2026-01-01,131,11,487,Budget
2026-01-01,131,12,545,Current
2026-01-01,131,12,538,Budget
2026-01-01,131,13,253,Current
2026-01-01,131,13,253,Budget
2026-01-01,131,14,475,Current
2026-01-01,131,14,474,Budget
2026-01-01,131,15,309,Current
2026-01-01,131,15,298,Budget
2026-01-01,133,1,785,Current
2026-01-01,133,1,785,Budget
2026-01-01,133,2,382,Current
2026-01-01,133,2,376,Budget
2026-01-01,133,3,501,Current
2026-01-01,133,3,489,Budget
2026-01-01,133,4,502,Current
2026-01-01,133,4,505,Budget
2026-01-01,133,5,279,Current
2026-01-01,133,5,287,Budget
2026-01-01,133,6,574,Current
2026-01-01,133,6,592,Budget
2026-01-01,133,7,324,Current
2026-01-01,133,7,313,Budget
2026-01-01,133,8,373,Current
2026-01-01,133,8,386,Budget
2026-01-01,133,9,788,Current
2026-01-01,133,9,773,Budget
2026-01-01,133,10,528,Current
2026-01-01,133,10,549,Budget
2026-01-01,133,11,605,Current
2026-01-01,133,11,617,Budget
2026-01-01,133,12,426,Current
2026-01-01,133,12,419,Budget
2026-01-01,133,13,236,Current
2026-01-01,133,13,245,Budget
2026-01-01,133,14,426,Current
2026-01-01,133,14,422,Budget
2026-01-01,133,15,365,Current
2026-01-01,133,15,357,Budget
2026-01-01,134,1,628,Current
2026-01-01,134,1,635,Budget
2026-01-01,134,2,423,Current
2026-01-01,134,2,442,Budget
2026-01-01,134,3,604,Current
2026-01-01,134,3,626,Budget
2026-01-01,134,4,735,Current
2026-01-01,134,4,761,Budget
2026-01-01,134,5,281,Current
2026-01-01,134,5,273,Budget
2026-01-01,134,6,347,Current
2026-01-01,134,6,343,Budget
2026-01-01,134,7,310,Current
2026-01-01,134,7,324,Budget
2026-01-01,134,8,350,Current
2026-01-01,134,8,352,Budget
2026-01-01,134,9,665,Current
2026-01-01,134,9,657,Budget
2026-01-01,134,10,497,Current
2026-01-01,134,10,526,Budget
2026-01-01,134,11,454,Current
2026-01-01,134,11,474,Budget
2026-01-01,134,12,490,Current
2026-01-01,134,12,512,Budget
2026-01-01,134,13,259,Current
2026-01-01,134,13,259,Budget
2026-01-01,134,14,397,Current
2026-01-01,134,14,399,Budget
2026-01-01,134,15,317,Current
2026-01-01,134,15,317,Budget
2026-01-01,135,1,654,Current
2026-01-01,135,1,688,Budget
2026-01-01,135,2,260,Current
2026-01-01,135,2,264,Budget
2026-01-01,135,3,359,Current
2026-01-01,135,3,350,Budget
2026-01-01,135,4,831,Current
2026-01-01,135,4,840,Budget
2026-01-01,135,5,413,Current
2026-01-01,135,5,412,Budget
2026-01-01,135,6,302,Current
2026-01-01,135,6,295,Budget
2026-01-01,135,7,246,Current
2026-01-01,135,7,246,Budget
2026-01-01,135,8,392,Current
2026-01-01,135,8,412,Budget
2026-01-01,135,9,622,Current
2026-01-01,135,9,644,Budget
2026-01-01,135,10,405,Current
2026-01-01,135,10,421,Budget
2026-01-01,135,11,437,Current
2026-01-01,135,11,433,Budget
2026-01-01,135,12,602,Current
2026-01-01,135,12,594,Budget
2026-01-01,135,13,196,Current
2026-01-01,135,13,195,Budget
2026-01-01,135,14,394,Current
2026-01-01,135,14,397,Budget
2026-01-01,135,15,271,Current
2026-01-01,135,15,272,Budget
2026-01-01,136,1,698,Current
2026-01-01,136,1,704,Budget
2026-01-01,136,2,231,Current
2026-01-01,136,2,224,Budget
2026-01-01,136,3,486,Current
2026-01-01,136,3,473,Budget
2026-01-01,136,4,503,Current
2026-01-01,136,4,484,Budget
2026-01-01,136,5,286,Current
2026-01-01,136,5,296,Budget
2026-01-01,136,6,310,Current
2026-01-01,136,6,301,Budget
2026-01-01,136,7,272,Current
2026-01-01,136,7,288,Budget
2026-01-01,136,8,267,Current
2026-01-01,136,8,274,Budget
2026-01-01,136,9,598,Current
2026-01-01,136,9,578,Budget
2026-01-01,136,10,556,Current
2026-01-01,136,10,552,Budget
2026-01-01,136,11,493,Current
2026-01-01,136,11,492,Budget
2026-01-01,136,12,648,Current
2026-01-01,136,12,641,Budget
2026-01-01,136,13,217,Current
2026-01-01,136,13,210,Budget
2026-01-01,136,14,404,Current
2026-01-01,136,14,412,Budget
2026-01-01,136,15,311,Current
2026-01-01,136,15,323,Budget
2026-01-01,137,1,774,Current
2026-01-01,137,1,806,Budget
2026-01-01,137,2,304,Current
2026-01-01,137,2,317,Budget
2026-01-01,137,3,638,Current
2026-01-01,137,3,672,Budget
2026-01-01,137,4,677,Current
2026-01-01,137,4,653,Budget
2026-01-01,137,5,367,Current
2026-01-01,137,5,384,Budget
2026-01-01,137,6,417,Current
2026-01-01,137,6,433,Budget
2026-01-01,137,7,364,Current
2026-01-01,137,7,377,Budget
2026-01-01,137,8,393,Current
2026-01-01,137,8,403,Budget
2026-01-01,137,9,686,Current
2026-01-01,137,9,711,Budget
2026-01-01,137,10,497,Current
2026-01-01,137,10,478,Budget
2026-01-01,137,11,573,Current
2026-01-01,137,11,568,Budget
2026-01-01,137,12,473,Current
2026-01-01,137,12,461,Budget
2026-01-01,137,13,226,Current
2026-01-01,137,13,239,Budget
2026-01-01,137,14,456,Current
2026-01-01,137,14,461,Budget
2026-01-01,137,15,340,Current
2026-01-01,137,15,344,Budget
2026-01-01,138,1,837,Current
2026-01-01,138,1,817,Budget
2026-01-01,138,2,358,Current
2026-01-01,138,2,346,Budget
2026-01-01,138,3,465,Current
2026-01-01,138,3,452,Budget
2026-01-01,138,4,484,Current
2026-01-01,138,4,484,Budget
2026-01-01,138,5,290,Current
2026-01-01,138,5,298,Budget
2026-01-01,138,6,442,Current
2026-01-01,138,6,451,Budget
2026-01-01,138,7,278,Current
2026-01-01,138,7,293,Budget
2026-01-01,138,8,410,Current
2026-01-01,138,8,401,Budget
2026-01-01,138,9,627,Current
2026-01-01,138,9,640,Budget
2026-01-01,138,10,480,Current
2026-01-01,138,10,490,Budget
2026-01-01,138,11,649,Current
2026-01-01,138,11,679,Budget
2026-01-01,138,12,426,Current
2026-01-01,138,12,434,Budget
2026-01-01,138,13,196,Current
2026-01-01,138,13,205,Budget
2026-01-01,138,14,432,Current
2026-01-01,138,14,419,Budget
2026-01-01,138,15,311,Current
2026-01-01,138,15,322,Budget
2026-01-01,139,1,862,Current
2026-01-01,139,1,850,Budget
2026-01-01,139,2,382,Current
2026-01-01,139,2,395,Budget
2026-01-01,139,3,537,Current
2026-01-01,139,3,553,Budget
2026-01-01,139,4,768,Current
2026-01-01,139,4,794,Budget
2026-01-01,139,5,328,Current
2026-01-01,139,5,322,Budget
2026-01-01,139,6,402,Current
2026-01-01,139,6,424,Budget
2026-01-01,139,7,254,Current
2026-01-01,139,7,263,Budget
2026-01-01,139,8,424,Current
2026-01-01,139,8,419,Budget
2026-01-01,139,9,704,Current
2026-01-01,139,9,696,Budget
2026-01-01,139,10,550,Current
2026-01-01,139,10,531,Budget
2026-01-01,139,11,500,Current
2026-01-01,139,11,495,Budget
2026-01-01,139,12,538,Current
2026-01-01,139,12,542,Budget
2026-01-01,139,13,216,Current
2026-01-01,139,13,223,Budget
2026-01-01,139,14,446,Current
2026-01-01,139,14,440,Budget
2026-01-01,139,15,281,Current
2026-01-01,139,15,290,Budget
2026-02-01,101,1,2131,Current
2026-02-01,101,1,2230,Budget
2026-02-01,101,2,792,Current
2026-02-01,101,2,788,Budget
2026-02-01,101,3,1174,Current
2026-02-01,101,3,1193,Budget
2026-02-01,101,4,967,Current
2026-02-01,101,4,936,Budget
2026-02-01,101,5,1121,Current
2026-02-01,101,5,1186,Budget
2026-02-01,101,6,868,Current
2026-02-01,101,6,871,Budget
2026-02-01,101,7,798,Current
2026-02-01,101,7,805,Budget
2026-02-01,101,8,883,Current
2026-02-01,101,8,916,Budget
2026-02-01,101,9,1721,Current
2026-02-01,101,9,1819,Budget
2026-02-01,101,10,1305,Current
2026-02-01,101,10,1341,Budget
2026-02-01,101,11,1317,Current
2026-02-01,101,11,1346,Budget
2026-02-01,101,12,1056,Current
2026-02-01,101,12,1044,Budget
2026-02-01,101,13,525,Current
2026-02-01,101,13,528,Budget
2026-02-01,101,14,852,Current
2026-02-01,101,14,896,Budget
2026-02-01,101,15,845,Current
2026-02-01,101,15,862,Budget
2026-02-01,102,1,1364,Current
2026-02-01,102,1,1409,Budget
2026-02-01,102,2,714,Current
2026-02-01,102,2,735,Budget
2026-02-01,102,3,1511,Current
2026-02-01,102,3,1481,Budget
2026-02-01,102,4,1196,Current
2026-02-01,102,4,1162,Budget
2026-02-01,102,5,703,Current
2026-02-01,102,5,719,Budget
2026-02-01,102,6,718,Current
2026-02-01,102,6,752,Budget
2026-02-01,102,7,680,Current
2026-02-01,102,7,707,Budget
2026-02-01,102,8,937,Current
2026-02-01,102,8,975,Budget
2026-02-01,102,9,1584,Current
2026-02-01,102,9,1580,Budget
2026-02-01,102,10,1341,Current
2026-02-01,102,10,1340,Budget
2026-02-01,102,11,1025,Current
2026-02-01,102,11,1040,Budget
2026-02-01,102,12,947,Current
2026-02-01,102,12,934,Budget
2026-02-01,102,13,558,Current
2026-02-01,102,13,552,Budget
2026-02-01,102,14,962,Current
2026-02-01,102,14,953,Budget
2026-02-01,102,15,761,Current
2026-02-01,102,15,781,Budget
2026-02-01,103,1,1709,Current
2026-02-01,103,1,1792,Budget
2026-02-01,103,2,670,Current
2026-02-01,103,2,668,Budget
2026-02-01,103,3,1275,Current
2026-02-01,103,3,1338,Budget
2026-02-01,103,4,1013,Current
2026-02-01,103,4,1047,Budget
2026-02-01,103,5,607,Current
2026-02-01,103,5,635,Budget
2026-02-01,103,6,828,Current
2026-02-01,103,6,841,Budget
2026-02-01,103,7,543,Current
2026-02-01,103,7,525,Budget
2026-02-01,103,8,682,Current
2026-02-01,103,8,694,Budget
2026-02-01,103,9,1736,Current
2026-02-01,103,9,1689,Budget
2026-02-01,103,10,1192,Current
2026-02-01,103,10,1154,Budget
2026-02-01,103,11,1254,Current
2026-02-01,103,11,1285,Budget
2026-02-01,103,12,889,Current
2026-02-01,103,12,865,Budget
2026-02-01,103,13,542,Current
2026-02-01,103,13,529,Budget
2026-02-01,103,14,812,Current
2026-02-01,103,14,819,Budget
2026-02-01,103,15,845,Current
2026-02-01,103,15,887,Budget
2026-02-01,104,1,1515,Current
2026-02-01,104,1,1548,Budget
2026-02-01,104,2,710,Current
2026-02-01,104,2,737,Budget
2026-02-01,104,3,861,Current
2026-02-01,104,3,897,Budget
2026-02-01,104,4,967,Current
2026-02-01,104,4,972,Budget
2026-02-01,104,5,593,Current
2026-02-01,104,5,600,Budget
2026-02-01,104,6,833,Current
2026-02-01,104,6,848,Budget
2026-02-01,104,7,558,Current
2026-02-01,104,7,558,Budget
2026-02-01,104,8,979,Current
2026-02-01,104,8,992,Budget
2026-02-01,104,9,1429,Current
2026-02-01,104,9,1492,Budget
2026-02-01,104,10,1187,Current
2026-02-01,104,10,1255,Budget
2026-02-01,104,11,1028,Current
2026-02-01,104,11,1014,Budget
2026-02-01,104,12,994,Current
2026-02-01,104,12,1017,Budget
2026-02-01,104,13,416,Current
2026-02-01,104,13,437,Budget
2026-02-01,104,14,698,Current
2026-02-01,104,14,713,Budget
2026-02-01,104,15,675,Current
2026-02-01,104,15,700,Budget
2026-02-01,105,1,1589,Current
2026-02-01,105,1,1653,Budget
2026-02-01,105,2,543,Current
2026-02-01,105,2,566,Budget
2026-02-01,105,3,1245,Current
2026-02-01,105,3,1230,Budget
2026-02-01,105,4,1023,Current
2026-02-01,105,4,998,Budget
2026-02-01,105,5,585,Current
2026-02-01,105,5,564,Budget
2026-02-01,105,6,719,Current
2026-02-01,105,6,747,Budget
2026-02-01,105,7,576,Current
2026-02-01,105,7,563,Budget
2026-02-01,105,8,737,Current
2026-02-01,105,8,738,Budget
2026-02-01,105,9,1350,Current
2026-02-01,105,9,1361,Budget
2026-02-01,105,10,1059,Current
2026-02-01,105,10,1121,Budget
2026-02-01,105,11,1095,Current
2026-02-01,105,11,1127,Budget
2026-02-01,105,12,918,Current
2026-02-01,105,12,897,Budget
2026-02-01,105,13,658,Current
2026-02-01,105,13,645,Budget
2026-02-01,105,14,1028,Current
2026-02-01,105,14,1029,Budget
2026-02-01,105,15,662,Current
2026-02-01,105,15,670,Budget
2026-02-01,106,1,2627,Current
2026-02-01,106,1,2653,Budget
2026-02-01,106,2,613,Current
2026-02-01,106,2,591,Budget
2026-02-01,106,3,909,Current
2026-02-01,106,3,912,Budget
2026-02-01,106,4,1234,Current
2026-02-01,106,4,1253,Budget
2026-02-01,106,5,520,Current
2026-02-01,106,5,523,Budget
2026-02-01,106,6,721,Current
2026-02-01,106,6,764,Budget
2026-02-01,106,7,697,Current
2026-02-01,106,7,714,Budget
2026-02-01,106,8,650,Current
2026-02-01,106,8,671,Budget
2026-02-01,106,9,1179,Current
2026-02-01,106,9,1140,Budget
2026-02-01,106,10,1064,Current
2026-02-01,106,10,1087,Budget
2026-02-01,106,11,961,Current
2026-02-01,106,11,1014,Budget
2026-02-01,106,12,847,Current
2026-02-01,106,12,863,Budget
2026-02-01,106,13,524,Current
2026-02-01,106,13,543,Budget
2026-02-01,106,14,819,Current
2026-02-01,106,14,858,Budget
2026-02-01,106,15,662,Current
2026-02-01,106,15,661,Budget
2026-02-01,107,1,1534,Current
2026-02-01,107,1,1489,Budget
2026-02-01,107,2,734,Current
2026-02-01,107,2,708,Budget
2026-02-01,107,3,909,Current
2026-02-01,107,3,912,Budget
2026-02-01,107,4,1457,Current
2026-02-01,107,4,1532,Budget
2026-02-01,107,5,629,Current
2026-02-01,107,5,638,Budget
2026-02-01,107,6,621,Current
2026-02-01,107,6,652,Budget
2026-02-01,107,7,625,Current
2026-02-01,107,7,623,Budget
2026-02-01,107,8,856,Current
2026-02-01,107,8,881,Budget
2026-02-01,107,9,1291,Current
2026-02-01,107,9,1351,Budget
2026-02-01,107,10,1263,Current
2026-02-01,107,10,1255,Budget
2026-02-01,107,11,1323,Current
2026-02-01,107,11,1287,Budget
2026-02-01,107,12,1061,Current
2026-02-01,107,12,1097,Budget
2026-02-01,107,13,624,Current
2026-02-01,107,13,657,Budget
2026-02-01,107,14,953,Current
2026-02-01,107,14,948,Budget
2026-02-01,107,15,577,Current
2026-02-01,107,15,593,Budget
2026-02-01,109,1,1715,Current
2026-02-01,109,1,1699,Budget
2026-02-01,109,2,1037,Current
2026-02-01,109,2,1062,Budget
2026-02-01,109,3,900,Current
2026-02-01,109,3,864,Budget
2026-02-01,109,4,781,Current
2026-02-01,109,4,822,Budget
2026-02-01,109,5,753,Current
2026-02-01,109,5,751,Budget
2026-02-01,109,6,494,Current
2026-02-01,109,6,516,Budget
2026-02-01,109,7,410,Current
2026-02-01,109,7,401,Budget
2026-02-01,109,8,1026,Current
2026-02-01,109,8,1071,Budget
2026-02-01,109,9,842,Current
2026-02-01,109,9,848,Budget
2026-02-01,109,10,698,Current
2026-02-01,109,10,725,Budget
2026-02-01,109,11,701,Current
2026-02-01,109,11,740,Budget
2026-02-01,109,12,1351,Current
2026-02-01,109,12,1372,Budget
2026-02-01,109,13,270,Current
2026-02-01,109,13,281,Budget
2026-02-01,109,14,545,Current
2026-02-01,109,14,528,Budget
2026-02-01,109,15,409,Current
2026-02-01,109,15,410,Budget
2026-02-01,110,1,995,Current
2026-02-01,110,1,966,Budget
2026-02-01,110,2,371,Current
2026-02-01,110,2,382,Budget
2026-02-01,110,3,710,Current
2026-02-01,110,3,718,Budget
2026-02-01,110,4,779,Current
2026-02-01,110,4,776,Budget
2026-02-01,110,5,425,Current
2026-02-01,110,5,434,Budget
2026-02-01,110,6,453,Current
2026-02-01,110,6,435,Budget
2026-02-01,110,7,611,Current
2026-02-01,110,7,592,Budget
2026-02-01,110,8,527,Current
2026-02-01,110,8,549,Budget
2026-02-01,110,9,843,Current
2026-02-01,110,9,818,Budget
2026-02-01,110,10,1975,Current
2026-02-01,110,10,2035,Budget
2026-02-01,110,11,701,Current
2026-02-01,110,11,685,Budget
2026-02-01,110,12,732,Current
2026-02-01,110,12,766,Budget
2026-02-01,110,13,325,Current
2026-02-01,110,13,313,Budget
2026-02-01,110,14,529,Current
2026-02-01,110,14,509,Budget
2026-02-01,110,15,421,Current
2026-02-01,110,15,408,Budget
2026-02-01,111,1,2619,Current
2026-02-01,111,1,2609,Budget
2026-02-01,111,2,374,Current
2026-02-01,111,2,392,Budget
2026-02-01,111,3,1171,Current
2026-02-01,111,3,1195,Budget
2026-02-01,111,4,912,Current
2026-02-01,111,4,957,Budget
2026-02-01,111,5,513,Current
2026-02-01,111,5,520,Budget
2026-02-01,111,6,1308,Current
2026-02-01,111,6,1257,Budget
2026-02-01,111,7,440,Current
2026-02-01,111,7,429,Budget
2026-02-01,111,8,481,Current
2026-02-01,111,8,495,Budget
2026-02-01,111,9,886,Current
2026-02-01,111,9,892,Budget
2026-02-01,111,10,1038,Current
2026-02-01,111,10,1068,Budget
2026-02-01,111,11,1958,Current
2026-02-01,111,11,1941,Budget
2026-02-01,111,12,598,Current
2026-02-01,111,12,622,Budget
2026-02-01,111,13,336,Current
2026-02-01,111,13,335,Budget
2026-02-01,111,14,912,Current
2026-02-01,111,14,951,Budget
2026-02-01,111,15,584,Current
2026-02-01,111,15,596,Budget
2026-02-01,112,1,2910,Current
2026-02-01,112,1,3081,Budget
2026-02-01,112,2,455,Current
2026-02-01,112,2,465,Budget
2026-02-01,112,3,940,Current
2026-02-01,112,3,903,Budget
2026-02-01,112,4,1255,Current
2026-02-01,112,4,1279,Budget
2026-02-01,112,5,463,Current
2026-02-01,112,5,480,Budget
2026-02-01,112,6,1021,Current
2026-02-01,112,6,1015,Budget
2026-02-01,112,7,442,Current
2026-02-01,112,7,460,Budget
2026-02-01,112,8,496,Current
2026-02-01,112,8,499,Budget
2026-02-01,112,9,2341,Current
2026-02-01,112,9,2255,Budget
2026-02-01,112,10,1311,Current
2026-02-01,112,10,1354,Budget
2026-02-01,112,11,1217,Current
2026-02-01,112,11,1233,Budget
2026-02-01,112,12,736,Current
2026-02-01,112,12,708,Budget
2026-02-01,112,13,413,Current
2026-02-01,112,13,411,Budget
2026-02-01,112,14,602,Current
2026-02-01,112,14,632,Budget
2026-02-01,112,15,421,Current
2026-02-01,112,15,439,Budget
2026-02-01,113,1,1209,Current
2026-02-01,113,1,1233,Budget
2026-02-01,113,2,536,Current
2026-02-01,113,2,519,Budget
2026-02-01,113,3,1320,Current
2026-02-01,113,3,1284,Budget
2026-02-01,113,4,830,Current
2026-02-01,113,4,843,Budget
2026-02-01,113,5,632,Current
2026-02-01,113,5,617,Budget
2026-02-01,113,6,966,Current
2026-02-01,113,6,980,Budget
2026-02-01,113,7,411,Current
2026-02-01,113,7,431,Budget
2026-02-01,113,8,517,Current
2026-02-01,113,8,544,Budget
2026-02-01,113,9,931,Current
2026-02-01,113,9,911,Budget
2026-02-01,113,10,1655,Current
2026-02-01,113,10,1742,Budget
2026-02-01,113,11,855,Current
2026-02-01,113,11,903,Budget
2026-02-01,113,12,561,Current
2026-02-01,113,12,568,Budget
2026-02-01,113,13,357,Current
2026-02-01,113,13,367,Budget
2026-02-01,113,14,619,Current
2026-02-01,113,14,616,Budget
2026-02-01,113,15,517,Current
2026-02-01,113,15,529,Budget
2026-02-01,114,1,1012,Current
2026-02-01,114,1,1031,Budget
2026-02-01,114,2,536,Current
2026-02-01,114,2,552,Budget
2026-02-01,114,3,740,Current
2026-02-01,114,3,730,Budget
2026-02-01,114,4,757,Current
2026-02-01,114,4,781,Budget
2026-02-01,114,5,418,Current
2026-02-01,114,5,418,Budget
2026-02-01,114,6,527,Current
2026-02-01,114,6,551,Budget
2026-02-01,114,7,442,Current
2026-02-01,114,7,450,Budget
2026-02-01,114,8,1088,Current
2026-02-01,114,8,1050,Budget
2026-02-01,114,9,939,Current
2026-02-01,114,9,967,Budget
2026-02-01,114,10,698,Current
2026-02-01,114,10,689,Budget
2026-02-01,114,11,798,Current
2026-02-01,114,11,809,Budget
2026-02-01,114,12,690,Current
2026-02-01,114,12,727,Budget
2026-02-01,114,13,379,Current
2026-02-01,114,13,370,Budget
2026-02-01,114,14,528,Current
2026-02-01,114,14,538,Budget
2026-02-01,114,15,392,Current
2026-02-01,114,15,388,Budget
2026-02-01,115,1,1024,Current
2026-02-01,115,1,995,Budget
2026-02-01,115,2,559,Current
2026-02-01,115,2,558,Budget
2026-02-01,115,3,634,Current
2026-02-01,115,3,612,Budget
2026-02-01,115,4,706,Current
2026-02-01,115,4,702,Budget
2026-02-01,115,5,364,Current
2026-02-01,115,5,373,Budget
2026-02-01,115,6,717,Current
2026-02-01,115,6,757,Budget
2026-02-01,115,7,423,Current
2026-02-01,115,7,446,Budget
2026-02-01,115,8,479,Current
2026-02-01,115,8,465,Budget
2026-02-01,115,9,806,Current
2026-02-01,115,9,801,Budget
2026-02-01,115,10,1195,Current
2026-02-01,115,10,1200,Budget
2026-02-01,115,11,701,Current
2026-02-01,115,11,687,Budget
2026-02-01,115,12,564,Current
2026-02-01,115,12,545,Budget
2026-02-01,115,13,310,Current
2026-02-01,115,13,325,Budget
2026-02-01,115,14,561,Current
2026-02-01,115,14,580,Budget
2026-02-01,115,15,430,Current
2026-02-01,115,15,431,Budget
2026-02-01,117,1,754,Current
2026-02-01,117,1,738,Budget
2026-02-01,117,2,248,Current
2026-02-01,117,2,250,Budget
2026-02-01,117,3,537,Current
2026-02-01,117,3,563,Budget
2026-02-01,117,4,564,Current
2026-02-01,117,4,589,Budget
2026-02-01,117,5,264,Current
2026-02-01,117,5,253,Budget
2026-02-01,117,6,368,Current
2026-02-01,117,6,363,Budget
2026-02-01,117,7,266,Current
2026-02-01,117,7,275,Budget
2026-02-01,117,8,359,Current
2026-02-01,117,8,364,Budget
2026-02-01,117,9,698,Current
2026-02-01,117,9,733,Budget
2026-02-01,117,10,522,Current
2026-02-01,117,10,548,Budget
2026-02-01,117,11,486,Current
2026-02-01,117,11,470,Budget
2026-02-01,117,12,431,Current
2026-02-01,117,12,442,Budget
2026-02-01,117,13,279,Current
2026-02-01,117,13,274,Budget
2026-02-01,117,14,403,Current
2026-02-01,117,14,416,Budget
2026-02-01,117,15,451,Current
2026-02-01,117,15,474,Budget
2026-02-01,118,1,718,Current
2026-02-01,118,1,723,Budget
2026-02-01,118,2,315,Current
2026-02-01,118,2,307,Budget
2026-02-01,118,3,541,Current
2026-02-01,118,3,535,Budget
2026-02-01,118,4,501,Current
2026-02-01,118,4,489,Budget
2026-02-01,118,5,323,Current
2026-02-01,118,5,311,Budget
2026-02-01,118,6,387,Current
2026-02-01,118,6,404,Budget
2026-02-01,118,7,300,Current
2026-02-01,118,7,289,Budget
2026-02-01,118,8,382,Current
2026-02-01,118,8,370,Budget
2026-02-01,118,9,600,Current
2026-02-01,118,9,619,Budget
2026-02-01,118,10,528,Current
2026-02-01,118,10,519,Budget
2026-02-01,118,11,422,Current
2026-02-01,118,11,439,Budget
2026-02-01,118,12,457,Current
2026-02-01,118,12,474,Budget
2026-02-01,118,13,190,Current
2026-02-01,118,13,198,Budget
2026-02-01,118,14,347,Current
2026-02-01,118,14,335,Budget
2026-02-01,118,15,332,Current
2026-02-01,118,15,348,Budget
2026-02-01,119,1,763,Current
2026-02-01,119,1,769,Budget
2026-02-01,119,2,372,Current
2026-02-01,119,2,366,Budget
2026-02-01,119,3,436,Current
2026-02-01,119,3,429,Budget
2026-02-01,119,4,489,Current
2026-02-01,119,4,492,Budget
2026-02-01,119,5,264,Current
2026-02-01,119,5,275,Budget
2026-02-01,119,6,318,Current
2026-02-01,119,6,322,Budget
2026-02-01,119,7,341,Current
2026-02-01,119,7,359,Budget
2026-02-01,119,8,368,Current
2026-02-01,119,8,389,Budget
2026-02-01,119,9,667,Current
2026-02-01,119,9,656,Budget
2026-02-01,119,10,539,Current
2026-02-01,119,10,543,Budget
2026-02-01,119,11,423,Current
2026-02-01,119,11,437,Budget
2026-02-01,119,12,536,Current
2026-02-01,119,12,515,Budget
2026-02-01,119,13,239,Current
2026-02-01,119,13,246,Budget
2026-02-01,119,14,327,Current
2026-02-01,119,14,329,Budget
2026-02-01,119,15,289,Current
2026-02-01,119,15,291,Budget
2026-02-01,120,1,869,Current
2026-02-01,120,1,874,Budget
2026-02-01,120,2,299,Current
2026-02-01,120,2,303,Budget
2026-02-01,120,3,475,Current
2026-02-01,120,3,473,Budget
2026-02-01,120,4,980,Current
2026-02-01,120,4,1016,Budget
2026-02-01,120,5,316,Current
2026-02-01,120,5,332,Budget
2026-02-01,120,6,326,Current
2026-02-01,120,6,323,Budget
2026-02-01,120,7,271,Current
2026-02-01,120,7,269,Budget
2026-02-01,120,8,411,Current
2026-02-01,120,8,424,Budget
2026-02-01,120,9,683,Current
2026-02-01,120,9,699,Budget
2026-02-01,120,10,481,Current
2026-02-01,120,10,493,Budget
2026-02-01,120,11,655,Current
2026-02-01,120,11,682,Budget
2026-02-01,120,12,505,Current
2026-02-01,120,12,498,Budget
2026-02-01,120,13,384,Current
2026-02-01,120,13,377,Budget
2026-02-01,120,14,371,Current
2026-02-01,120,14,366,Budget
2026-02-01,120,15,322,Current
2026-02-01,120,15,330,Budget
2026-02-01,121,1,690,Current
2026-02-01,121,1,728,Budget
2026-02-01,121,2,485,Current
2026-02-01,121,2,466,Budget
2026-02-01,121,3,460,Current
2026-02-01,121,3,466,Budget
2026-02-01,121,4,530,Current
2026-02-01,121,4,517,Budget
2026-02-01,121,5,311,Current
2026-02-01,121,5,330,Budget
2026-02-01,121,6,402,Current
2026-02-01,121,6,422,Budget
2026-02-01,121,7,300,Current
2026-02-01,121,7,298,Budget
2026-02-01,121,8,391,Current
2026-02-01,121,8,378,Budget
2026-02-01,121,9,721,Current
2026-02-01,121,9,749,Budget
2026-02-01,121,10,624,Current
2026-02-01,121,10,646,Budget
2026-02-01,121,11,528,Current
2026-02-01,121,11,528,Budget
2026-02-01,121,12,604,Current
2026-02-01,121,12,581,Budget
2026-02-01,121,13,211,Current
2026-02-01,121,13,218,Budget
2026-02-01,121,14,414,Current
2026-02-01,121,14,411,Budget
2026-02-01,121,15,293,Current
2026-02-01,121,15,296,Budget
2026-02-01,122,1,1215,Current
2026-02-01,122,1,1195,Budget
2026-02-01,122,2,250,Current
2026-02-01,122,2,243,Budget
2026-02-01,122,3,460,Current
2026-02-01,122,3,462,Budget
2026-02-01,122,4,595,Current
2026-02-01,122,4,597,Budget
2026-02-01,122,5,323,Current
2026-02-01,122,5,319,Budget
2026-02-01,122,6,302,Current
2026-02-01,122,6,312,Budget
2026-02-01,122,7,360,Current
2026-02-01,122,7,346,Budget
2026-02-01,122,8,505,Current
2026-02-01,122,8,525,Budget
2026-02-01,122,9,757,Current
2026-02-01,122,9,738,Budget
2026-02-01,122,10,663,Current
2026-02-01,122,10,694,Budget
2026-02-01,122,11,534,Current
2026-02-01,122,11,528,Budget
2026-02-01,122,12,415,Current
2026-02-01,122,12,422,Budget
2026-02-01,122,13,248,Current
2026-02-01,122,13,263,Budget
2026-02-01,122,14,428,Current
2026-02-01,122,14,415,Budget
2026-02-01,122,15,384,Current
2026-02-01,122,15,406,Budget
2026-02-01,123,1,890,Current
2026-02-01,123,1,915,Budget
2026-02-01,123,2,281,Current
2026-02-01,123,2,272,Budget
2026-02-01,123,3,460,Current
2026-02-01,123,3,455,Budget
2026-02-01,123,4,518,Current
2026-02-01,123,4,523,Budget
2026-02-01,123,5,333,Current
2026-02-01,123,5,341,Budget
2026-02-01,123,6,333,Current
2026-02-01,123,6,340,Budget
2026-02-01,123,7,293,Current
2026-02-01,123,7,292,Budget
2026-02-01,123,8,412,Current
2026-02-01,123,8,405,Budget
2026-02-01,123,9,535,Current
2026-02-01,123,9,515,Budget
2026-02-01,123,10,540,Current
2026-02-01,123,10,564,Budget
2026-02-01,123,11,495,Current
2026-02-01,123,11,522,Budget
2026-02-01,123,12,509,Current
2026-02-01,123,12,502,Budget
2026-02-01,123,13,245,Current
2026-02-01,123,13,248,Budget
2026-02-01,123,14,511,Current
2026-02-01,123,14,499,Budget
2026-02-01,123,15,292,Current
2026-02-01,123,15,290,Budget
2026-02-01,125,1,543,Current
2026-02-01,125,1,536,Budget
2026-02-01,125,2,174,Current
2026-02-01,125,2,175,Budget
2026-02-01,125,3,418,Current
2026-02-01,125,3,426,Budget
2026-02-01,125,4,419,Current
2026-02-01,125,4,443,Budget
2026-02-01,125,5,205,Current
2026-02-01,125,5,213,Budget
2026-02-01,125,6,286,Current
2026-02-01,125,6,280,Budget
2026-02-01,125,7,185,Current
2026-02-01,125,7,186,Budget
2026-02-01,125,8,259,Current
2026-02-01,125,8,254,Budget
2026-02-01,125,9,426,Current
2026-02-01,125,9,418,Budget
2026-02-01,125,10,410,Current
2026-02-01,125,10,423,Budget
2026-02-01,125,11,406,Current
2026-02-01,125,11,414,Budget
2026-02-01,125,12,563,Current
2026-02-01,125,12,561,Budget
2026-02-01,125,13,158,Current
2026-02-01,125,13,166,Budget
2026-02-01,125,14,370,Current
2026-02-01,125,14,364,Budget
2026-02-01,125,15,300,Current
2026-02-01,125,15,310,Budget
2026-02-01,126,1,484,Current
2026-02-01,126,1,483,Budget
2026-02-01,126,2,213,Current
2026-02-01,126,2,208,Budget
2026-02-01,126,3,392,Current
2026-02-01,126,3,393,Budget
2026-02-01,126,4,709,Current
2026-02-01,126,4,710,Budget
2026-02-01,126,5,183,Current
2026-02-01,126,5,179,Budget
2026-02-01,126,6,256,Current
2026-02-01,126,6,270,Budget
2026-02-01,126,7,238,Current
2026-02-01,126,7,247,Budget
2026-02-01,126,8,275,Current
2026-02-01,126,8,285,Budget
2026-02-01,126,9,425,Current
2026-02-01,126,9,450,Budget
2026-02-01,126,10,417,Current
2026-02-01,126,10,436,Budget
2026-02-01,126,11,408,Current
2026-02-01,126,11,403,Budget
2026-02-01,126,12,454,Current
2026-02-01,126,12,453,Budget
2026-02-01,126,13,170,Current
2026-02-01,126,13,174,Budget
2026-02-01,126,14,309,Current
2026-02-01,126,14,308,Budget
2026-02-01,126,15,254,Current
2026-02-01,126,15,262,Budget
2026-02-01,127,1,578,Current
2026-02-01,127,1,601,Budget
2026-02-01,127,2,227,Current
2026-02-01,127,2,224,Budget
2026-02-01,127,3,364,Current
2026-02-01,127,3,381,Budget
2026-02-01,127,4,508,Current
2026-02-01,127,4,535,Budget
2026-02-01,127,5,213,Current
2026-02-01,127,5,213,Budget
2026-02-01,127,6,315,Current
2026-02-01,127,6,332,Budget
2026-02-01,127,7,227,Current
2026-02-01,127,7,225,Budget
2026-02-01,127,8,241,Current
2026-02-01,127,8,241,Budget
2026-02-01,127,9,519,Current
2026-02-01,127,9,536,Budget
2026-02-01,127,10,490,Current
2026-02-01,127,10,478,Budget
2026-02-01,127,11,488,Current
2026-02-01,127,11,488,Budget
2026-02-01,127,12,380,Current
2026-02-01,127,12,374,Budget
2026-02-01,127,13,207,Current
2026-02-01,127,13,199,Budget
2026-02-01,127,14,281,Current
2026-02-01,127,14,273,Budget
2026-02-01,127,15,269,Current
2026-02-01,127,15,263,Budget
2026-02-01,128,1,548,Current
2026-02-01,128,1,562,Budget
2026-02-01,128,2,311,Current
2026-02-01,128,2,316,Budget
2026-02-01,128,3,420,Current
2026-02-01,128,3,442,Budget
2026-02-01,128,4,378,Current
2026-02-01,128,4,364,Budget
2026-02-01,128,5,244,Current
2026-02-01,128,5,245,Budget
2026-02-01,128,6,264,Current
2026-02-01,128,6,271,Budget
2026-02-01,128,7,191,Current
2026-02-01,128,7,196,Budget
2026-02-01,128,8,320,Current
2026-02-01,128,8,324,Budget
2026-02-01,128,9,506,Current
2026-02-01,128,9,520,Budget
2026-02-01,128,10,442,Current
2026-02-01,128,10,448,Budget
2026-02-01,128,11,467,Current
2026-02-01,128,11,468,Budget
2026-02-01,128,12,369,Current
2026-02-01,128,12,363,Budget
2026-02-01,128,13,176,Current
2026-02-01,128,13,184,Budget
2026-02-01,128,14,299,Current
2026-02-01,128,14,316,Budget
2026-02-01,128,15,214,Current
2026-02-01,128,15,224,Budget
2026-02-01,129,1,611,Current
2026-02-01,129,1,629,Budget
2026-02-01,129,2,311,Current
2026-02-01,129,2,317,Budget
2026-02-01,129,3,354,Current
2026-02-01,129,3,373,Budget
2026-02-01,129,4,554,Current
2026-02-01,129,4,573,Budget
2026-02-01,129,5,221,Current
2026-02-01,129,5,214,Budget
2026-02-01,129,6,330,Current
2026-02-01,129,6,344,Budget
2026-02-01,129,7,227,Current
2026-02-01,129,7,219,Budget
2026-02-01,129,8,280,Current
2026-02-01,129,8,276,Budget
2026-02-01,129,9,427,Current
2026-02-01,129,9,411,Budget
2026-02-01,129,10,465,Current
2026-02-01,129,10,471,Budget
2026-02-01,129,11,370,Current
2026-02-01,129,11,377,Budget
2026-02-01,129,12,360,Current
2026-02-01,129,12,354,Budget
2026-02-01,129,13,181,Current
2026-02-01,129,13,177,Budget
2026-02-01,129,14,444,Current
2026-02-01,129,14,464,Budget
2026-02-01,129,15,303,Current
2026-02-01,129,15,298,Budget
2026-02-01,130,1,541,Current
2026-02-01,130,1,541,Budget
2026-02-01,130,2,311,Current
2026-02-01,130,2,325,Budget
2026-02-01,130,3,385,Current
2026-02-01,130,3,395,Budget
2026-02-01,130,4,558,Current
2026-02-01,130,4,548,Budget
2026-02-01,130,5,221,Current
2026-02-01,130,5,215,Budget
2026-02-01,130,6,598,Current
2026-02-01,130,6,604,Budget
2026-02-01,130,7,237,Current
2026-02-01,130,7,241,Budget
2026-02-01,130,8,304,Current
2026-02-01,130,8,295,Budget
2026-02-01,130,9,670,Current
2026-02-01,130,9,681,Budget
2026-02-01,130,10,484,Current
2026-02-01,130,10,477,Budget
2026-02-01,130,11,394,Current
2026-02-01,130,11,410,Budget
2026-02-01,130,12,377,Current
2026-02-01,130,12,379,Budget
2026-02-01,130,13,183,Current
2026-02-01,130,13,187,Budget
2026-02-01,130,14,313,Current
2026-02-01,130,14,303,Budget
2026-02-01,130,15,195,Current
2026-02-01,130,15,198,Budget
2026-02-01,131,1,804,Current
2026-02-01,131,1,826,Budget
2026-02-01,131,2,255,Current
2026-02-01,131,2,251,Budget
2026-02-01,131,3,417,Current
2026-02-01,131,3,438,Budget
2026-02-01,131,4,500,Current
2026-02-01,131,4,509,Budget
2026-02-01,131,5,246,Current
2026-02-01,131,5,259,Budget
2026-02-01,131,6,357,Current
2026-02-01,131,6,361,Budget
2026-02-01,131,7,291,Current
2026-02-01,131,7,289,Budget
2026-02-01,131,8,331,Current
2026-02-01,131,8,339,Budget
2026-02-01,131,9,506,Current
2026-02-01,131,9,526,Budget
2026-02-01,131,10,564,Current
2026-02-01,131,10,588,Budget
2026-02-01,131,11,526,Current
2026-02-01,131,11,522,Budget
2026-02-01,131,12,504,Current
2026-02-01,131,12,527,Budget
2026-02-01,131,13,249,Current
2026-02-01,131,13,251,Budget
2026-02-01,131,14,333,Current
2026-02-01,131,14,321,Budget
2026-02-01,131,15,397,Current
2026-02-01,131,15,410,Budget
2026-02-01,133,1,805,Current
2026-02-01,133,1,827,Budget
2026-02-01,133,2,325,Current
2026-02-01,133,2,338,Budget
2026-02-01,133,3,557,Current
2026-02-01,133,3,571,Budget
2026-02-01,133,4,651,Current
2026-02-01,133,4,649,Budget
2026-02-01,133,5,271,Current
2026-02-01,133,5,280,Budget
2026-02-01,133,6,376,Current
2026-02-01,133,6,395,Budget
2026-02-01,133,7,268,Current
2026-02-01,133,7,274,Budget
2026-02-01,133,8,434,Current
2026-02-01,133,8,442,Budget
2026-02-01,133,9,580,Current
2026-02-01,133,9,557,Budget
2026-02-01,133,10,569,Current
2026-02-01,133,10,580,Budget
2026-02-01,133,11,975,Current
2026-02-01,133,11,1006,Budget
2026-02-01,133,12,563,Current
2026-02-01,133,12,546,Budget
2026-02-01,133,13,305,Current
2026-02-01,133,13,296,Budget
2026-02-01,133,14,353,Current
2026-02-01,133,14,354,Budget
2026-02-01,133,15,341,Current
2026-02-01,133,15,335,Budget
2026-02-01,134,1,820,Current
2026-02-01,134,1,809,Budget
2026-02-01,134,2,272,Current
2026-02-01,134,2,280,Budget
2026-02-01,134,3,506,Current
2026-02-01,134,3,524,Budget
2026-02-01,134,4,530,Current
2026-02-01,134,4,533,Budget
2026-02-01,134,5,286,Current
2026-02-01,134,5,285,Budget
2026-02-01,134,6,332,Current
2026-02-01,134,6,327,Budget
2026-02-01,134,7,304,Current
2026-02-01,134,7,305,Budget
2026-02-01,134,8,433,Current
2026-02-01,134,8,423,Budget
2026-02-01,134,9,677,Current
2026-02-01,134,9,698,Budget
2026-02-01,134,10,579,Current
2026-02-01,134,10,582,Budget
2026-02-01,134,11,562,Current
2026-02-01,134,11,543,Budget
2026-02-01,134,12,443,Current
2026-02-01,134,12,447,Budget
2026-02-01,134,13,244,Current
2026-02-01,134,13,248,Budget
2026-02-01,134,14,326,Current
2026-02-01,134,14,332,Budget
2026-02-01,134,15,341,Current
2026-02-01,134,15,333,Budget
2026-02-01,135,1,626,Current
2026-02-01,135,1,608,Budget
2026-02-01,135,2,283,Current
2026-02-01,135,2,282,Budget
2026-02-01,135,3,628,Current
2026-02-01,135,3,657,Budget
2026-02-01,135,4,589,Current
2026-02-01,135,4,602,Budget
2026-02-01,135,5,275,Current
2026-02-01,135,5,273,Budget
2026-02-01,135,6,301,Current
2026-02-01,135,6,304,Budget
2026-02-01,135,7,254,Current
2026-02-01,135,7,255,Budget
2026-02-01,135,8,338,Current
2026-02-01,135,8,343,Budget
2026-02-01,135,9,611,Current
2026-02-01,135,9,610,Budget
2026-02-01,135,10,408,Current
2026-02-01,135,10,416,Budget
2026-02-01,135,11,650,Current
2026-02-01,135,11,670,Budget
2026-02-01,135,12,402,Current
2026-02-01,135,12,409,Budget
2026-02-01,135,13,200,Current
2026-02-01,135,13,199,Budget
2026-02-01,135,14,362,Current
2026-02-01,135,14,381,Budget
2026-02-01,135,15,273,Current
2026-02-01,135,15,270,Budget
2026-02-01,136,1,699,Current
2026-02-01,136,1,674,Budget
2026-02-01,136,2,260,Current
2026-02-01,136,2,253,Budget
2026-02-01,136,3,454,Current
2026-02-01,136,3,464,Budget
2026-02-01,136,4,474,Current
2026-02-01,136,4,459,Budget
2026-02-01,136,5,299,Current
2026-02-01,136,5,288,Budget
2026-02-01,136,6,314,Current
2026-02-01,136,6,327,Budget
2026-02-01,136,7,289,Current
2026-02-01,136,7,282,Budget
2026-02-01,136,8,402,Current
2026-02-01,136,8,404,Budget
2026-02-01,136,9,967,Current
2026-02-01,136,9,957,Budget
2026-02-01,136,10,497,Current
2026-02-01,136,10,490,Budget
2026-02-01,136,11,514,Current
2026-02-01,136,11,503,Budget
2026-02-01,136,12,399,Current
2026-02-01,136,12,422,Budget
2026-02-01,136,13,201,Current
2026-02-01,136,13,213,Budget
2026-02-01,136,14,348,Current
2026-02-01,136,14,347,Budget
2026-02-01,136,15,249,Current
2026-02-01,136,15,250,Budget
2026-02-01,137,1,777,Current
2026-02-01,137,1,754,Budget
2026-02-01,137,2,262,Current
2026-02-01,137,2,270,Budget
2026-02-01,137,3,588,Current
2026-02-01,137,3,567,Budget
2026-02-01,137,4,489,Current
2026-02-01,137,4,504,Budget
2026-02-01,137,5,288,Current
2026-02-01,137,5,295,Budget
2026-02-01,137,6,369,Current
2026-02-01,137,6,369,Budget
2026-02-01,137,7,302,Current
2026-02-01,137,7,298,Budget
2026-02-01,137,8,359,Current
2026-02-01,137,8,362,Budget
2026-02-01,137,9,815,Current
2026-02-01,137,9,799,Budget
2026-02-01,137,10,534,Current
2026-02-01,137,10,559,Budget
2026-02-01,137,11,473,Current
2026-02-01,137,11,462,Budget
2026-02-01,137,12,426,Current
2026-02-01,137,12,432,Budget
2026-02-01,137,13,216,Current
2026-02-01,137,13,226,Budget
2026-02-01,137,14,299,Current
2026-02-01,137,14,311,Budget
2026-02-01,137,15,278,Current
2026-02-01,137,15,283,Budget
2026-02-01,138,1,865,Current
2026-02-01,138,1,841,Budget
2026-02-01,138,2,664,Current
2026-02-01,138,2,654,Budget
2026-02-01,138,3,593,Current
2026-02-01,138,3,602,Budget
2026-02-01,138,4,479,Current
2026-02-01,138,4,466,Budget
2026-02-01,138,5,332,Current
2026-02-01,138,5,337,Budget
2026-02-01,138,6,377,Current
2026-02-01,138,6,373,Budget
2026-02-01,138,7,305,Current
2026-02-01,138,7,306,Budget
2026-02-01,138,8,339,Current
2026-02-01,138,8,334,Budget
2026-02-01,138,9,865,Current
2026-02-01,138,9,856,Budget
2026-02-01,138,10,676,Current
2026-02-01,138,10,659,Budget
2026-02-01,138,11,597,Current
2026-02-01,138,11,576,Budget
2026-02-01,138,12,377,Current
2026-02-01,138,12,395,Budget
2026-02-01,138,13,365,Current
2026-02-01,138,13,379,Budget
2026-02-01,138,14,347,Current
2026-02-01,138,14,357,Budget
2026-02-01,138,15,398,Current
2026-02-01,138,15,386,Budget
2026-02-01,139,1,1033,Current
2026-02-01,139,1,1046,Budget
2026-02-01,139,2,429,Current
2026-02-01,139,2,436,Budget
2026-02-01,139,3,469,Current
2026-02-01,139,3,475,Budget
2026-02-01,139,4,537,Current
2026-02-01,139,4,549,Budget
2026-02-01,139,5,313,Current
2026-02-01,139,5,329,Budget
2026-02-01,139,6,360,Current
2026-02-01,139,6,379,Budget
2026-02-01,139,7,324,Current
2026-02-01,139,7,324,Budget
2026-02-01,139,8,343,Current
2026-02-01,139,8,359,Budget
2026-02-01,139,9,972,Current
2026-02-01,139,9,982,Budget
2026-02-01,139,10,622,Current
2026-02-01,139,10,601,Budget
2026-02-01,139,11,404,Current
2026-02-01,139,11,404,Budget
2026-02-01,139,12,470,Current
2026-02-01,139,12,462,Budget
2026-02-01,139,13,234,Current
2026-02-01,139,13,244,Budget
2026-02-01,139,14,449,Current
2026-02-01,139,14,442,Budget
2026-02-01,139,15,318,Current
2026-02-01,139,15,320,Budget
2026-03-01,101,1,1786,Current
2026-03-01,101,1,1779,Budget
2026-03-01,101,2,637,Current
2026-03-01,101,2,619,Budget
2026-03-01,101,3,1252,Current
2026-03-01,101,3,1236,Budget
2026-03-01,101,4,1454,Current
2026-03-01,101,4,1399,Budget
2026-03-01,101,5,929,Current
2026-03-01,101,5,915,Budget
2026-03-01,101,6,852,Current
2026-03-01,101,6,864,Budget
2026-03-01,101,7,690,Current
2026-03-01,101,7,669,Budget
2026-03-01,101,8,937,Current
2026-03-01,101,8,902,Budget
2026-03-01,101,9,2888,Current
2026-03-01,101,9,2923,Budget
2026-03-01,101,10,1302,Current
2026-03-01,101,10,1351,Budget
2026-03-01,101,11,1266,Current
2026-03-01,101,11,1252,Budget
2026-03-01,101,12,1159,Current
2026-03-01,101,12,1218,Budget
2026-03-01,101,13,683,Current
2026-03-01,101,13,698,Budget
2026-03-01,101,14,844,Current
2026-03-01,101,14,845,Budget
2026-03-01,101,15,644,Current
2026-03-01,101,15,638,Budget
2026-03-01,102,1,2004,Current
2026-03-01,102,1,1949,Budget
2026-03-01,102,2,646,Current
2026-03-01,102,2,668,Budget
2026-03-01,102,3,1230,Current
2026-03-01,102,3,1241,Budget
2026-03-01,102,4,1459,Current
2026-03-01,102,4,1485,Budget
2026-03-01,102,5,709,Current
2026-03-01,102,5,699,Budget
2026-03-01,102,6,738,Current
2026-03-01,102,6,739,Budget
2026-03-01,102,7,866,Current
2026-03-01,102,7,847,Budget
2026-03-01,102,8,879,Current
2026-03-01,102,8,931,Budget
2026-03-01,102,9,1742,Current
2026-03-01,102,9,1845,Budget
2026-03-01,102,10,1319,Current
2026-03-01,102,10,1357,Budget
2026-03-01,102,11,1698,Current
2026-03-01,102,11,1650,Budget
2026-03-01,102,12,956,Current
2026-03-01,102,12,1010,Budget
2026-03-01,102,13,694,Current
2026-03-01,102,13,699,Budget
2026-03-01,102,14,1039,Current
2026-03-01,102,14,1094,Budget
2026-03-01,102,15,907,Current
2026-03-01,102,15,873,Budget
2026-03-01,103,1,1759,Current
2026-03-01,103,1,1695,Budget
2026-03-01,103,2,572,Current
2026-03-01,103,2,604,Budget
2026-03-01,103,3,1283,Current
2026-03-01,103,3,1309,Budget
2026-03-01,103,4,1363,Current
2026-03-01,103,4,1386,Budget
2026-03-01,103,5,640,Current
2026-03-01,103,5,640,Budget
2026-03-01,103,6,796,Current
2026-03-01,103,6,765,Budget
2026-03-01,103,7,733,Current
2026-03-01,103,7,773,Budget
2026-03-01,103,8,826,Current
2026-03-01,103,8,835,Budget
2026-03-01,103,9,1314,Current
2026-03-01,103,9,1370,Budget
2026-03-01,103,10,1174,Current
2026-03-01,103,10,1237,Budget
2026-03-01,103,11,1100,Current
2026-03-01,103,11,1116,Budget
2026-03-01,103,12,1073,Current
2026-03-01,103,12,1054,Budget
2026-03-01,103,13,416,Current
2026-03-01,103,13,422,Budget
2026-03-01,103,14,799,Current
2026-03-01,103,14,830,Budget
2026-03-01,103,15,688,Current
2026-03-01,103,15,702,Budget
2026-03-01,104,1,2011,Current
2026-03-01,104,1,1985,Budget
2026-03-01,104,2,694,Current
2026-03-01,104,2,691,Budget
2026-03-01,104,3,1215,Current
2026-03-01,104,3,1200,Budget
2026-03-01,104,4,1315,Current
2026-03-01,104,4,1389,Budget
2026-03-01,104,5,578,Current
2026-03-01,104,5,583,Budget
2026-03-01,104,6,765,Current
2026-03-01,104,6,753,Budget
2026-03-01,104,7,665,Current
2026-03-01,104,7,659,Budget
2026-03-01,104,8,687,Current
2026-03-01,104,8,674,Budget
2026-03-01,104,9,1262,Current
2026-03-01,104,9,1303,Budget
2026-03-01,104,10,1138,Current
2026-03-01,104,10,1094,Budget
2026-03-01,104,11,1097,Current
2026-03-01,104,11,1079,Budget
2026-03-01,104,12,971,Current
2026-03-01,104,12,1023,Budget
2026-03-01,104,13,511,Current
2026-03-01,104,13,498,Budget
2026-03-01,104,14,792,Current
2026-03-01,104,14,762,Budget
2026-03-01,104,15,771,Current
2026-03-01,104,15,743,Budget
2026-03-01,105,1,1654,Current
2026-03-01,105,1,1590,Budget
2026-03-01,105,2,559,Current
2026-03-01,105,2,558,Budget
2026-03-01,105,3,994,Current
2026-03-01,105,3,1008,Budget
2026-03-01,105,4,1084,Current
2026-03-01,105,4,1132,Budget
2026-03-01,105,5,580,Current
2026-03-01,105,5,576,Budget
2026-03-01,105,6,627,Current
2026-03-01,105,6,625,Budget
2026-03-01,105,7,538,Current
2026-03-01,105,7,550,Budget
2026-03-01,105,8,858,Current
2026-03-01,105,8,832,Budget
2026-03-01,105,9,1321,Current
2026-03-01,105,9,1380,Budget
2026-03-01,105,10,1994,Current
2026-03-01,105,10,1933,Budget
2026-03-01,105,11,946,Current
2026-03-01,105,11,923,Budget
2026-03-01,105,12,974,Current
2026-03-01,105,12,965,Budget
2026-03-01,105,13,465,Current
2026-03-01,105,13,466,Budget
2026-03-01,105,14,604,Current
2026-03-01,105,14,630,Budget
2026-03-01,105,15,577,Current
2026-03-01,105,15,590,Budget
2026-03-01,106,1,1972,Current
2026-03-01,106,1,1992,Budget
2026-03-01,106,2,556,Current
2026-03-01,106,2,537,Budget
2026-03-01,106,3,909,Current
2026-03-01,106,3,953,Budget
2026-03-01,106,4,922,Current
2026-03-01,106,4,911,Budget
2026-03-01,106,5,574,Current
2026-03-01,106,5,557,Budget
2026-03-01,106,6,777,Current
2026-03-01,106,6,783,Budget
2026-03-01,106,7,535,Current
2026-03-01,106,7,559,Budget
2026-03-01,106,8,717,Current
2026-03-01,106,8,760,Budget
2026-03-01,106,9,1045,Current
2026-03-01,106,9,1031,Budget
2026-03-01,106,10,1034,Current
2026-03-01,106,10,1031,Budget
2026-03-01,106,11,848,Current
2026-03-01,106,11,822,Budget
2026-03-01,106,12,826,Current
2026-03-01,106,12,833,Budget
2026-03-01,106,13,452,Current
2026-03-01,106,13,450,Budget
2026-03-01,106,14,790,Current
2026-03-01,106,14,777,Budget
2026-03-01,106,15,577,Current
2026-03-01,106,15,564,Budget
2026-03-01,107,1,1447,Current
2026-03-01,107,1,1422,Budget
2026-03-01,107,2,665,Current
2026-03-01,107,2,652,Budget
2026-03-01,107,3,1275,Current
2026-03-01,107,3,1332,Budget
2026-03-01,107,4,1018,Current
2026-03-01,107,4,1040,Budget
2026-03-01,107,5,522,Current
2026-03-01,107,5,502,Budget
2026-03-01,107,6,742,Current
2026-03-01,107,6,774,Budget
2026-03-01,107,7,641,Current
2026-03-01,107,7,626,Budget
2026-03-01,107,8,640,Current
2026-03-01,107,8,626,Budget
2026-03-01,107,9,1636,Current
2026-03-01,107,9,1592,Budget
2026-03-01,107,10,1274,Current
2026-03-01,107,10,1282,Budget
2026-03-01,107,11,1286,Current
2026-03-01,107,11,1286,Budget
2026-03-01,107,12,964,Current
2026-03-01,107,12,1010,Budget
2026-03-01,107,13,516,Current
2026-03-01,107,13,546,Budget
2026-03-01,107,14,952,Current
2026-03-01,107,14,959,Budget
2026-03-01,107,15,740,Current
2026-03-01,107,15,718,Budget
2026-03-01,109,1,1212,Current
2026-03-01,109,1,1252,Budget
2026-03-01,109,2,733,Current
2026-03-01,109,2,711,Budget
2026-03-01,109,3,1235,Current
2026-03-01,109,3,1283,Budget
2026-03-01,109,4,719,Current
2026-03-01,109,4,736,Budget
2026-03-01,109,5,436,Current
2026-03-01,109,5,422,Budget
2026-03-01,109,6,491,Current
2026-03-01,109,6,504,Budget
2026-03-01,109,7,378,Current
2026-03-01,109,7,396,Budget
2026-03-01,109,8,616,Current
2026-03-01,109,8,636,Budget
2026-03-01,109,9,2171,Current
2026-03-01,109,9,2128,Budget
2026-03-01,109,10,1142,Current
2026-03-01,109,10,1168,Budget
2026-03-01,109,11,1268,Current
2026-03-01,109,11,1292,Budget
2026-03-01,109,12,1447,Current
2026-03-01,109,12,1519,Budget
2026-03-01,109,13,514,Current
2026-03-01,109,13,501,Budget
2026-03-01,109,14,1571,Current
2026-03-01,109,14,1616,Budget
2026-03-01,109,15,458,Current
2026-03-01,109,15,445,Budget
2026-03-01,110,1,2016,Current
2026-03-01,110,1,1997,Budget
2026-03-01,110,2,339,Current
2026-03-01,110,2,326,Budget
2026-03-01,110,3,623,Current
2026-03-01,110,3,627,Budget
2026-03-01,110,4,1276,Current
2026-03-01,110,4,1339,Budget
2026-03-01,110,5,388,Current
2026-03-01,110,5,374,Budget
2026-03-01,110,6,1007,Current
2026-03-01,110,6,1038,Budget
2026-03-01,110,7,439,Current
2026-03-01,110,7,458,Budget
2026-03-01,110,8,623,Current
2026-03-01,110,8,645,Budget
2026-03-01,110,9,1019,Current
2026-03-01,110,9,1029,Budget
2026-03-01,110,10,1929,Current
2026-03-01,110,10,1980,Budget
2026-03-01,110,11,746,Current
2026-03-01,110,11,787,Budget
2026-03-01,110,12,598,Current
2026-03-01,110,12,597,Budget
2026-03-01,110,13,669,Current
2026-03-01,110,13,668,Budget
2026-03-01,110,14,949,Current
2026-03-01,110,14,992,Budget
2026-03-01,110,15,442,Current
2026-03-01,110,15,449,Budget
2026-03-01,111,1,1215,Current
2026-03-01,111,1,1175,Budget
2026-03-01,111,2,994,Current
2026-03-01,111,2,971,Budget
2026-03-01,111,3,780,Current
2026-03-01,111,3,755,Budget
2026-03-01,111,4,949,Current
2026-03-01,111,4,944,Budget
2026-03-01,111,5,471,Current
2026-03-01,111,5,488,Budget
2026-03-01,111,6,513,Current
2026-03-01,111,6,496,Budget
2026-03-01,111,7,465,Current
2026-03-01,111,7,455,Budget
2026-03-01,111,8,635,Current
2026-03-01,111,8,643,Budget
2026-03-01,111,9,842,Current
2026-03-01,111,9,841,Budget
2026-03-01,111,10,850,Current
2026-03-01,111,10,831,Budget
2026-03-01,111,11,775,Current
2026-03-01,111,11,755,Budget
2026-03-01,111,12,690,Current
2026-03-01,111,12,679,Budget
2026-03-01,111,13,383,Current
2026-03-01,111,13,390,Budget
2026-03-01,111,14,645,Current
2026-03-01,111,14,666,Budget
2026-03-01,111,15,704,Current
2026-03-01,111,15,701,Budget
2026-03-01,112,1,1182,Current
2026-03-01,112,1,1137,Budget
2026-03-01,112,2,536,Current
2026-03-01,112,2,519,Budget
2026-03-01,112,3,771,Current
2026-03-01,112,3,744,Budget
2026-03-01,112,4,978,Current
2026-03-01,112,4,1020,Budget
2026-03-01,112,5,1197,Current
2026-03-01,112,5,1175,Budget
2026-03-01,112,6,1409,Current
2026-03-01,112,6,1472,Budget
2026-03-01,112,7,551,Current
2026-03-01,112,7,545,Budget
2026-03-01,112,8,474,Current
2026-03-01,112,8,468,Budget
2026-03-01,112,9,1181,Current
2026-03-01,112,9,1246,Budget
2026-03-01,112,10,780,Current
2026-03-01,112,10,770,Budget
2026-03-01,112,11,701,Current
2026-03-01,112,11,697,Budget
2026-03-01,112,12,680,Current
2026-03-01,112,12,671,Budget
2026-03-01,112,13,378,Current
2026-03-01,112,13,387,Budget
2026-03-01,112,14,557,Current
2026-03-01,112,14,590,Budget
2026-03-01,112,15,398,Current
2026-03-01,112,15,412,Budget
2026-03-01,113,1,1057,Current
2026-03-01,113,1,1035,Budget
2026-03-01,113,2,431,Current
2026-03-01,113,2,456,Budget
2026-03-01,113,3,834,Current
2026-03-01,113,3,871,Budget
2026-03-01,113,4,1606,Current
2026-03-01,113,4,1627,Budget
2026-03-01,113,5,415,Current
2026-03-01,113,5,422,Budget
2026-03-01,113,6,467,Current
2026-03-01,113,6,468,Budget
2026-03-01,113,7,390,Current
2026-03-01,113,7,411,Budget
2026-03-01,113,8,546,Current
2026-03-01,113,8,542,Budget
2026-03-01,113,9,1893,Current
2026-03-01,113,9,1900,Budget
2026-03-01,113,10,1666,Current
2026-03-01,113,10,1625,Budget
2026-03-01,113,11,704,Current
2026-03-01,113,11,730,Budget
2026-03-01,113,12,499,Current
2026-03-01,113,12,503,Budget
2026-03-01,113,13,924,Current
2026-03-01,113,13,971,Budget
2026-03-01,113,14,583,Current
2026-03-01,113,14,569,Budget
2026-03-01,113,15,762,Current
2026-03-01,113,15,741,Budget
2026-03-01,114,1,1382,Current
2026-03-01,114,1,1437,Budget
2026-03-01,114,2,373,Current
2026-03-01,114,2,370,Budget
2026-03-01,114,3,1395,Current
2026-03-01,114,3,1438,Budget
2026-03-01,114,4,752,Current
2026-03-01,114,4,782,Budget
2026-03-01,114,5,866,Current
2026-03-01,114,5,889,Budget
2026-03-01,114,6,525,Current
2026-03-01,114,6,545,Budget
2026-03-01,114,7,782,Current
2026-03-01,114,7,791,Budget
2026-03-01,114,8,488,Current
2026-03-01,114,8,508,Budget
2026-03-01,114,9,2332,Current
2026-03-01,114,9,2302,Budget
2026-03-01,114,10,1735,Current
2026-03-01,114,10,1818,Budget
2026-03-01,114,11,950,Current
2026-03-01,114,11,984,Budget
2026-03-01,114,12,648,Current
2026-03-01,114,12,662,Budget
2026-03-01,114,13,304,Current
2026-03-01,114,13,293,Budget
2026-03-01,114,14,573,Current
2026-03-01,114,14,586,Budget
2026-03-01,114,15,889,Current
2026-03-01,114,15,906,Budget
2026-03-01,115,1,2219,Current
2026-03-01,115,1,2148,Budget
2026-03-01,115,2,367,Current
2026-03-01,115,2,371,Budget
2026-03-01,115,3,773,Current
2026-03-01,115,3,818,Budget
2026-03-01,115,4,742,Current
2026-03-01,115,4,751,Budget
2026-03-01,115,5,339,Current
2026-03-01,115,5,328,Budget
2026-03-01,115,6,453,Current
2026-03-01,115,6,455,Budget
2026-03-01,115,7,364,Current
2026-03-01,115,7,374,Budget
2026-03-01,115,8,565,Current
2026-03-01,115,8,566,Budget
2026-03-01,115,9,1478,Current
2026-03-01,115,9,1466,Budget
2026-03-01,115,10,545,Current
2026-03-01,115,10,552,Budget
2026-03-01,115,11,708,Current
2026-03-01,115,11,710,Budget
2026-03-01,115,12,529,Current
2026-03-01,115,12,536,Budget
2026-03-01,115,13,304,Current
2026-03-01,115,13,295,Budget
2026-03-01,115,14,551,Current
2026-03-01,115,14,552,Budget
2026-03-01,115,15,432,Current
2026-03-01,115,15,439,Budget
2026-03-01,117,1,844,Current
2026-03-01,117,1,889,Budget
2026-03-01,117,2,260,Current
2026-03-01,117,2,259,Budget
2026-03-01,117,3,553,Current
2026-03-01,117,3,565,Budget
2026-03-01,117,4,568,Current
2026-03-01,117,4,594,Budget
2026-03-01,117,5,307,Current
2026-03-01,117,5,324,Budget
2026-03-01,117,6,314,Current
2026-03-01,117,6,310,Budget
2026-03-01,117,7,274,Current
2026-03-01,117,7,289,Budget
2026-03-01,117,8,305,Current
2026-03-01,117,8,305,Budget
2026-03-01,117,9,694,Current
2026-03-01,117,9,672,Budget
2026-03-01,117,10,488,Current
2026-03-01,117,10,472,Budget
2026-03-01,117,11,466,Current
2026-03-01,117,11,479,Budget
2026-03-01,117,12,477,Current
2026-03-01,117,12,498,Budget
2026-03-01,117,13,225,Current
2026-03-01,117,13,227,Budget
2026-03-01,117,14,353,Current
2026-03-01,117,14,348,Budget
2026-03-01,117,15,350,Current
2026-03-01,117,15,347,Budget
2026-03-01,118,1,786,Current
2026-03-01,118,1,809,Budget
2026-03-01,118,2,268,Current
2026-03-01,118,2,268,Budget
2026-03-01,118,3,527,Current
2026-03-01,118,3,526,Budget
2026-03-01,118,4,496,Current
2026-03-01,118,4,495,Budget
2026-03-01,118,5,254,Current
2026-03-01,118,5,252,Budget
2026-03-01,118,6,333,Current
2026-03-01,118,6,353,Budget
2026-03-01,118,7,267,Current
2026-03-01,118,7,282,Budget
2026-03-01,118,8,373,Current
2026-03-01,118,8,365,Budget
2026-03-01,118,9,628,Current
2026-03-01,118,9,644,Budget
2026-03-01,118,10,510,Current
2026-03-01,118,10,524,Budget
2026-03-01,118,11,464,Current
2026-03-01,118,11,450,Budget
2026-03-01,118,12,390,Current
2026-03-01,118,12,383,Budget
2026-03-01,118,13,211,Current
2026-03-01,118,13,221,Budget
2026-03-01,118,14,388,Current
2026-03-01,118,14,390,Budget
2026-03-01,118,15,318,Current
2026-03-01,118,15,307,Budget
2026-03-01,119,1,611,Current
2026-03-01,119,1,608,Budget
2026-03-01,119,2,284,Current
2026-03-01,119,2,290,Budget
2026-03-01,119,3,587,Current
2026-03-01,119,3,601,Budget
2026-03-01,119,4,489,Current
2026-03-01,119,4,472,Budget
2026-03-01,119,5,305,Current
2026-03-01,119,5,300,Budget
2026-03-01,119,6,320,Current
2026-03-01,119,6,324,Budget
2026-03-01,119,7,237,Current
2026-03-01,119,7,244,Budget
2026-03-01,119,8,404,Current
2026-03-01,119,8,392,Budget
2026-03-01,119,9,689,Current
2026-03-01,119,9,682,Budget
2026-03-01,119,10,408,Current
2026-03-01,119,10,394,Budget
2026-03-01,119,11,547,Current
2026-03-01,119,11,525,Budget
2026-03-01,119,12,428,Current
2026-03-01,119,12,419,Budget
2026-03-01,119,13,238,Current
2026-03-01,119,13,250,Budget
2026-03-01,119,14,372,Current
2026-03-01,119,14,363,Budget
2026-03-01,119,15,328,Current
2026-03-01,119,15,326,Budget
2026-03-01,120,1,874,Current
2026-03-01,120,1,901,Budget
2026-03-01,120,2,249,Current
2026-03-01,120,2,244,Budget
2026-03-01,120,3,480,Current
2026-03-01,120,3,461,Budget
2026-03-01,120,4,567,Current
2026-03-01,120,4,576,Budget
2026-03-01,120,5,347,Current
2026-03-01,120,5,358,Budget
2026-03-01,120,6,370,Current
2026-03-01,120,6,385,Budget
2026-03-01,120,7,271,Current
2026-03-01,120,7,261,Budget
2026-03-01,120,8,363,Current
2026-03-01,120,8,363,Budget
2026-03-01,120,9,681,Current
2026-03-01,120,9,693,Budget
2026-03-01,120,10,610,Current
2026-03-01,120,10,587,Budget
2026-03-01,120,11,576,Current
2026-03-01,120,11,608,Budget
2026-03-01,120,12,407,Current
2026-03-01,120,12,401,Budget
2026-03-01,120,13,211,Current
2026-03-01,120,13,209,Budget
2026-03-01,120,14,396,Current
2026-03-01,120,14,395,Budget
2026-03-01,120,15,348,Current
2026-03-01,120,15,362,Budget
2026-03-01,121,1,764,Current
2026-03-01,121,1,772,Budget
2026-03-01,121,2,372,Current
2026-03-01,121,2,383,Budget
2026-03-01,121,3,553,Current
2026-03-01,121,3,542,Budget
2026-03-01,121,4,636,Current
2026-03-01,121,4,619,Budget
2026-03-01,121,5,279,Current
2026-03-01,121,5,275,Budget
2026-03-01,121,6,422,Current
2026-03-01,121,6,443,Budget
2026-03-01,121,7,392,Current
2026-03-01,121,7,387,Budget
2026-03-01,121,8,401,Current
2026-03-01,121,8,391,Budget
2026-03-01,121,9,721,Current
2026-03-01,121,9,714,Budget
2026-03-01,121,10,857,Current
2026-03-01,121,10,830,Budget
2026-03-01,121,11,486,Current
2026-03-01,121,11,495,Budget
2026-03-01,121,12,833,Current
2026-03-01,121,12,872,Budget
2026-03-01,121,13,280,Current
2026-03-01,121,13,283,Budget
2026-03-01,121,14,513,Current
2026-03-01,121,14,541,Budget
2026-03-01,121,15,394,Current
2026-03-01,121,15,396,Budget
2026-03-01,122,1,939,Current
2026-03-01,122,1,902,Budget
2026-03-01,122,2,271,Current
2026-03-01,122,2,275,Budget
2026-03-01,122,3,558,Current
2026-03-01,122,3,575,Budget
2026-03-01,122,4,816,Current
2026-03-01,122,4,829,Budget
2026-03-01,122,5,338,Current
2026-03-01,122,5,350,Budget
2026-03-01,122,6,345,Current
2026-03-01,122,6,364,Budget
2026-03-01,122,7,352,Current
2026-03-01,122,7,340,Budget
2026-03-01,122,8,450,Current
2026-03-01,122,8,446,Budget
2026-03-01,122,9,1139,Current
2026-03-01,122,9,1122,Budget
2026-03-01,122,10,678,Current
2026-03-01,122,10,654,Budget
2026-03-01,122,11,486,Current
2026-03-01,122,11,513,Budget
2026-03-01,122,12,491,Current
2026-03-01,122,12,478,Budget
2026-03-01,122,13,239,Current
2026-03-01,122,13,230,Budget
2026-03-01,122,14,434,Current
2026-03-01,122,14,445,Budget
2026-03-01,122,15,433,Current
2026-03-01,122,15,427,Budget
2026-03-01,123,1,771,Current
2026-03-01,123,1,817,Budget
2026-03-01,123,2,344,Current
2026-03-01,123,2,355,Budget
2026-03-01,123,3,712,Current
2026-03-01,123,3,725,Budget
2026-03-01,123,4,568,Current
2026-03-01,123,4,558,Budget
2026-03-01,123,5,304,Current
2026-03-01,123,5,296,Budget
2026-03-01,123,6,331,Current
2026-03-01,123,6,336,Budget
2026-03-01,123,7,498,Current
2026-03-01,123,7,480,Budget
2026-03-01,123,8,318,Current
2026-03-01,123,8,322,Budget
2026-03-01,123,9,692,Current
2026-03-01,123,9,702,Budget
2026-03-01,123,10,540,Current
2026-03-01,123,10,536,Budget
2026-03-01,123,11,545,Current
2026-03-01,123,11,577,Budget
2026-03-01,123,12,407,Current
2026-03-01,123,12,423,Budget
2026-03-01,123,13,253,Current
2026-03-01,123,13,246,Budget
2026-03-01,123,14,604,Current
2026-03-01,123,14,633,Budget
2026-03-01,123,15,283,Current
2026-03-01,123,15,286,Budget
2026-03-01,125,1,607,Current
2026-03-01,125,1,643,Budget
2026-03-01,125,2,223,Current
2026-03-01,125,2,220,Budget
2026-03-01,125,3,385,Current
2026-03-01,125,3,391,Budget
2026-03-01,125,4,472,Current
2026-03-01,125,4,486,Budget
2026-03-01,125,5,202,Current
2026-03-01,125,5,199,Budget
2026-03-01,125,6,298,Current
2026-03-01,125,6,312,Budget
2026-03-01,125,7,220,Current
2026-03-01,125,7,223,Budget
2026-03-01,125,8,261,Current
2026-03-01,125,8,276,Budget
2026-03-01,125,9,483,Current
2026-03-01,125,9,464,Budget
2026-03-01,125,10,431,Current
2026-03-01,125,10,431,Budget
2026-03-01,125,11,407,Current
2026-03-01,125,11,430,Budget
2026-03-01,125,12,346,Current
2026-03-01,125,12,361,Budget
2026-03-01,125,13,176,Current
2026-03-01,125,13,181,Budget
2026-03-01,125,14,287,Current
2026-03-01,125,14,289,Budget
2026-03-01,125,15,278,Current
2026-03-01,125,15,290,Budget
2026-03-01,126,1,620,Current
2026-03-01,126,1,629,Budget
2026-03-01,126,2,250,Current
2026-03-01,126,2,264,Budget
2026-03-01,126,3,353,Current
2026-03-01,126,3,353,Budget
2026-03-01,126,4,323,Current
2026-03-01,126,4,319,Budget
2026-03-01,126,5,205,Current
2026-03-01,126,5,211,Budget
2026-03-01,126,6,278,Current
2026-03-01,126,6,289,Budget
2026-03-01,126,7,238,Current
2026-03-01,126,7,245,Budget
2026-03-01,126,8,269,Current
2026-03-01,126,8,285,Budget
2026-03-01,126,9,454,Current
2026-03-01,126,9,467,Budget
2026-03-01,126,10,359,Current
2026-03-01,126,10,347,Budget
2026-03-01,126,11,380,Current
2026-03-01,126,11,366,Budget
2026-03-01,126,12,352,Current
2026-03-01,126,12,371,Budget
2026-03-01,126,13,153,Current
2026-03-01,126,13,158,Budget
2026-03-01,126,14,316,Current
2026-03-01,126,14,316,Budget
2026-03-01,126,15,247,Current
2026-03-01,126,15,244,Budget
2026-03-01,127,1,719,Current
2026-03-01,127,1,703,Budget
2026-03-01,127,2,241,Current
2026-03-01,127,2,236,Budget
2026-03-01,127,3,431,Current
2026-03-01,127,3,448,Budget
2026-03-01,127,4,410,Current
2026-03-01,127,4,396,Budget
2026-03-01,127,5,368,Current
2026-03-01,127,5,364,Budget
2026-03-01,127,6,551,Current
2026-03-01,127,6,570,Budget
2026-03-01,127,7,225,Current
2026-03-01,127,7,224,Budget
2026-03-01,127,8,279,Current
2026-03-01,127,8,280,Budget
2026-03-01,127,9,542,Current
2026-03-01,127,9,528,Budget
2026-03-01,127,10,591,Current
2026-03-01,127,10,575,Budget
2026-03-01,127,11,480,Current
2026-03-01,127,11,505,Budget
2026-03-01,127,12,442,Current
2026-03-01,127,12,468,Budget
2026-03-01,127,13,201,Current
2026-03-01,127,13,202,Budget
2026-03-01,127,14,273,Current
2026-03-01,127,14,281,Budget
2026-03-01,127,15,291,Current
2026-03-01,127,15,296,Budget
2026-03-01,128,1,688,Current
2026-03-01,128,1,663,Budget
2026-03-01,128,2,276,Current
2026-03-01,128,2,276,Budget
2026-03-01,128,3,438,Current
2026-03-01,128,3,421,Budget
2026-03-01,128,4,395,Current
2026-03-01,128,4,408,Budget
2026-03-01,128,5,274,Current
2026-03-01,128,5,276,Budget
2026-03-01,128,6,263,Current
2026-03-01,128,6,268,Budget
2026-03-01,128,7,259,Current
2026-03-01,128,7,261,Budget
2026-03-01,128,8,338,Current
2026-03-01,128,8,334,Budget
2026-03-01,128,9,594,Current
2026-03-01,128,9,585,Budget
2026-03-01,128,10,539,Current
2026-03-01,128,10,569,Budget
2026-03-01,128,11,494,Current
2026-03-01,128,11,507,Budget
2026-03-01,128,12,348,Current
2026-03-01,128,12,361,Budget
2026-03-01,128,13,229,Current
2026-03-01,128,13,235,Budget
2026-03-01,128,14,292,Current
2026-03-01,128,14,304,Budget
2026-03-01,128,15,244,Current
2026-03-01,128,15,249,Budget
2026-03-01,129,1,700,Current
2026-03-01,129,1,676,Budget
2026-03-01,129,2,223,Current
2026-03-01,129,2,226,Budget
2026-03-01,129,3,383,Current
2026-03-01,129,3,374,Budget
2026-03-01,129,4,531,Current
2026-03-01,129,4,516,Budget
2026-03-01,129,5,257,Current
2026-03-01,129,5,250,Budget
2026-03-01,129,6,285,Current
2026-03-01,129,6,299,Budget
2026-03-01,129,7,252,Current
2026-03-01,129,7,259,Budget
2026-03-01,129,8,266,Current
2026-03-01,129,8,259,Budget
2026-03-01,129,9,521,Current
2026-03-01,129,9,536,Budget
2026-03-01,129,10,518,Current
2026-03-01,129,10,519,Budget
2026-03-01,129,11,560,Current
2026-03-01,129,11,539,Budget
2026-03-01,129,12,337,Current
2026-03-01,129,12,352,Budget
2026-03-01,129,13,206,Current
2026-03-01,129,13,205,Budget
2026-03-01,129,14,315,Current
2026-03-01,129,14,308,Budget
2026-03-01,129,15,316,Current
2026-03-01,129,15,312,Budget
2026-03-01,130,1,610,Current
2026-03-01,130,1,636,Budget
2026-03-01,130,2,232,Current
2026-03-01,130,2,233,Budget
2026-03-01,130,3,373,Current
2026-03-01,130,3,381,Budget
2026-03-01,130,4,527,Current
2026-03-01,130,4,510,Budget
2026-03-01,130,5,183,Current
2026-03-01,130,5,178,Budget
2026-03-01,130,6,299,Current
2026-03-01,130,6,315,Budget
2026-03-01,130,7,221,Current
2026-03-01,130,7,233,Budget
2026-03-01,130,8,283,Current
2026-03-01,130,8,286,Budget
2026-03-01,130,9,572,Current
2026-03-01,130,9,576,Budget
2026-03-01,130,10,396,Current
2026-03-01,130,10,391,Budget
2026-03-01,130,11,378,Current
2026-03-01,130,11,380,Budget
2026-03-01,130,12,455,Current
2026-03-01,130,12,456,Budget
2026-03-01,130,13,217,Current
2026-03-01,130,13,217,Budget
2026-03-01,130,14,378,Current
2026-03-01,130,14,399,Budget
2026-03-01,130,15,244,Current
2026-03-01,130,15,252,Budget
2026-03-01,131,1,676,Current
2026-03-01,131,1,664,Budget
2026-03-01,131,2,285,Current
2026-03-01,131,2,300,Budget
2026-03-01,131,3,716,Current
2026-03-01,131,3,756,Budget
2026-03-01,131,4,385,Current
2026-03-01,131,4,405,Budget
2026-03-01,131,5,454,Current
2026-03-01,131,5,442,Budget
2026-03-01,131,6,419,Current
2026-03-01,131,6,413,Budget
2026-03-01,131,7,227,Current
2026-03-01,131,7,226,Budget
2026-03-01,131,8,384,Current
2026-03-01,131,8,396,Budget
2026-03-01,131,9,676,Current
2026-03-01,131,9,716,Budget
2026-03-01,131,10,649,Current
2026-03-01,131,10,643,Budget
2026-03-01,131,11,528,Current
2026-03-01,131,11,512,Budget
2026-03-01,131,12,438,Current
2026-03-01,131,12,429,Budget
2026-03-01,131,13,208,Current
2026-03-01,131,13,219,Budget
2026-03-01,131,14,296,Current
2026-03-01,131,14,285,Budget
2026-03-01,131,15,354,Current
2026-03-01,131,15,343,Budget
2026-03-01,133,1,897,Current
2026-03-01,133,1,917,Budget
2026-03-01,133,2,284,Current
2026-03-01,133,2,275,Budget
2026-03-01,133,3,488,Current
2026-03-01,133,3,483,Budget
2026-03-01,133,4,503,Current
2026-03-01,133,4,512,Budget
2026-03-01,133,5,309,Current
2026-03-01,133,5,313,Budget
2026-03-01,133,6,354,Current
2026-03-01,133,6,348,Budget
2026-03-01,133,7,267,Current
2026-03-01,133,7,269,Budget
2026-03-01,133,8,391,Current
2026-03-01,133,8,405,Budget
2026-03-01,133,9,796,Current
2026-03-01,133,9,807,Budget
2026-03-01,133,10,513,Current
2026-03-01,133,10,532,Budget
2026-03-01,133,11,549,Current
2026-03-01,133,11,554,Budget
2026-03-01,133,12,460,Current
2026-03-01,133,12,443,Budget
2026-03-01,133,13,266,Current
2026-03-01,133,13,273,Budget
2026-03-01,133,14,803,Current
2026-03-01,133,14,793,Budget
2026-03-01,133,15,283,Current
2026-03-01,133,15,299,Budget
2026-03-01,134,1,928,Current
2026-03-01,134,1,982,Budget
2026-03-01,134,2,351,Current
2026-03-01,134,2,338,Budget
2026-03-01,134,3,483,Current
2026-03-01,134,3,478,Budget
2026-03-01,134,4,477,Current
2026-03-01,134,4,504,Budget
2026-03-01,134,5,326,Current
2026-03-01,134,5,335,Budget
2026-03-01,134,6,439,Current
2026-03-01,134,6,446,Budget
2026-03-01,134,7,324,Current
2026-03-01,134,7,317,Budget
2026-03-01,134,8,410,Current
2026-03-01,134,8,426,Budget
2026-03-01,134,9,811,Current
2026-03-01,134,9,846,Budget
2026-03-01,134,10,674,Current
2026-03-01,134,10,671,Budget
2026-03-01,134,11,660,Current
2026-03-01,134,11,674,Budget
2026-03-01,134,12,426,Current
2026-03-01,134,12,448,Budget
2026-03-01,134,13,212,Current
2026-03-01,134,13,223,Budget
2026-03-01,134,14,397,Current
2026-03-01,134,14,384,Budget
2026-03-01,134,15,299,Current
2026-03-01,134,15,299,Budget
2026-03-01,135,1,739,Current
2026-03-01,135,1,733,Budget
2026-03-01,135,2,329,Current
2026-03-01,135,2,317,Budget
2026-03-01,135,3,416,Current
2026-03-01,135,3,419,Budget
2026-03-01,135,4,502,Current
2026-03-01,135,4,482,Budget
2026-03-01,135,5,273,Current
2026-03-01,135,5,269,Budget
2026-03-01,135,6,343,Current
2026-03-01,135,6,353,Budget
2026-03-01,135,7,253,Current
2026-03-01,135,7,245,Budget
2026-03-01,135,8,326,Current
2026-03-01,135,8,322,Budget
2026-03-01,135,9,755,Current
2026-03-01,135,9,772,Budget
2026-03-01,135,10,439,Current
2026-03-01,135,10,442,Budget
2026-03-01,135,11,469,Current
2026-03-01,135,11,470,Budget
2026-03-01,135,12,488,Current
2026-03-01,135,12,472,Budget
2026-03-01,135,13,215,Current
2026-03-01,135,13,209,Budget
2026-03-01,135,14,318,Current
2026-03-01,135,14,307,Budget
2026-03-01,135,15,265,Current
2026-03-01,135,15,278,Budget
2026-03-01,136,1,1156,Current
2026-03-01,136,1,1130,Budget
2026-03-01,136,2,264,Current
2026-03-01,136,2,266,Budget
2026-03-01,136,3,444,Current
2026-03-01,136,3,434,Budget
2026-03-01,136,4,436,Current
2026-03-01,136,4,452,Budget
2026-03-01,136,5,304,Current
2026-03-01,136,5,300,Budget
2026-03-01,136,6,373,Current
2026-03-01,136,6,370,Budget
2026-03-01,136,7,261,Current
2026-03-01,136,7,266,Budget
2026-03-01,136,8,285,Current
2026-03-01,136,8,276,Budget
2026-03-01,136,9,662,Current
2026-03-01,136,9,679,Budget
2026-03-01,136,10,557,Current
2026-03-01,136,10,583,Budget
2026-03-01,136,11,522,Current
2026-03-01,136,11,542,Budget
2026-03-01,136,12,512,Current
2026-03-01,136,12,501,Budget
2026-03-01,136,13,215,Current
2026-03-01,136,13,211,Budget
2026-03-01,136,14,362,Current
2026-03-01,136,14,373,Budget
2026-03-01,136,15,275,Current
2026-03-01,136,15,268,Budget
2026-03-01,137,1,698,Current
2026-03-01,137,1,734,Budget
2026-03-01,137,2,292,Current
2026-03-01,137,2,283,Budget
2026-03-01,137,3,369,Current
2026-03-01,137,3,363,Budget
2026-03-01,137,4,592,Current
2026-03-01,137,4,569,Budget
2026-03-01,137,5,271,Current
2026-03-01,137,5,271,Budget
2026-03-01,137,6,415,Current
2026-03-01,137,6,402,Budget
2026-03-01,137,7,316,Current
2026-03-01,137,7,307,Budget
2026-03-01,137,8,337,Current
2026-03-01,137,8,328,Budget
2026-03-01,137,9,565,Current
2026-03-01,137,9,558,Budget
2026-03-01,137,10,717,Current
2026-03-01,137,10,728,Budget
2026-03-01,137,11,500,Current
2026-03-01,137,11,493,Budget
2026-03-01,137,12,409,Current
2026-03-01,137,12,401,Budget
2026-03-01,137,13,270,Current
2026-03-01,137,13,284,Budget
2026-03-01,137,14,573,Current
2026-03-01,137,14,556,Budget
2026-03-01,137,15,370,Current
2026-03-01,137,15,369,Budget
2026-03-01,138,1,905,Current
2026-03-01,138,1,888,Budget
2026-03-01,138,2,243,Current
2026-03-01,138,2,255,Budget
2026-03-01,138,3,451,Current
2026-03-01,138,3,445,Budget
2026-03-01,138,4,527,Current
2026-03-01,138,4,532,Budget
2026-03-01,138,5,279,Current
2026-03-01,138,5,287,Budget
2026-03-01,138,6,533,Current
2026-03-01,138,6,531,Budget
2026-03-01,138,7,552,Current
2026-03-01,138,7,544,Budget
2026-03-01,138,8,366,Current
2026-03-01,138,8,372,Budget
2026-03-01,138,9,675,Current
2026-03-01,138,9,714,Budget
2026-03-01,138,10,651,Current
2026-03-01,138,10,631,Budget
2026-03-01,138,11,500,Current
2026-03-01,138,11,490,Budget
2026-03-01,138,12,460,Current
2026-03-01,138,12,488,Budget
2026-03-01,138,13,204,Current
2026-03-01,138,13,208,Budget
2026-03-01,138,14,389,Current
2026-03-01,138,14,409,Budget
2026-03-01,138,15,406,Current
2026-03-01,138,15,391,Budget
2026-03-01,139,1,761,Current
2026-03-01,139,1,787,Budget
2026-03-01,139,2,310,Current
2026-03-01,139,2,315,Budget
2026-03-01,139,3,535,Current
2026-03-01,139,3,565,Budget
2026-03-01,139,4,508,Current
2026-03-01,139,4,537,Budget
2026-03-01,139,5,309,Current
2026-03-01,139,5,304,Budget
2026-03-01,139,6,366,Current
2026-03-01,139,6,355,Budget
2026-03-01,139,7,358,Current
2026-03-01,139,7,377,Budget
2026-03-01,139,8,369,Current
2026-03-01,139,8,382,Budget
2026-03-01,139,9,606,Current
2026-03-01,139,9,624,Budget
2026-03-01,139,10,497,Current
2026-03-01,139,10,497,Budget
2026-03-01,139,11,555,Current
2026-03-01,139,11,551,Budget
2026-03-01,139,12,537,Current
2026-03-01,139,12,542,Budget
2026-03-01,139,13,387,Current
2026-03-01,139,13,375,Budget
2026-03-01,139,14,589,Current
2026-03-01,139,14,601,Budget
2026-03-01,139,15,300,Current
2026-03-01,139,15,312,Budget
2026-04-01,101,1,2199,Current
2026-04-01,101,1,2236,Budget
2026-04-01,101,2,1058,Current
2026-04-01,101,2,1034,Budget
2026-04-01,101,3,1436,Current
2026-04-01,101,3,1497,Budget
2026-04-01,101,4,1431,Current
2026-04-01,101,4,1450,Budget
2026-04-01,101,5,522,Current
2026-04-01,101,5,528,Budget
2026-04-01,101,6,1271,Current
2026-04-01,101,6,1267,Budget
2026-04-01,101,7,652,Current
2026-04-01,101,7,667,Budget
2026-04-01,101,8,977,Current
2026-04-01,101,8,943,Budget
2026-04-01,101,9,1458,Current
2026-04-01,101,9,1481,Budget
2026-04-01,101,10,1307,Current
2026-04-01,101,10,1315,Budget
2026-04-01,101,11,1845,Current
2026-04-01,101,11,1786,Budget
2026-04-01,101,12,820,Current
2026-04-01,101,12,807,Budget
2026-04-01,101,13,416,Current
2026-04-01,101,13,420,Budget
2026-04-01,101,14,911,Current
2026-04-01,101,14,963,Budget
2026-04-01,101,15,577,Current
2026-04-01,101,15,563,Budget
2026-04-01,102,1,1914,Current
2026-04-01,102,1,1889,Budget
2026-04-01,102,2,604,Current
2026-04-01,102,2,625,Budget
2026-04-01,102,3,1176,Current
2026-04-01,102,3,1167,Budget
2026-04-01,102,4,1269,Current
2026-04-01,102,4,1224,Budget
2026-04-01,102,5,682,Current
2026-04-01,102,5,706,Budget
2026-04-01,102,6,1175,Current
2026-04-01,102,6,1206,Budget
2026-04-01,102,7,940,Current
2026-04-01,102,7,979,Budget
2026-04-01,102,8,830,Current
2026-04-01,102,8,829,Budget
2026-04-01,102,9,1395,Current
2026-04-01,102,9,1359,Budget
2026-04-01,102,10,1091,Current
2026-04-01,102,10,1063,Budget
2026-04-01,102,11,1476,Current
2026-04-01,102,11,1508,Budget
2026-04-01,102,12,1107,Current
2026-04-01,102,12,1115,Budget
2026-04-01,102,13,483,Current
2026-04-01,102,13,497,Budget
2026-04-01,102,14,953,Current
2026-04-01,102,14,941,Budget
2026-04-01,102,15,577,Current
2026-04-01,102,15,600,Budget
2026-04-01,103,1,1693,Current
2026-04-01,103,1,1762,Budget
2026-04-01,103,2,502,Current
2026-04-01,103,2,522,Budget
2026-04-01,103,3,1195,Current
2026-04-01,103,3,1250,Budget
2026-04-01,103,4,967,Current
2026-04-01,103,4,993,Budget
2026-04-01,103,5,565,Current
2026-04-01,103,5,573,Budget
2026-04-01,103,6,621,Current
2026-04-01,103,6,627,Budget
2026-04-01,103,7,628,Current
2026-04-01,103,7,655,Budget
2026-04-01,103,8,692,Current
2026-04-01,103,8,706,Budget
2026-04-01,103,9,1371,Current
2026-04-01,103,9,1398,Budget
2026-04-01,103,10,1044,Current
2026-04-01,103,10,1088,Budget
2026-04-01,103,11,1219,Current
2026-04-01,103,11,1192,Budget
2026-04-01,103,12,820,Current
2026-04-01,103,12,840,Budget
2026-04-01,103,13,497,Current
2026-04-01,103,13,491,Budget
2026-04-01,103,14,1115,Current
2026-04-01,103,14,1163,Budget
2026-04-01,103,15,693,Current
2026-04-01,103,15,674,Budget
2026-04-01,104,1,1707,Current
2026-04-01,104,1,1764,Budget
2026-04-01,104,2,734,Current
2026-04-01,104,2,730,Budget
2026-04-01,104,3,1127,Current
2026-04-01,104,3,1152,Budget
2026-04-01,104,4,1254,Current
2026-04-01,104,4,1277,Budget
2026-04-01,104,5,727,Current
2026-04-01,104,5,727,Budget
2026-04-01,104,6,864,Current
2026-04-01,104,6,856,Budget
2026-04-01,104,7,696,Current
2026-04-01,104,7,675,Budget
2026-04-01,104,8,839,Current
2026-04-01,104,8,851,Budget
2026-04-01,104,9,1846,Current
2026-04-01,104,9,1780,Budget
2026-04-01,104,10,1245,Current
2026-04-01,104,10,1291,Budget
2026-04-01,104,11,1204,Current
2026-04-01,104,11,1240,Budget
2026-04-01,104,12,941,Current
2026-04-01,104,12,956,Budget
2026-04-01,104,13,580,Current
2026-04-01,104,13,591,Budget
2026-04-01,104,14,872,Current
2026-04-01,104,14,870,Budget
2026-04-01,104,15,983,Current
2026-04-01,104,15,994,Budget
2026-04-01,105,1,1413,Current
2026-04-01,105,1,1429,Budget
2026-04-01,105,2,496,Current
2026-04-01,105,2,510,Budget
2026-04-01,105,3,1059,Current
2026-04-01,105,3,1063,Budget
2026-04-01,105,4,1044,Current
2026-04-01,105,4,1014,Budget
2026-04-01,105,5,486,Current
2026-04-01,105,5,479,Budget
2026-04-01,105,6,636,Current
2026-04-01,105,6,673,Budget
2026-04-01,105,7,629,Current
2026-04-01,105,7,662,Budget
2026-04-01,105,8,724,Current
2026-04-01,105,8,722,Budget
2026-04-01,105,9,1215,Current
2026-04-01,105,9,1186,Budget
2026-04-01,105,10,1027,Current
2026-04-01,105,10,1035,Budget
2026-04-01,105,11,1055,Current
2026-04-01,105,11,1045,Budget
2026-04-01,105,12,950,Current
2026-04-01,105,12,989,Budget
2026-04-01,105,13,432,Current
2026-04-01,105,13,455,Budget
2026-04-01,105,14,919,Current
2026-04-01,105,14,951,Budget
2026-04-01,105,15,608,Current
2026-04-01,105,15,607,Budget
2026-04-01,106,1,1771,Current
2026-04-01,106,1,1839,Budget
2026-04-01,106,2,538,Current
2026-04-01,106,2,542,Budget
2026-04-01,106,3,1022,Current
2026-04-01,106,3,998,Budget
2026-04-01,106,4,967,Current
2026-04-01,106,4,1012,Budget
2026-04-01,106,5,847,Current
2026-04-01,106,5,827,Budget
2026-04-01,106,6,598,Current
2026-04-01,106,6,575,Budget
2026-04-01,106,7,536,Current
2026-04-01,106,7,554,Budget
2026-04-01,106,8,742,Current
2026-04-01,106,8,723,Budget
2026-04-01,106,9,1454,Current
2026-04-01,106,9,1520,Budget
2026-04-01,106,10,1095,Current
2026-04-01,106,10,1092,Budget
2026-04-01,106,11,990,Current
2026-04-01,106,11,1027,Budget
2026-04-01,106,12,960,Current
2026-04-01,106,12,981,Budget
2026-04-01,106,13,416,Current
2026-04-01,106,13,427,Budget
2026-04-01,106,14,698,Current
2026-04-01,106,14,739,Budget
2026-04-01,106,15,786,Current
2026-04-01,106,15,803,Budget
2026-04-01,107,1,1364,Current
2026-04-01,107,1,1426,Budget
2026-04-01,107,2,640,Current
2026-04-01,107,2,655,Budget
2026-04-01,107,3,1075,Current
2026-04-01,107,3,1107,Budget
2026-04-01,107,4,1114,Current
2026-04-01,107,4,1110,Budget
2026-04-01,107,5,726,Current
2026-04-01,107,5,734,Budget
2026-04-01,107,6,776,Current
2026-04-01,107,6,804,Budget
2026-04-01,107,7,660,Current
2026-04-01,107,7,673,Budget
2026-04-01,107,8,869,Current
2026-04-01,107,8,892,Budget
2026-04-01,107,9,1363,Current
2026-04-01,107,9,1378,Budget
2026-04-01,107,10,999,Current
2026-04-01,107,10,1052,Budget
2026-04-01,107,11,1075,Current
2026-04-01,107,11,1049,Budget
2026-04-01,107,12,1136,Current
2026-04-01,107,12,1140,Budget
2026-04-01,107,13,508,Current
2026-04-01,107,13,528,Budget
2026-04-01,107,14,698,Current
2026-04-01,107,14,683,Budget
2026-04-01,107,15,639,Current
2026-04-01,107,15,632,Budget
2026-04-01,109,1,1037,Current
2026-04-01,109,1,1054,Budget
2026-04-01,109,2,384,Current
2026-04-01,109,2,380,Budget
2026-04-01,109,3,1572,Current
2026-04-01,109,3,1555,Budget
2026-04-01,109,4,706,Current
2026-04-01,109,4,747,Budget
2026-04-01,109,5,445,Current
2026-04-01,109,5,459,Budget
2026-04-01,109,6,460,Current
2026-04-01,109,6,478,Budget
2026-04-01,109,7,458,Current
2026-04-01,109,7,476,Budget
2026-04-01,109,8,1211,Current
2026-04-01,109,8,1242,Budget
2026-04-01,109,9,924,Current
2026-04-01,109,9,928,Budget
2026-04-01,109,10,670,Current
2026-04-01,109,10,660,Budget
2026-04-01,109,11,685,Current
2026-04-01,109,11,674,Budget
2026-04-01,109,12,824,Current
2026-04-01,109,12,793,Budget
2026-04-01,109,13,294,Current
2026-04-01,109,13,287,Budget
2026-04-01,109,14,509,Current
2026-04-01,109,14,491,Budget
2026-04-01,109,15,881,Current
2026-04-01,109,15,899,Budget
2026-04-01,110,1,946,Current
2026-04-01,110,1,989,Budget
2026-04-01,110,2,536,Current
2026-04-01,110,2,534,Budget
2026-04-01,110,3,1483,Current
2026-04-01,110,3,1494,Budget
2026-04-01,110,4,1723,Current
2026-04-01,110,4,1806,Budget
2026-04-01,110,5,760,Current
2026-04-01,110,5,794,Budget
2026-04-01,110,6,527,Current
2026-04-01,110,6,542,Budget
2026-04-01,110,7,426,Current
2026-04-01,110,7,436,Budget
2026-04-01,110,8,868,Current
2026-04-01,110,8,882,Budget
2026-04-01,110,9,871,Current
2026-04-01,110,9,907,Budget
2026-04-01,110,10,838,Current
2026-04-01,110,10,809,Budget
2026-04-01,110,11,717,Current
2026-04-01,110,11,717,Budget
2026-04-01,110,12,1526,Current
2026-04-01,110,12,1567,Budget
2026-04-01,110,13,358,Current
2026-04-01,110,13,346,Budget
2026-04-01,110,14,543,Current
2026-04-01,110,14,566,Budget
2026-04-01,110,15,893,Current
2026-04-01,110,15,902,Budget
2026-04-01,111,1,1023,Current
2026-04-01,111,1,1075,Budget
2026-04-01,111,2,516,Current
2026-04-01,111,2,535,Budget
2026-04-01,111,3,663,Current
2026-04-01,111,3,672,Budget
2026-04-01,111,4,1498,Current
2026-04-01,111,4,1487,Budget
2026-04-01,111,5,446,Current
2026-04-01,111,5,436,Budget
2026-04-01,111,6,990,Current
2026-04-01,111,6,1023,Budget
2026-04-01,111,7,477,Current
2026-04-01,111,7,500,Budget
2026-04-01,111,8,625,Current
2026-04-01,111,8,604,Budget
2026-04-01,111,9,1129,Current
2026-04-01,111,9,1084,Budget
2026-04-01,111,10,1325,Current
2026-04-01,111,10,1377,Budget
2026-04-01,111,11,701,Current
2026-04-01,111,11,685,Budget
2026-04-01,111,12,598,Current
2026-04-01,111,12,606,Budget
2026-04-01,111,13,399,Current
2026-04-01,111,13,384,Budget
2026-04-01,111,14,604,Current
2026-04-01,111,14,585,Budget
2026-04-01,111,15,505,Current
2026-04-01,111,15,515,Budget
2026-04-01,112,1,1091,Current
2026-04-01,112,1,1096,Budget
2026-04-01,112,2,413,Current
2026-04-01,112,2,410,Budget
2026-04-01,112,3,921,Current
2026-04-01,112,3,940,Budget
2026-04-01,112,4,722,Current
2026-04-01,112,4,697,Budget
2026-04-01,112,5,422,Current
2026-04-01,112,5,416,Budget
2026-04-01,112,6,580,Current
2026-04-01,112,6,603,Budget
2026-04-01,112,7,666,Current
2026-04-01,112,7,644,Budget
2026-04-01,112,8,652,Current
2026-04-01,112,8,678,Budget
2026-04-01,112,9,2480,Current
2026-04-01,112,9,2461,Budget
2026-04-01,112,10,698,Current
2026-04-01,112,10,729,Budget
2026-04-01,112,11,701,Current
2026-04-01,112,11,717,Budget
2026-04-01,112,12,669,Current
2026-04-01,112,12,654,Budget
2026-04-01,112,13,431,Current
2026-04-01,112,13,448,Budget
2026-04-01,112,14,572,Current
2026-04-01,112,14,603,Budget
2026-04-01,112,15,508,Current
2026-04-01,112,15,497,Budget
2026-04-01,113,1,1086,Current
2026-04-01,113,1,1055,Budget
2026-04-01,113,2,764,Current
2026-04-01,113,2,804,Budget
2026-04-01,113,3,784,Current
2026-04-01,113,3,823,Budget
2026-04-01,113,4,650,Current
2026-04-01,113,4,663,Budget
2026-04-01,113,5,440,Current
2026-04-01,113,5,441,Budget
2026-04-01,113,6,497,Current
2026-04-01,113,6,508,Budget
2026-04-01,113,7,395,Current
2026-04-01,113,7,384,Budget
2026-04-01,113,8,432,Current
2026-04-01,113,8,449,Budget
2026-04-01,113,9,1169,Current
2026-04-01,113,9,1224,Budget
2026-04-01,113,10,1270,Current
2026-04-01,113,10,1226,Budget
2026-04-01,113,11,791,Current
2026-04-01,113,11,824,Budget
2026-04-01,113,12,626,Current
2026-04-01,113,12,651,Budget
2026-04-01,113,13,351,Current
2026-04-01,113,13,354,Budget
2026-04-01,113,14,1195,Current
2026-04-01,113,14,1173,Budget
2026-04-01,113,15,519,Current
2026-04-01,113,15,518,Budget
2026-04-01,114,1,1057,Current
2026-04-01,114,1,1064,Budget
2026-04-01,114,2,381,Current
2026-04-01,114,2,368,Budget
2026-04-01,114,3,1392,Current
2026-04-01,114,3,1466,Budget
2026-04-01,114,4,1777,Current
2026-04-01,114,4,1781,Budget
2026-04-01,114,5,379,Current
2026-04-01,114,5,365,Budget
2026-04-01,114,6,563,Current
2026-04-01,114,6,551,Budget
2026-04-01,114,7,714,Current
2026-04-01,114,7,735,Budget
2026-04-01,114,8,469,Current
2026-04-01,114,8,455,Budget
2026-04-01,114,9,998,Current
2026-04-01,114,9,1003,Budget
2026-04-01,114,10,814,Current
2026-04-01,114,10,783,Budget
2026-04-01,114,11,1744,Current
2026-04-01,114,11,1773,Budget
2026-04-01,114,12,692,Current
2026-04-01,114,12,680,Budget
2026-04-01,114,13,315,Current
2026-04-01,114,13,317,Budget
2026-04-01,114,14,536,Current
2026-04-01,114,14,538,Budget
2026-04-01,114,15,421,Current
2026-04-01,114,15,419,Budget
2026-04-01,115,1,1881,Current
2026-04-01,115,1,1860,Budget
2026-04-01,115,2,380,Current
2026-04-01,115,2,392,Budget
2026-04-01,115,3,1562,Current
2026-04-01,115,3,1512,Budget
2026-04-01,115,4,700,Current
2026-04-01,115,4,679,Budget
2026-04-01,115,5,615,Current
2026-04-01,115,5,599,Budget
2026-04-01,115,6,871,Current
2026-04-01,115,6,897,Budget
2026-04-01,115,7,381,Current
2026-04-01,115,7,378,Budget
2026-04-01,115,8,475,Current
2026-04-01,115,8,481,Budget
2026-04-01,115,9,2139,Current
2026-04-01,115,9,2257,Budget
2026-04-01,115,10,560,Current
2026-04-01,115,10,561,Budget
2026-04-01,115,11,679,Current
2026-04-01,115,11,654,Budget
2026-04-01,115,12,534,Current
2026-04-01,115,12,562,Budget
2026-04-01,115,13,490,Current
2026-04-01,115,13,484,Budget
2026-04-01,115,14,668,Current
2026-04-01,115,14,698,Budget
2026-04-01,115,15,421,Current
2026-04-01,115,15,423,Budget
2026-04-01,117,1,888,Current
2026-04-01,117,1,930,Budget
2026-04-01,117,2,241,Current
2026-04-01,117,2,247,Budget
2026-04-01,117,3,489,Current
2026-04-01,117,3,490,Budget
2026-04-01,117,4,511,Current
2026-04-01,117,4,523,Budget
2026-04-01,117,5,291,Current
2026-04-01,117,5,297,Budget
2026-04-01,117,6,329,Current
2026-04-01,117,6,342,Budget
2026-04-01,117,7,357,Current
2026-04-01,117,7,366,Budget
2026-04-01,117,8,351,Current
2026-04-01,117,8,345,Budget
2026-04-01,117,9,725,Current
2026-04-01,117,9,730,Budget
2026-04-01,117,10,560,Current
2026-04-01,117,10,563,Budget
2026-04-01,117,11,542,Current
2026-04-01,117,11,565,Budget
2026-04-01,117,12,421,Current
2026-04-01,117,12,434,Budget
2026-04-01,117,13,258,Current
2026-04-01,117,13,267,Budget
2026-04-01,117,14,444,Current
2026-04-01,117,14,429,Budget
2026-04-01,117,15,319,Current
2026-04-01,117,15,332,Budget
2026-04-01,118,1,714,Current
2026-04-01,118,1,741,Budget
2026-04-01,118,2,269,Current
2026-04-01,118,2,276,Budget
2026-04-01,118,3,529,Current
2026-04-01,118,3,510,Budget
2026-04-01,118,4,503,Current
2026-04-01,118,4,533,Budget
2026-04-01,118,5,352,Current
2026-04-01,118,5,338,Budget
2026-04-01,118,6,358,Current
2026-04-01,118,6,353,Budget
2026-04-01,118,7,321,Current
2026-04-01,118,7,321,Budget
2026-04-01,118,8,380,Current
2026-04-01,118,8,384,Budget
2026-04-01,118,9,1113,Current
2026-04-01,118,9,1148,Budget
2026-04-01,118,10,488,Current
2026-04-01,118,10,495,Budget
2026-04-01,118,11,487,Current
2026-04-01,118,11,491,Budget
2026-04-01,118,12,441,Current
2026-04-01,118,12,426,Budget
2026-04-01,118,13,243,Current
2026-04-01,118,13,233,Budget
2026-04-01,118,14,427,Current
2026-04-01,118,14,438,Budget
2026-04-01,118,15,330,Current
2026-04-01,118,15,325,Budget
2026-04-01,119,1,931,Current
2026-04-01,119,1,966,Budget
2026-04-01,119,2,300,Current
2026-04-01,119,2,313,Budget
2026-04-01,119,3,583,Current
2026-04-01,119,3,567,Budget
2026-04-01,119,4,1197,Current
2026-04-01,119,4,1157,Budget
2026-04-01,119,5,302,Current
2026-04-01,119,5,310,Budget
2026-04-01,119,6,316,Current
2026-04-01,119,6,306,Budget
2026-04-01,119,7,363,Current
2026-04-01,119,7,369,Budget
2026-04-01,119,8,299,Current
2026-04-01,119,8,311,Budget
2026-04-01,119,9,801,Current
2026-04-01,119,9,801,Budget
2026-04-01,119,10,534,Current
2026-04-01,119,10,563,Budget
2026-04-01,119,11,504,Current
2026-04-01,119,11,487,Budget
2026-04-01,119,12,446,Current
2026-04-01,119,12,464,Budget
2026-04-01,119,13,216,Current
2026-04-01,119,13,211,Budget
2026-04-01,119,14,432,Current
2026-04-01,119,14,415,Budget
2026-04-01,119,15,299,Current
2026-04-01,119,15,303,Budget
2026-04-01,120,1,622,Current
2026-04-01,120,1,638,Budget
2026-04-01,120,2,247,Current
2026-04-01,120,2,260,Budget
2026-04-01,120,3,460,Current
2026-04-01,120,3,471,Budget
2026-04-01,120,4,467,Current
2026-04-01,120,4,463,Budget
2026-04-01,120,5,327,Current
2026-04-01,120,5,329,Budget
2026-04-01,120,6,327,Current
2026-04-01,120,6,331,Budget
2026-04-01,120,7,298,Current
2026-04-01,120,7,296,Budget
2026-04-01,120,8,422,Current
2026-04-01,120,8,446,Budget
2026-04-01,120,9,708,Current
2026-04-01,120,9,728,Budget
2026-04-01,120,10,601,Current
2026-04-01,120,10,611,Budget
2026-04-01,120,11,639,Current
2026-04-01,120,11,636,Budget
2026-04-01,120,12,446,Current
2026-04-01,120,12,430,Budget
2026-04-01,120,13,235,Current
2026-04-01,120,13,247,Budget
2026-04-01,120,14,399,Current
2026-04-01,120,14,417,Budget
2026-04-01,120,15,362,Current
2026-04-01,120,15,382,Budget
2026-04-01,121,1,904,Current
2026-04-01,121,1,957,Budget
2026-04-01,121,2,276,Current
2026-04-01,121,2,285,Budget
2026-04-01,121,3,650,Current
2026-04-01,121,3,653,Budget
2026-04-01,121,4,964,Current
2026-04-01,121,4,942,Budget
2026-04-01,121,5,308,Current
2026-04-01,121,5,321,Budget
2026-04-01,121,6,361,Current
2026-04-01,121,6,363,Budget
2026-04-01,121,7,348,Current
2026-04-01,121,7,357,Budget
2026-04-01,121,8,420,Current
2026-04-01,121,8,412,Budget
2026-04-01,121,9,748,Current
2026-04-01,121,9,788,Budget
2026-04-01,121,10,617,Current
2026-04-01,121,10,614,Budget
2026-04-01,121,11,718,Current
2026-04-01,121,11,694,Budget
2026-04-01,121,12,449,Current
2026-04-01,121,12,461,Budget
2026-04-01,121,13,309,Current
2026-04-01,121,13,312,Budget
2026-04-01,121,14,429,Current
2026-04-01,121,14,448,Budget
2026-04-01,121,15,382,Current
2026-04-01,121,15,372,Budget
2026-04-01,122,1,702,Current
2026-04-01,122,1,731,Budget
2026-04-01,122,2,280,Current
2026-04-01,122,2,295,Budget
2026-04-01,122,3,500,Current
2026-04-01,122,3,485,Budget
2026-04-01,122,4,624,Current
2026-04-01,122,4,659,Budget
2026-04-01,122,5,375,Current
2026-04-01,122,5,388,Budget
2026-04-01,122,6,314,Current
2026-04-01,122,6,303,Budget
2026-04-01,122,7,390,Current
2026-04-01,122,7,389,Budget
2026-04-01,122,8,426,Current
2026-04-01,122,8,423,Budget
2026-04-01,122,9,678,Current
2026-04-01,122,9,717,Budget
2026-04-01,122,10,596,Current
2026-04-01,122,10,591,Budget
2026-04-01,122,11,611,Current
2026-04-01,122,11,627,Budget
2026-04-01,122,12,502,Current
2026-04-01,122,12,521,Budget
2026-04-01,122,13,223,Current
2026-04-01,122,13,220,Budget
2026-04-01,122,14,353,Current
2026-04-01,122,14,352,Budget
2026-04-01,122,15,317,Current
2026-04-01,122,15,317,Budget
2026-04-01,123,1,704,Current
2026-04-01,123,1,726,Budget
2026-04-01,123,2,248,Current
2026-04-01,123,2,241,Budget
2026-04-01,123,3,609,Current
2026-04-01,123,3,607,Budget
2026-04-01,123,4,504,Current
2026-04-01,123,4,485,Budget
2026-04-01,123,5,353,Current
2026-04-01,123,5,368,Budget
2026-04-01,123,6,352,Current
2026-04-01,123,6,357,Budget
2026-04-01,123,7,229,Current
2026-04-01,123,7,238,Budget
2026-04-01,123,8,412,Current
2026-04-01,123,8,430,Budget
2026-04-01,123,9,695,Current
2026-04-01,123,9,699,Budget
2026-04-01,123,10,485,Current
2026-04-01,123,10,513,Budget
2026-04-01,123,11,573,Current
2026-04-01,123,11,592,Budget
2026-04-01,123,12,540,Current
2026-04-01,123,12,562,Budget
2026-04-01,123,13,225,Current
2026-04-01,123,13,225,Budget
2026-04-01,123,14,398,Current
2026-04-01,123,14,418,Budget
2026-04-01,123,15,421,Current
2026-04-01,123,15,412,Budget
2026-04-01,125,1,821,Current
2026-04-01,125,1,834,Budget
2026-04-01,125,2,216,Current
2026-04-01,125,2,211,Budget
2026-04-01,125,3,370,Current
2026-04-01,125,3,375,Budget
2026-04-01,125,4,416,Current
2026-04-01,125,4,416,Budget
2026-04-01,125,5,223,Current
2026-04-01,125,5,214,Budget
2026-04-01,125,6,263,Current
2026-04-01,125,6,270,Budget
2026-04-01,125,7,239,Current
2026-04-01,125,7,253,Budget
2026-04-01,125,8,283,Current
2026-04-01,125,8,286,Budget
2026-04-01,125,9,492,Current
2026-04-01,125,9,502,Budget
2026-04-01,125,10,463,Current
2026-04-01,125,10,451,Budget
2026-04-01,125,11,407,Current
2026-04-01,125,11,416,Budget
2026-04-01,125,12,359,Current
2026-04-01,125,12,353,Budget
2026-04-01,125,13,176,Current
2026-04-01,125,13,182,Budget
2026-04-01,125,14,287,Current
2026-04-01,125,14,302,Budget
2026-04-01,125,15,214,Current
2026-04-01,125,15,218,Budget
2026-04-01,126,1,543,Current
2026-04-01,126,1,575,Budget
2026-04-01,126,2,223,Current
2026-04-01,126,2,231,Budget
2026-04-01,126,3,428,Current
2026-04-01,126,3,429,Budget
2026-04-01,126,4,488,Current
2026-04-01,126,4,482,Budget
2026-04-01,126,5,188,Current
2026-04-01,126,5,188,Budget
2026-04-01,126,6,270,Current
2026-04-01,126,6,268,Budget
2026-04-01,126,7,278,Current
2026-04-01,126,7,288,Budget
2026-04-01,126,8,265,Current
2026-04-01,126,8,278,Budget
2026-04-01,126,9,540,Current
2026-04-01,126,9,540,Budget
2026-04-01,126,10,650,Current
2026-04-01,126,10,667,Budget
2026-04-01,126,11,393,Current
2026-04-01,126,11,407,Budget
2026-04-01,126,12,283,Current
2026-04-01,126,12,296,Budget
2026-04-01,126,13,174,Current
2026-04-01,126,13,171,Budget
2026-04-01,126,14,289,Current
2026-04-01,126,14,290,Budget
2026-04-01,126,15,324,Current
2026-04-01,126,15,340,Budget
2026-04-01,127,1,658,Current
2026-04-01,127,1,649,Budget
2026-04-01,127,2,386,Current
2026-04-01,127,2,406,Budget
2026-04-01,127,3,323,Current
2026-04-01,127,3,323,Budget
2026-04-01,127,4,465,Current
2026-04-01,127,4,464,Budget
2026-04-01,127,5,243,Current
2026-04-01,127,5,250,Budget
2026-04-01,127,6,244,Current
2026-04-01,127,6,247,Budget
2026-04-01,127,7,227,Current
2026-04-01,127,7,225,Budget
2026-04-01,127,8,356,Current
2026-04-01,127,8,346,Budget
2026-04-01,127,9,564,Current
2026-04-01,127,9,577,Budget
2026-04-01,127,10,405,Current
2026-04-01,127,10,391,Budget
2026-04-01,127,11,418,Current
2026-04-01,127,11,438,Budget
2026-04-01,127,12,336,Current
2026-04-01,127,12,327,Budget
2026-04-01,127,13,207,Current
2026-04-01,127,13,202,Budget
2026-04-01,127,14,376,Current
2026-04-01,127,14,362,Budget
2026-04-01,127,15,265,Current
2026-04-01,127,15,274,Budget
2026-04-01,128,1,796,Current
2026-04-01,128,1,801,Budget
2026-04-01,128,2,283,Current
2026-04-01,128,2,284,Budget
2026-04-01,128,3,507,Current
2026-04-01,128,3,537,Budget
2026-04-01,128,4,459,Current
2026-04-01,128,4,453,Budget
2026-04-01,128,5,255,Current
2026-04-01,128,5,253,Budget
2026-04-01,128,6,299,Current
2026-04-01,128,6,311,Budget
2026-04-01,128,7,212,Current
2026-04-01,128,7,224,Budget
2026-04-01,128,8,419,Current
2026-04-01,128,8,404,Budget
2026-04-01,128,9,744,Current
2026-04-01,128,9,738,Budget
2026-04-01,128,10,461,Current
2026-04-01,128,10,456,Budget
2026-04-01,128,11,417,Current
2026-04-01,128,11,417,Budget
2026-04-01,128,12,464,Current
2026-04-01,128,12,482,Budget
2026-04-01,128,13,228,Current
2026-04-01,128,13,232,Budget
2026-04-01,128,14,296,Current
2026-04-01,128,14,313,Budget
2026-04-01,128,15,260,Current
2026-04-01,128,15,265,Budget
2026-04-01,129,1,1004,Current
2026-04-01,129,1,973,Budget
2026-04-01,129,2,216,Current
2026-04-01,129,2,210,Budget
2026-04-01,129,3,430,Current
2026-04-01,129,3,438,Budget
2026-04-01,129,4,473,Current
2026-04-01,129,4,478,Budget
2026-04-01,129,5,245,Current
2026-04-01,129,5,255,Budget
2026-04-01,129,6,263,Current
2026-04-01,129,6,256,Budget
2026-04-01,129,7,204,Current
2026-04-01,129,7,196,Budget
2026-04-01,129,8,275,Current
2026-04-01,129,8,266,Budget
2026-04-01,129,9,498,Current
2026-04-01,129,9,522,Budget
2026-04-01,129,10,451,Current
2026-04-01,129,10,475,Budget
2026-04-01,129,11,427,Current
2026-04-01,129,11,416,Budget
2026-04-01,129,12,531,Current
2026-04-01,129,12,541,Budget
2026-04-01,129,13,209,Current
2026-04-01,129,13,209,Budget
2026-04-01,129,14,524,Current
2026-04-01,129,14,515,Budget
2026-04-01,129,15,296,Current
2026-04-01,129,15,313,Budget
2026-04-01,130,1,578,Current
2026-04-01,130,1,569,Budget
2026-04-01,130,2,310,Current
2026-04-01,130,2,309,Budget
2026-04-01,130,3,398,Current
2026-04-01,130,3,419,Budget
2026-04-01,130,4,370,Current
2026-04-01,130,4,364,Budget
2026-04-01,130,5,257,Current
2026-04-01,130,5,266,Budget
2026-04-01,130,6,263,Current
2026-04-01,130,6,272,Budget
2026-04-01,130,7,250,Current
2026-04-01,130,7,249,Budget
2026-04-01,130,8,306,Current
2026-04-01,130,8,318,Budget
2026-04-01,130,9,590,Current
2026-04-01,130,9,607,Budget
2026-04-01,130,10,405,Current
2026-04-01,130,10,395,Budget
2026-04-01,130,11,492,Current
2026-04-01,130,11,486,Budget
2026-04-01,130,12,400,Current
2026-04-01,130,12,388,Budget
2026-04-01,130,13,190,Current
2026-04-01,130,13,198,Budget
2026-04-01,130,14,411,Current
2026-04-01,130,14,432,Budget
2026-04-01,130,15,267,Current
2026-04-01,130,15,275,Budget
2026-04-01,131,1,574,Current
2026-04-01,131,1,600,Budget
2026-04-01,131,2,274,Current
2026-04-01,131,2,285,Budget
2026-04-01,131,3,465,Current
2026-04-01,131,3,480,Budget
2026-04-01,131,4,573,Current
2026-04-01,131,4,583,Budget
2026-04-01,131,5,230,Current
2026-04-01,131,5,244,Budget
2026-04-01,131,6,314,Current
2026-04-01,131,6,333,Budget
2026-04-01,131,7,257,Current
2026-04-01,131,7,247,Budget
2026-04-01,131,8,281,Current
2026-04-01,131,8,272,Budget
2026-04-01,131,9,506,Current
2026-04-01,131,9,489,Budget
2026-04-01,131,10,488,Current
2026-04-01,131,10,471,Budget
2026-04-01,131,11,551,Current
2026-04-01,131,11,541,Budget
2026-04-01,131,12,419,Current
2026-04-01,131,12,411,Budget
2026-04-01,131,13,209,Current
2026-04-01,131,13,214,Budget
2026-04-01,131,14,415,Current
2026-04-01,131,14,405,Budget
2026-04-01,131,15,282,Current
2026-04-01,131,15,289,Budget
2026-04-01,133,1,893,Current
2026-04-01,133,1,866,Budget
2026-04-01,133,2,283,Current
2026-04-01,133,2,298,Budget
2026-04-01,133,3,419,Current
2026-04-01,133,3,406,Budget
2026-04-01,133,4,614,Current
2026-04-01,133,4,609,Budget
2026-04-01,133,5,250,Current
2026-04-01,133,5,242,Budget
2026-04-01,133,6,409,Current
2026-04-01,133,6,396,Budget
2026-04-01,133,7,273,Current
2026-04-01,133,7,269,Budget
2026-04-01,133,8,539,Current
2026-04-01,133,8,529,Budget
2026-04-01,133,9,576,Current
2026-04-01,133,9,556,Budget
2026-04-01,133,10,497,Current
2026-04-01,133,10,496,Budget
2026-04-01,133,11,544,Current
2026-04-01,133,11,567,Budget
2026-04-01,133,12,454,Current
2026-04-01,133,12,472,Budget
2026-04-01,133,13,286,Current
2026-04-01,133,13,302,Budget
2026-04-01,133,14,381,Current
2026-04-01,133,14,384,Budget
2026-04-01,133,15,345,Current
2026-04-01,133,15,365,Budget
2026-04-01,134,1,699,Current
2026-04-01,134,1,723,Budget
2026-04-01,134,2,302,Current
2026-04-01,134,2,318,Budget
2026-04-01,134,3,551,Current
2026-04-01,134,3,530,Budget
2026-04-01,134,4,480,Current
2026-04-01,134,4,489,Budget
2026-04-01,134,5,298,Current
2026-04-01,134,5,300,Budget
2026-04-01,134,6,379,Current
2026-04-01,134,6,401,Budget
2026-04-01,134,7,278,Current
2026-04-01,134,7,276,Budget
2026-04-01,134,8,437,Current
2026-04-01,134,8,428,Budget
2026-04-01,134,9,630,Current
2026-04-01,134,9,629,Budget
2026-04-01,134,10,511,Current
2026-04-01,134,10,500,Budget
2026-04-01,134,11,497,Current
2026-04-01,134,11,489,Budget
2026-04-01,134,12,555,Current
2026-04-01,134,12,581,Budget
2026-04-01,134,13,232,Current
2026-04-01,134,13,245,Budget
2026-04-01,134,14,365,Current
2026-04-01,134,14,376,Budget
2026-04-01,134,15,433,Current
2026-04-01,134,15,428,Budget
2026-04-01,135,1,663,Current
2026-04-01,135,1,694,Budget
2026-04-01,135,2,241,Current
2026-04-01,135,2,235,Budget
2026-04-01,135,3,427,Current
2026-04-01,135,3,413,Budget
2026-04-01,135,4,595,Current
2026-04-01,135,4,577,Budget
2026-04-01,135,5,284,Current
2026-04-01,135,5,278,Budget
2026-04-01,135,6,381,Current
2026-04-01,135,6,379,Budget
2026-04-01,135,7,498,Current
2026-04-01,135,7,521,Budget
2026-04-01,135,8,333,Current
2026-04-01,135,8,351,Budget
2026-04-01,135,9,715,Current
2026-04-01,135,9,702,Budget
2026-04-01,135,10,509,Current
2026-04-01,135,10,534,Budget
2026-04-01,135,11,506,Current
2026-04-01,135,11,531,Budget
2026-04-01,135,12,517,Current
2026-04-01,135,12,530,Budget
2026-04-01,135,13,206,Current
2026-04-01,135,13,202,Budget
2026-04-01,135,14,396,Current
2026-04-01,135,14,419,Budget
2026-04-01,135,15,318,Current
2026-04-01,135,15,327,Budget
2026-04-01,136,1,644,Current
2026-04-01,136,1,622,Budget
2026-04-01,136,2,265,Current
2026-04-01,136,2,279,Budget
2026-04-01,136,3,594,Current
2026-04-01,136,3,614,Budget
2026-04-01,136,4,418,Current
2026-04-01,136,4,432,Budget
2026-04-01,136,5,317,Current
2026-04-01,136,5,309,Budget
2026-04-01,136,6,344,Current
2026-04-01,136,6,348,Budget
2026-04-01,136,7,261,Current
2026-04-01,136,7,251,Budget
2026-04-01,136,8,333,Current
2026-04-01,136,8,344,Budget
2026-04-01,136,9,613,Current
2026-04-01,136,9,620,Budget
2026-04-01,136,10,429,Current
2026-04-01,136,10,421,Budget
2026-04-01,136,11,478,Current
2026-04-01,136,11,461,Budget
2026-04-01,136,12,457,Current
2026-04-01,136,12,462,Budget
2026-04-01,136,13,232,Current
2026-04-01,136,13,238,Budget
2026-04-01,136,14,398,Current
2026-04-01,136,14,404,Budget
2026-04-01,136,15,340,Current
2026-04-01,136,15,360,Budget
2026-04-01,137,1,706,Current
2026-04-01,137,1,689,Budget
2026-04-01,137,2,341,Current
2026-04-01,137,2,357,Budget
2026-04-01,137,3,600,Current
2026-04-01,137,3,610,Budget
2026-04-01,137,4,495,Current
2026-04-01,137,4,495,Budget
2026-04-01,137,5,310,Current
2026-04-01,137,5,317,Budget
2026-04-01,137,6,366,Current
2026-04-01,137,6,371,Budget
2026-04-01,137,7,329,Current
2026-04-01,137,7,326,Budget
2026-04-01,137,8,415,Current
2026-04-01,137,8,440,Budget
2026-04-01,137,9,723,Current
2026-04-01,137,9,725,Budget
2026-04-01,137,10,468,Current
2026-04-01,137,10,495,Budget
2026-04-01,137,11,1095,Current
2026-04-01,137,11,1107,Budget
2026-04-01,137,12,394,Current
2026-04-01,137,12,400,Budget
2026-04-01,137,13,235,Current
2026-04-01,137,13,249,Budget
2026-04-01,137,14,320,Current
2026-04-01,137,14,333,Budget
2026-04-01,137,15,367,Current
2026-04-01,137,15,368,Budget
2026-04-01,138,1,811,Current
2026-04-01,138,1,819,Budget
2026-04-01,138,2,271,Current
2026-04-01,138,2,262,Budget
2026-04-01,138,3,490,Current
2026-04-01,138,3,484,Budget
2026-04-01,138,4,676,Current
2026-04-01,138,4,712,Budget
2026-04-01,138,5,271,Current
2026-04-01,138,5,275,Budget
2026-04-01,138,6,320,Current
2026-04-01,138,6,339,Budget
2026-04-01,138,7,291,Current
2026-04-01,138,7,287,Budget
2026-04-01,138,8,345,Current
2026-04-01,138,8,355,Budget
2026-04-01,138,9,736,Current
2026-04-01,138,9,757,Budget
2026-04-01,138,10,557,Current
2026-04-01,138,10,561,Budget
2026-04-01,138,11,541,Current
2026-04-01,138,11,563,Budget
2026-04-01,138,12,441,Current
2026-04-01,138,12,463,Budget
2026-04-01,138,13,261,Current
2026-04-01,138,13,272,Budget
2026-04-01,138,14,404,Current
2026-04-01,138,14,394,Budget
2026-04-01,138,15,337,Current
2026-04-01,138,15,343,Budget
2026-04-01,139,1,782,Current
2026-04-01,139,1,754,Budget
2026-04-01,139,2,382,Current
2026-04-01,139,2,378,Budget
2026-04-01,139,3,432,Current
2026-04-01,139,3,448,Budget
2026-04-01,139,4,644,Current
2026-04-01,139,4,671,Budget
2026-04-01,139,5,343,Current
2026-04-01,139,5,352,Budget
2026-04-01,139,6,323,Current
2026-04-01,139,6,334,Budget
2026-04-01,139,7,278,Current
2026-04-01,139,7,276,Budget
2026-04-01,139,8,395,Current
2026-04-01,139,8,404,Budget
2026-04-01,139,9,720,Current
2026-04-01,139,9,721,Budget
2026-04-01,139,10,548,Current
2026-04-01,139,10,555,Budget
2026-04-01,139,11,581,Current
2026-04-01,139,11,603,Budget
2026-04-01,139,12,754,Current
2026-04-01,139,12,743,Budget
2026-04-01,139,13,238,Current
2026-04-01,139,13,237,Budget
2026-04-01,139,14,412,Current
2026-04-01,139,14,414,Budget
2026-04-01,139,15,389,Current
2026-04-01,139,15,405,Budget
2026-05-01,101,1,2147,Current
2026-05-01,101,1,2098,Budget
2026-05-01,101,2,585,Current
2026-05-01,101,2,586,Budget
2026-05-01,101,3,1177,Current
2026-05-01,101,3,1182,Budget
2026-05-01,101,4,1542,Current
2026-05-01,101,4,1622,Budget
2026-05-01,101,5,718,Current
2026-05-01,101,5,715,Budget
2026-05-01,101,6,815,Current
2026-05-01,101,6,816,Budget
2026-05-01,101,7,712,Current
2026-05-01,101,7,690,Budget
2026-05-01,101,8,914,Current
2026-05-01,101,8,916,Budget
2026-05-01,101,9,1432,Current
2026-05-01,101,9,1428,Budget
2026-05-01,101,10,956,Current
2026-05-01,101,10,982,Budget
2026-05-01,101,11,1529,Current
2026-05-01,101,11,1574,Budget
2026-05-01,101,12,1188,Current
2026-05-01,101,12,1236,Budget
2026-05-01,101,13,524,Current
2026-05-01,101,13,506,Budget
2026-05-01,101,14,1323,Current
2026-05-01,101,14,1304,Budget
2026-05-01,101,15,837,Current
2026-05-01,101,15,805,Budget
2026-05-01,102,1,1921,Current
2026-05-01,102,1,2003,Budget
2026-05-01,102,2,781,Current
2026-05-01,102,2,776,Budget
2026-05-01,102,3,1362,Current
2026-05-01,102,3,1309,Budget
2026-05-01,102,4,1297,Current
2026-05-01,102,4,1365,Budget
2026-05-01,102,5,639,Current
2026-05-01,102,5,625,Budget
2026-05-01,102,6,621,Current
2026-05-01,102,6,651,Budget
2026-05-01,102,7,773,Current
2026-05-01,102,7,787,Budget
2026-05-01,102,8,908,Current
2026-05-01,102,8,926,Budget
2026-05-01,102,9,1669,Current
2026-05-01,102,9,1652,Budget
2026-05-01,102,10,1325,Current
2026-05-01,102,10,1369,Budget
2026-05-01,102,11,1388,Current
2026-05-01,102,11,1407,Budget
2026-05-01,102,12,1037,Current
2026-05-01,102,12,1064,Budget
2026-05-01,102,13,489,Current
2026-05-01,102,13,504,Budget
2026-05-01,102,14,820,Current
2026-05-01,102,14,831,Budget
2026-05-01,102,15,1025,Current
2026-05-01,102,15,1061,Budget
2026-05-01,103,1,1514,Current
2026-05-01,103,1,1520,Budget
2026-05-01,103,2,531,Current
2026-05-01,103,2,544,Budget
2026-05-01,103,3,1243,Current
2026-05-01,103,3,1292,Budget
2026-05-01,103,4,1102,Current
2026-05-01,103,4,1128,Budget
2026-05-01,103,5,573,Current
2026-05-01,103,5,602,Budget
2026-05-01,103,6,640,Current
2026-05-01,103,6,675,Budget
2026-05-01,103,7,665,Current
2026-05-01,103,7,654,Budget
2026-05-01,103,8,809,Current
2026-05-01,103,8,805,Budget
2026-05-01,103,9,1530,Current
2026-05-01,103,9,1563,Budget
2026-05-01,103,10,956,Current
2026-05-01,103,10,1000,Budget
2026-05-01,103,11,1154,Current
2026-05-01,103,11,1157,Budget
2026-05-01,103,12,1059,Current
2026-05-01,103,12,1102,Budget
2026-05-01,103,13,501,Current
2026-05-01,103,13,528,Budget
2026-05-01,103,14,906,Current
2026-05-01,103,14,921,Budget
2026-05-01,103,15,760,Current
2026-05-01,103,15,755,Budget
2026-05-01,104,1,1553,Current
2026-05-01,104,1,1613,Budget
2026-05-01,104,2,739,Current
2026-05-01,104,2,770,Budget
2026-05-01,104,3,1142,Current
2026-05-01,104,3,1120,Budget
2026-05-01,104,4,1361,Current
2026-05-01,104,4,1346,Budget
2026-05-01,104,5,565,Current
2026-05-01,104,5,593,Budget
2026-05-01,104,6,770,Current
2026-05-01,104,6,798,Budget
2026-05-01,104,7,700,Current
2026-05-01,104,7,723,Budget
2026-05-01,104,8,650,Current
2026-05-01,104,8,687,Budget
2026-05-01,104,9,1444,Current
2026-05-01,104,9,1522,Budget
2026-05-01,104,10,956,Current
2026-05-01,104,10,984,Budget
2026-05-01,104,11,1276,Current
2026-05-01,104,11,1237,Budget
2026-05-01,104,12,983,Current
2026-05-01,104,12,1017,Budget
2026-05-01,104,13,503,Current
2026-05-01,104,13,484,Budget
2026-05-01,104,14,927,Current
2026-05-01,104,14,967,Budget
2026-05-01,104,15,724,Current
2026-05-01,104,15,699,Budget
2026-05-01,105,1,1442,Current
2026-05-01,105,1,1430,Budget
2026-05-01,105,2,734,Current
2026-05-01,105,2,769,Budget
2026-05-01,105,3,1215,Current
2026-05-01,105,3,1213,Budget
2026-05-01,105,4,967,Current
2026-05-01,105,4,1016,Budget
2026-05-01,105,5,522,Current
2026-05-01,105,5,512,Budget
2026-05-01,105,6,807,Current
2026-05-01,105,6,852,Budget
2026-05-01,105,7,578,Current
2026-05-01,105,7,585,Budget
2026-05-01,105,8,654,Current
2026-05-01,105,8,659,Budget
2026-05-01,105,9,1080,Current
2026-05-01,105,9,1092,Budget
2026-05-01,105,10,1077,Current
2026-05-01,105,10,1138,Budget
2026-05-01,105,11,1432,Current
2026-05-01,105,11,1377,Budget
2026-05-01,105,12,900,Current
2026-05-01,105,12,927,Budget
2026-05-01,105,13,497,Current
2026-05-01,105,13,521,Budget
2026-05-01,105,14,698,Current
2026-05-01,105,14,682,Budget
2026-05-01,105,15,675,Current
2026-05-01,105,15,659,Budget
2026-05-01,106,1,1620,Current
2026-05-01,106,1,1568,Budget
2026-05-01,106,2,647,Current
2026-05-01,106,2,654,Budget
2026-05-01,106,3,909,Current
2026-05-01,106,3,881,Budget
2026-05-01,106,4,996,Current
2026-05-01,106,4,1000,Budget
2026-05-01,106,5,503,Current
2026-05-01,106,5,496,Budget
2026-05-01,106,6,604,Current
2026-05-01,106,6,610,Budget
2026-05-01,106,7,590,Current
2026-05-01,106,7,618,Budget
2026-05-01,106,8,1078,Current
2026-05-01,106,8,1138,Budget
2026-05-01,106,9,1515,Current
2026-05-01,106,9,1572,Budget
2026-05-01,106,10,984,Current
2026-05-01,106,10,1018,Budget
2026-05-01,106,11,924,Current
2026-05-01,106,11,955,Budget
2026-05-01,106,12,882,Current
2026-05-01,106,12,896,Budget
2026-05-01,106,13,437,Current
2026-05-01,106,13,429,Budget
2026-05-01,106,14,770,Current
2026-05-01,106,14,755,Budget
2026-05-01,106,15,619,Current
2026-05-01,106,15,617,Budget
2026-05-01,107,1,1491,Current
2026-05-01,107,1,1541,Budget
2026-05-01,107,2,518,Current
2026-05-01,107,2,525,Budget
2026-05-01,107,3,975,Current
2026-05-01,107,3,998,Budget
2026-05-01,107,4,1131,Current
2026-05-01,107,4,1117,Budget
2026-05-01,107,5,522,Current
2026-05-01,107,5,552,Budget
2026-05-01,107,6,804,Current
2026-05-01,107,6,839,Budget
2026-05-01,107,7,535,Current
2026-05-01,107,7,529,Budget
2026-05-01,107,8,812,Current
2026-05-01,107,8,836,Budget
2026-05-01,107,9,1553,Current
2026-05-01,107,9,1614,Budget
2026-05-01,107,10,1138,Current
2026-05-01,107,10,1169,Budget
2026-05-01,107,11,1319,Current
2026-05-01,107,11,1326,Budget
2026-05-01,107,12,1044,Current
2026-05-01,107,12,1074,Budget
2026-05-01,107,13,475,Current
2026-05-01,107,13,495,Budget
2026-05-01,107,14,777,Current
2026-05-01,107,14,756,Budget
2026-05-01,107,15,664,Current
2026-05-01,107,15,650,Budget
2026-05-01,109,1,2151,Current
2026-05-01,109,1,2096,Budget
2026-05-01,109,2,441,Current
2026-05-01,109,2,465,Budget
2026-05-01,109,3,812,Current
2026-05-01,109,3,841,Budget
2026-05-01,109,4,746,Current
2026-05-01,109,4,760,Budget
2026-05-01,109,5,360,Current
2026-05-01,109,5,367,Budget
2026-05-01,109,6,1243,Current
2026-05-01,109,6,1196,Budget
2026-05-01,109,7,759,Current
2026-05-01,109,7,782,Budget
2026-05-01,109,8,474,Current
2026-05-01,109,8,499,Budget
2026-05-01,109,9,807,Current
2026-05-01,109,9,781,Budget
2026-05-01,109,10,752,Current
2026-05-01,109,10,752,Budget
2026-05-01,109,11,701,Current
2026-05-01,109,11,687,Budget
2026-05-01,109,12,598,Current
2026-05-01,109,12,589,Budget
2026-05-01,109,13,264,Current
2026-05-01,109,13,279,Budget
2026-05-01,109,14,1037,Current
2026-05-01,109,14,1048,Budget
2026-05-01,109,15,451,Current
2026-05-01,109,15,453,Budget
2026-05-01,110,1,1088,Current
2026-05-01,110,1,1123,Budget
2026-05-01,110,2,737,Current
2026-05-01,110,2,709,Budget
2026-05-01,110,3,730,Current
2026-05-01,110,3,772,Budget
2026-05-01,110,4,706,Current
2026-05-01,110,4,733,Budget
2026-05-01,110,5,480,Current
2026-05-01,110,5,489,Budget
2026-05-01,110,6,1057,Current
2026-05-01,110,6,1069,Budget
2026-05-01,110,7,892,Current
2026-05-01,110,7,862,Budget
2026-05-01,110,8,418,Current
2026-05-01,110,8,439,Budget
2026-05-01,110,9,871,Current
2026-05-01,110,9,921,Budget
2026-05-01,110,10,695,Current
2026-05-01,110,10,715,Budget
2026-05-01,110,11,611,Current
2026-05-01,110,11,621,Budget
2026-05-01,110,12,667,Current
2026-05-01,110,12,653,Budget
2026-05-01,110,13,304,Current
2026-05-01,110,13,320,Budget
2026-05-01,110,14,546,Current
2026-05-01,110,14,559,Budget
2026-05-01,110,15,435,Current
2026-05-01,110,15,419,Budget
2026-05-01,111,1,1265,Current
2026-05-01,111,1,1277,Budget
2026-05-01,111,2,815,Current
2026-05-01,111,2,852,Budget
2026-05-01,111,3,1098,Current
2026-05-01,111,3,1113,Budget
2026-05-01,111,4,894,Current
2026-05-01,111,4,912,Budget
2026-05-01,111,5,461,Current
2026-05-01,111,5,473,Budget
2026-05-01,111,6,453,Current
2026-05-01,111,6,468,Budget
2026-05-01,111,7,842,Current
2026-05-01,111,7,890,Budget
2026-05-01,111,8,628,Current
2026-05-01,111,8,618,Budget
2026-05-01,111,9,1158,Current
2026-05-01,111,9,1216,Budget
2026-05-01,111,10,841,Current
2026-05-01,111,10,823,Budget
2026-05-01,111,11,820,Current
2026-05-01,111,11,829,Budget
2026-05-01,111,12,765,Current
2026-05-01,111,12,749,Budget
2026-05-01,111,13,355,Current
2026-05-01,111,13,346,Budget
2026-05-01,111,14,643,Current
2026-05-01,111,14,679,Budget
2026-05-01,111,15,504,Current
2026-05-01,111,15,508,Budget
2026-05-01,112,1,1269,Current
2026-05-01,112,1,1329,Budget
2026-05-01,112,2,440,Current
2026-05-01,112,2,461,Budget
2026-05-01,112,3,755,Current
2026-05-01,112,3,780,Budget
2026-05-01,112,4,883,Current
2026-05-01,112,4,905,Budget
2026-05-01,112,5,484,Current
2026-05-01,112,5,500,Budget
2026-05-01,112,6,945,Current
2026-05-01,112,6,943,Budget
2026-05-01,112,7,533,Current
2026-05-01,112,7,556,Budget
2026-05-01,112,8,507,Current
2026-05-01,112,8,501,Budget
2026-05-01,112,9,1083,Current
2026-05-01,112,9,1129,Budget
2026-05-01,112,10,785,Current
2026-05-01,112,10,813,Budget
2026-05-01,112,11,1316,Current
2026-05-01,112,11,1298,Budget
2026-05-01,112,12,758,Current
2026-05-01,112,12,737,Budget
2026-05-01,112,13,860,Current
2026-05-01,112,13,845,Budget
2026-05-01,112,14,1119,Current
2026-05-01,112,14,1125,Budget
2026-05-01,112,15,474,Current
2026-05-01,112,15,501,Budget
2026-05-01,113,1,1255,Current
2026-05-01,113,1,1312,Budget
2026-05-01,113,2,363,Current
2026-05-01,113,2,359,Budget
2026-05-01,113,3,774,Current
2026-05-01,113,3,748,Budget
2026-05-01,113,4,780,Current
2026-05-01,113,4,758,Budget
2026-05-01,113,5,501,Current
2026-05-01,113,5,527,Budget
2026-05-01,113,6,472,Current
2026-05-01,113,6,484,Budget
2026-05-01,113,7,376,Current
2026-05-01,113,7,394,Budget
2026-05-01,113,8,1210,Current
2026-05-01,113,8,1258,Budget
2026-05-01,113,9,768,Current
2026-05-01,113,9,768,Budget
2026-05-01,113,10,869,Current
2026-05-01,113,10,854,Budget
2026-05-01,113,11,1380,Current
2026-05-01,113,11,1411,Budget
2026-05-01,113,12,679,Current
2026-05-01,113,12,673,Budget
2026-05-01,113,13,368,Current
2026-05-01,113,13,359,Budget
2026-05-01,113,14,528,Current
2026-05-01,113,14,532,Budget
2026-05-01,113,15,520,Current
2026-05-01,113,15,541,Budget
2026-05-01,114,1,1268,Current
2026-05-01,114,1,1303,Budget
2026-05-01,114,2,350,Current
2026-05-01,114,2,349,Budget
2026-05-01,114,3,686,Current
2026-05-01,114,3,671,Budget
2026-05-01,114,4,1564,Current
2026-05-01,114,4,1603,Budget
2026-05-01,114,5,994,Current
2026-05-01,114,5,1053,Budget
2026-05-01,114,6,551,Current
2026-05-01,114,6,569,Budget
2026-05-01,114,7,417,Current
2026-05-01,114,7,408,Budget
2026-05-01,114,8,422,Current
2026-05-01,114,8,408,Budget
2026-05-01,114,9,825,Current
2026-05-01,114,9,836,Budget
2026-05-01,114,10,938,Current
2026-05-01,114,10,927,Budget
2026-05-01,114,11,1779,Current
2026-05-01,114,11,1749,Budget
2026-05-01,114,12,598,Current
2026-05-01,114,12,631,Budget
2026-05-01,114,13,327,Current
2026-05-01,114,13,326,Budget
2026-05-01,114,14,1253,Current
2026-05-01,114,14,1276,Budget
2026-05-01,114,15,573,Current
2026-05-01,114,15,594,Budget
2026-05-01,115,1,1331,Current
2026-05-01,115,1,1283,Budget
2026-05-01,115,2,342,Current
2026-05-01,115,2,351,Budget
2026-05-01,115,3,1221,Current
2026-05-01,115,3,1255,Budget
2026-05-01,115,4,1260,Current
2026-05-01,115,4,1215,Budget
2026-05-01,115,5,402,Current
2026-05-01,115,5,401,Budget
2026-05-01,115,6,510,Current
2026-05-01,115,6,506,Budget
2026-05-01,115,7,412,Current
2026-05-01,115,7,429,Budget
2026-05-01,115,8,537,Current
2026-05-01,115,8,526,Budget
2026-05-01,115,9,1518,Current
2026-05-01,115,9,1591,Budget
2026-05-01,115,10,765,Current
2026-05-01,115,10,755,Budget
2026-05-01,115,11,701,Current
2026-05-01,115,11,680,Budget
2026-05-01,115,12,624,Current
2026-05-01,115,12,607,Budget
2026-05-01,115,13,346,Current
2026-05-01,115,13,336,Budget
2026-05-01,115,14,509,Current
2026-05-01,115,14,523,Budget
2026-05-01,115,15,471,Current
2026-05-01,115,15,493,Budget
2026-05-01,117,1,828,Current
2026-05-01,117,1,800,Budget
2026-05-01,117,2,275,Current
2026-05-01,117,2,265,Budget
2026-05-01,117,3,621,Current
2026-05-01,117,3,642,Budget
2026-05-01,117,4,613,Current
2026-05-01,117,4,633,Budget
2026-05-01,117,5,300,Current
2026-05-01,117,5,305,Budget
2026-05-01,117,6,368,Current
2026-05-01,117,6,377,Budget
2026-05-01,117,7,397,Current
2026-05-01,117,7,394,Budget
2026-05-01,117,8,433,Current
2026-05-01,117,8,454,Budget
2026-05-01,117,9,770,Current
2026-05-01,117,9,815,Budget
2026-05-01,117,10,618,Current
2026-05-01,117,10,624,Budget
2026-05-01,117,11,527,Current
2026-05-01,117,11,511,Budget
2026-05-01,117,12,525,Current
2026-05-01,117,12,518,Budget
2026-05-01,117,13,313,Current
2026-05-01,117,13,313,Budget
2026-05-01,117,14,378,Current
2026-05-01,117,14,366,Budget
2026-05-01,117,15,393,Current
2026-05-01,117,15,410,Budget
2026-05-01,118,1,757,Current
2026-05-01,118,1,771,Budget
2026-05-01,118,2,274,Current
2026-05-01,118,2,266,Budget
2026-05-01,118,3,629,Current
2026-05-01,118,3,625,Budget
2026-05-01,118,4,547,Current
2026-05-01,118,4,580,Budget
2026-05-01,118,5,364,Current
2026-05-01,118,5,378,Budget
2026-05-01,118,6,437,Current
2026-05-01,118,6,448,Budget
2026-05-01,118,7,291,Current
2026-05-01,118,7,282,Budget
2026-05-01,118,8,399,Current
2026-05-01,118,8,393,Budget
2026-05-01,118,9,880,Current
2026-05-01,118,9,873,Budget
2026-05-01,118,10,672,Current
2026-05-01,118,10,689,Budget
2026-05-01,118,11,661,Current
2026-05-01,118,11,680,Budget
2026-05-01,118,12,591,Current
2026-05-01,118,12,595,Budget
2026-05-01,118,13,266,Current
2026-05-01,118,13,271,Budget
2026-05-01,118,14,379,Current
2026-05-01,118,14,379,Budget
2026-05-01,118,15,534,Current
2026-05-01,118,15,556,Budget
2026-05-01,119,1,1205,Current
2026-05-01,119,1,1169,Budget
2026-05-01,119,2,258,Current
2026-05-01,119,2,257,Budget
2026-05-01,119,3,507,Current
2026-05-01,119,3,492,Budget
2026-05-01,119,4,538,Current
2026-05-01,119,4,540,Budget
2026-05-01,119,5,318,Current
2026-05-01,119,5,319,Budget
2026-05-01,119,6,477,Current
2026-05-01,119,6,463,Budget
2026-05-01,119,7,323,Current
2026-05-01,119,7,340,Budget
2026-05-01,119,8,514,Current
2026-05-01,119,8,528,Budget
2026-05-01,119,9,1329,Current
2026-05-01,119,9,1294,Budget
2026-05-01,119,10,570,Current
2026-05-01,119,10,549,Budget
2026-05-01,119,11,519,Current
2026-05-01,119,11,548,Budget
2026-05-01,119,12,456,Current
2026-05-01,119,12,467,Budget
2026-05-01,119,13,297,Current
2026-05-01,119,13,286,Budget
2026-05-01,119,14,450,Current
2026-05-01,119,14,460,Budget
2026-05-01,119,15,402,Current
2026-05-01,119,15,414,Budget
2026-05-01,120,1,800,Current
2026-05-01,120,1,780,Budget
2026-05-01,120,2,357,Current
2026-05-01,120,2,367,Budget
2026-05-01,120,3,506,Current
2026-05-01,120,3,514,Budget
2026-05-01,120,4,538,Current
2026-05-01,120,4,527,Budget
2026-05-01,120,5,267,Current
2026-05-01,120,5,273,Budget
2026-05-01,120,6,416,Current
2026-05-01,120,6,429,Budget
2026-05-01,120,7,547,Current
2026-05-01,120,7,542,Budget
2026-05-01,120,8,362,Current
2026-05-01,120,8,360,Budget
2026-05-01,120,9,859,Current
2026-05-01,120,9,886,Budget
2026-05-01,120,10,644,Current
2026-05-01,120,10,679,Budget
2026-05-01,120,11,535,Current
2026-05-01,120,11,517,Budget
2026-05-01,120,12,434,Current
2026-05-01,120,12,459,Budget
2026-05-01,120,13,227,Current
2026-05-01,120,13,238,Budget
2026-05-01,120,14,445,Current
2026-05-01,120,14,441,Budget
2026-05-01,120,15,339,Current
2026-05-01,120,15,333,Budget
2026-05-01,121,1,875,Current
2026-05-01,121,1,870,Budget
2026-05-01,121,2,350,Current
2026-05-01,121,2,364,Budget
2026-05-01,121,3,636,Current
2026-05-01,121,3,626,Budget
2026-05-01,121,4,706,Current
2026-05-01,121,4,722,Budget
2026-05-01,121,5,453,Current
2026-05-01,121,5,465,Budget
2026-05-01,121,6,386,Current
2026-05-01,121,6,371,Budget
2026-05-01,121,7,394,Current
2026-05-01,121,7,398,Budget
2026-05-01,121,8,362,Current
2026-05-01,121,8,382,Budget
2026-05-01,121,9,927,Current
2026-05-01,121,9,943,Budget
2026-05-01,121,10,514,Current
2026-05-01,121,10,542,Budget
2026-05-01,121,11,660,Current
2026-05-01,121,11,697,Budget
2026-05-01,121,12,457,Current
2026-05-01,121,12,445,Budget
2026-05-01,121,13,304,Current
2026-05-01,121,13,302,Budget
2026-05-01,121,14,461,Current
2026-05-01,121,14,445,Budget
2026-05-01,121,15,453,Current
2026-05-01,121,15,439,Budget
2026-05-01,122,1,759,Current
2026-05-01,122,1,794,Budget
2026-05-01,122,2,373,Current
2026-05-01,122,2,387,Budget
2026-05-01,122,3,541,Current
2026-05-01,122,3,556,Budget
2026-05-01,122,4,669,Current
2026-05-01,122,4,649,Budget
2026-05-01,122,5,331,Current
2026-05-01,122,5,322,Budget
2026-05-01,122,6,345,Current
2026-05-01,122,6,343,Budget
2026-05-01,122,7,326,Current
2026-05-01,122,7,333,Budget
2026-05-01,122,8,398,Current
2026-05-01,122,8,383,Budget
2026-05-01,122,9,785,Current
2026-05-01,122,9,804,Budget
2026-05-01,122,10,611,Current
2026-05-01,122,10,624,Budget
2026-05-01,122,11,697,Current
2026-05-01,122,11,674,Budget
2026-05-01,122,12,638,Current
2026-05-01,122,12,670,Budget
2026-05-01,122,13,282,Current
2026-05-01,122,13,292,Budget
2026-05-01,122,14,472,Current
2026-05-01,122,14,467,Budget
2026-05-01,122,15,393,Current
2026-05-01,122,15,410,Budget
2026-05-01,123,1,814,Current
2026-05-01,123,1,793,Budget
2026-05-01,123,2,307,Current
2026-05-01,123,2,310,Budget
2026-05-01,123,3,548,Current
2026-05-01,123,3,543,Budget
2026-05-01,123,4,608,Current
2026-05-01,123,4,644,Budget
2026-05-01,123,5,303,Current
2026-05-01,123,5,298,Budget
2026-05-01,123,6,311,Current
2026-05-01,123,6,299,Budget
2026-05-01,123,7,373,Current
2026-05-01,123,7,375,Budget
2026-05-01,123,8,332,Current
2026-05-01,123,8,336,Budget
2026-05-01,123,9,665,Current
2026-05-01,123,9,652,Budget
2026-05-01,123,10,709,Current
2026-05-01,123,10,693,Budget
2026-05-01,123,11,688,Current
2026-05-01,123,11,713,Budget
2026-05-01,123,12,521,Current
2026-05-01,123,12,508,Budget
2026-05-01,123,13,290,Current
2026-05-01,123,13,297,Budget
2026-05-01,123,14,674,Current
2026-05-01,123,14,682,Budget
2026-05-01,123,15,349,Current
2026-05-01,123,15,337,Budget
2026-05-01,125,1,618,Current
2026-05-01,125,1,626,Budget
2026-05-01,125,2,205,Current
2026-05-01,125,2,209,Budget
2026-05-01,125,3,414,Current
2026-05-01,125,3,413,Budget
2026-05-01,125,4,396,Current
2026-05-01,125,4,390,Budget
2026-05-01,125,5,213,Current
2026-05-01,125,5,210,Budget
2026-05-01,125,6,220,Current
2026-05-01,125,6,212,Budget
2026-05-01,125,7,227,Current
2026-05-01,125,7,240,Budget
2026-05-01,125,8,275,Current
2026-05-01,125,8,272,Budget
2026-05-01,125,9,511,Current
2026-05-01,125,9,524,Budget
2026-05-01,125,10,342,Current
2026-05-01,125,10,358,Budget
2026-05-01,125,11,359,Current
2026-05-01,125,11,371,Budget
2026-05-01,125,12,508,Current
2026-05-01,125,12,489,Budget
2026-05-01,125,13,152,Current
2026-05-01,125,13,152,Budget
2026-05-01,125,14,264,Current
2026-05-01,125,14,269,Budget
2026-05-01,125,15,247,Current
2026-05-01,125,15,242,Budget
2026-05-01,126,1,597,Current
2026-05-01,126,1,579,Budget
2026-05-01,126,2,227,Current
2026-05-01,126,2,228,Budget
2026-05-01,126,3,324,Current
2026-05-01,126,3,341,Budget
2026-05-01,126,4,365,Current
2026-05-01,126,4,372,Budget
2026-05-01,126,5,208,Current
2026-05-01,126,5,204,Budget
2026-05-01,126,6,353,Current
2026-05-01,126,6,361,Budget
2026-05-01,126,7,207,Current
2026-05-01,126,7,208,Budget
2026-05-01,126,8,287,Current
2026-05-01,126,8,301,Budget
2026-05-01,126,9,522,Current
2026-05-01,126,9,548,Budget
2026-05-01,126,10,405,Current
2026-05-01,126,10,425,Budget
2026-05-01,126,11,407,Current
2026-05-01,126,11,424,Budget
2026-05-01,126,12,445,Current
2026-05-01,126,12,445,Budget
2026-05-01,126,13,190,Current
2026-05-01,126,13,194,Budget
2026-05-01,126,14,308,Current
2026-05-01,126,14,306,Budget
2026-05-01,126,15,243,Current
2026-05-01,126,15,257,Budget
2026-05-01,127,1,582,Current
2026-05-01,127,1,609,Budget
2026-05-01,127,2,273,Current
2026-05-01,127,2,280,Budget
2026-05-01,127,3,459,Current
2026-05-01,127,3,473,Budget
2026-05-01,127,4,504,Current
2026-05-01,127,4,511,Budget
2026-05-01,127,5,244,Current
2026-05-01,127,5,255,Budget
2026-05-01,127,6,221,Current
2026-05-01,127,6,212,Budget
2026-05-01,127,7,256,Current
2026-05-01,127,7,264,Budget
2026-05-01,127,8,268,Current
2026-05-01,127,8,278,Budget
2026-05-01,127,9,634,Current
2026-05-01,127,9,631,Budget
2026-05-01,127,10,451,Current
2026-05-01,127,10,474,Budget
2026-05-01,127,11,474,Current
2026-05-01,127,11,483,Budget
2026-05-01,127,12,392,Current
2026-05-01,127,12,386,Budget
2026-05-01,127,13,185,Current
2026-05-01,127,13,180,Budget
2026-05-01,127,14,437,Current
2026-05-01,127,14,436,Budget
2026-05-01,127,15,330,Current
2026-05-01,127,15,344,Budget
2026-05-01,128,1,704,Current
2026-05-01,128,1,739,Budget
2026-05-01,128,2,232,Current
2026-05-01,128,2,233,Budget
2026-05-01,128,3,643,Current
2026-05-01,128,3,661,Budget
2026-05-01,128,4,526,Current
2026-05-01,128,4,516,Budget
2026-05-01,128,5,221,Current
2026-05-01,128,5,225,Budget
2026-05-01,128,6,242,Current
2026-05-01,128,6,253,Budget
2026-05-01,128,7,258,Current
2026-05-01,128,7,255,Budget
2026-05-01,128,8,252,Current
2026-05-01,128,8,251,Budget
2026-05-01,128,9,602,Current
2026-05-01,128,9,637,Budget
2026-05-01,128,10,405,Current
2026-05-01,128,10,402,Budget
2026-05-01,128,11,726,Current
2026-05-01,128,11,704,Budget
2026-05-01,128,12,417,Current
2026-05-01,128,12,438,Budget
2026-05-01,128,13,226,Current
2026-05-01,128,13,239,Budget
2026-05-01,128,14,482,Current
2026-05-01,128,14,498,Budget
2026-05-01,128,15,316,Current
2026-05-01,128,15,330,Budget
2026-05-01,129,1,641,Current
2026-05-01,129,1,664,Budget
2026-05-01,129,2,214,Current
2026-05-01,129,2,224,Budget
2026-05-01,129,3,432,Current
2026-05-01,129,3,432,Budget
2026-05-01,129,4,497,Current
2026-05-01,129,4,517,Budget
2026-05-01,129,5,310,Current
2026-05-01,129,5,309,Budget
2026-05-01,129,6,257,Current
2026-05-01,129,6,264,Budget
2026-05-01,129,7,227,Current
2026-05-01,129,7,227,Budget
2026-05-01,129,8,238,Current
2026-05-01,129,8,229,Budget
2026-05-01,129,9,547,Current
2026-05-01,129,9,544,Budget
2026-05-01,129,10,536,Current
2026-05-01,129,10,536,Budget
2026-05-01,129,11,443,Current
2026-05-01,129,11,444,Budget
2026-05-01,129,12,372,Current
2026-05-01,129,12,388,Budget
2026-05-01,129,13,169,Current
2026-05-01,129,13,166,Budget
2026-05-01,129,14,341,Current
2026-05-01,129,14,358,Budget
2026-05-01,129,15,297,Current
2026-05-01,129,15,304,Budget
2026-05-01,130,1,713,Current
2026-05-01,130,1,751,Budget
2026-05-01,130,2,239,Current
2026-05-01,130,2,240,Budget
2026-05-01,130,3,415,Current
2026-05-01,130,3,436,Budget
2026-05-01,130,4,405,Current
2026-05-01,130,4,403,Budget
2026-05-01,130,5,334,Current
2026-05-01,130,5,354,Budget
2026-05-01,130,6,338,Current
2026-05-01,130,6,345,Budget
2026-05-01,130,7,225,Current
2026-05-01,130,7,223,Budget
2026-05-01,130,8,311,Current
2026-05-01,130,8,314,Budget
2026-05-01,130,9,1046,Current
2026-05-01,130,9,1048,Budget
2026-05-01,130,10,569,Current
2026-05-01,130,10,601,Budget
2026-05-01,130,11,566,Current
2026-05-01,130,11,570,Budget
2026-05-01,130,12,376,Current
2026-05-01,130,12,390,Budget
2026-05-01,130,13,184,Current
2026-05-01,130,13,190,Budget
2026-05-01,130,14,332,Current
2026-05-01,130,14,330,Budget
2026-05-01,130,15,313,Current
2026-05-01,130,15,327,Budget
2026-05-01,131,1,894,Current
2026-05-01,131,1,928,Budget
2026-05-01,131,2,349,Current
2026-05-01,131,2,363,Budget
2026-05-01,131,3,391,Current
2026-05-01,131,3,399,Budget
2026-05-01,131,4,475,Current
2026-05-01,131,4,498,Budget
2026-05-01,131,5,225,Current
2026-05-01,131,5,230,Budget
2026-05-01,131,6,288,Current
2026-05-01,131,6,288,Budget
2026-05-01,131,7,227,Current
2026-05-01,131,7,230,Budget
2026-05-01,131,8,373,Current
2026-05-01,131,8,387,Budget
2026-05-01,131,9,769,Current
2026-05-01,131,9,778,Budget
2026-05-01,131,10,444,Current
2026-05-01,131,10,469,Budget
2026-05-01,131,11,598,Current
2026-05-01,131,11,592,Budget
2026-05-01,131,12,331,Current
2026-05-01,131,12,344,Budget
2026-05-01,131,13,278,Current
2026-05-01,131,13,291,Budget
2026-05-01,131,14,350,Current
2026-05-01,131,14,343,Budget
2026-05-01,131,15,337,Current
2026-05-01,131,15,342,Budget
2026-05-01,133,1,1046,Current
2026-05-01,133,1,1049,Budget
2026-05-01,133,2,423,Current
2026-05-01,133,2,445,Budget
2026-05-01,133,3,777,Current
2026-05-01,133,3,821,Budget
2026-05-01,133,4,714,Current
2026-05-01,133,4,715,Budget
2026-05-01,133,5,396,Current
2026-05-01,133,5,410,Budget
2026-05-01,133,6,481,Current
2026-05-01,133,6,484,Budget
2026-05-01,133,7,467,Current
2026-05-01,133,7,495,Budget
2026-05-01,133,8,583,Current
2026-05-01,133,8,605,Budget
2026-05-01,133,9,840,Current
2026-05-01,133,9,810,Budget
2026-05-01,133,10,778,Current
2026-05-01,133,10,785,Budget
2026-05-01,133,11,676,Current
2026-05-01,133,11,660,Budget
2026-05-01,133,12,649,Current
2026-05-01,133,12,683,Budget
2026-05-01,133,13,436,Current
2026-05-01,133,13,450,Budget
2026-05-01,133,14,539,Current
2026-05-01,133,14,540,Budget
2026-05-01,133,15,521,Current
2026-05-01,133,15,523,Budget
2026-05-01,134,1,973,Current
2026-05-01,134,1,968,Budget
2026-05-01,134,2,423,Current
2026-05-01,134,2,426,Budget
2026-05-01,134,3,528,Current
2026-05-01,134,3,513,Budget
2026-05-01,134,4,709,Current
2026-05-01,134,4,692,Budget
2026-05-01,134,5,481,Current
2026-05-01,134,5,467,Budget
2026-05-01,134,6,470,Current
2026-05-01,134,6,457,Budget
2026-05-01,134,7,377,Current
2026-05-01,134,7,369,Budget
2026-05-01,134,8,874,Current
2026-05-01,134,8,861,Budget
2026-05-01,134,9,1569,Current
2026-05-01,134,9,1534,Budget
2026-05-01,134,10,733,Current
2026-05-01,134,10,754,Budget
2026-05-01,134,11,688,Current
2026-05-01,134,11,690,Budget
2026-05-01,134,12,465,Current
2026-05-01,134,12,466,Budget
2026-05-01,134,13,282,Current
2026-05-01,134,13,279,Budget
2026-05-01,134,14,541,Current
2026-05-01,134,14,551,Budget
2026-05-01,134,15,447,Current
2026-05-01,134,15,470,Budget
2026-05-01,135,1,974,Current
2026-05-01,135,1,985,Budget
2026-05-01,135,2,417,Current
2026-05-01,135,2,403,Budget
2026-05-01,135,3,748,Current
2026-05-01,135,3,766,Budget
2026-05-01,135,4,860,Current
2026-05-01,135,4,845,Budget
2026-05-01,135,5,410,Current
2026-05-01,135,5,403,Budget
2026-05-01,135,6,493,Current
2026-05-01,135,6,494,Budget
2026-05-01,135,7,448,Current
2026-05-01,135,7,467,Budget
2026-05-01,135,8,409,Current
2026-05-01,135,8,419,Budget
2026-05-01,135,9,925,Current
2026-05-01,135,9,960,Budget
2026-05-01,135,10,582,Current
2026-05-01,135,10,564,Budget
2026-05-01,135,11,612,Current
2026-05-01,135,11,611,Budget
2026-05-01,135,12,509,Current
2026-05-01,135,12,509,Budget
2026-05-01,135,13,293,Current
2026-05-01,135,13,293,Budget
2026-05-01,135,14,562,Current
2026-05-01,135,14,570,Budget
2026-05-01,135,15,516,Current
2026-05-01,135,15,527,Budget
2026-05-01,136,1,909,Current
2026-05-01,136,1,878,Budget
2026-05-01,136,2,554,Current
2026-05-01,136,2,562,Budget
2026-05-01,136,3,628,Current
2026-05-01,136,3,660,Budget
2026-05-01,136,4,654,Current
2026-05-01,136,4,653,Budget
2026-05-01,136,5,414,Current
2026-05-01,136,5,420,Budget
2026-05-01,136,6,432,Current
2026-05-01,136,6,426,Budget
2026-05-01,136,7,556,Current
2026-05-01,136,7,539,Budget
2026-05-01,136,8,417,Current
2026-05-01,136,8,417,Budget
2026-05-01,136,9,856,Current
2026-05-01,136,9,906,Budget
2026-05-01,136,10,1141,Current
2026-05-01,136,10,1141,Budget
2026-05-01,136,11,651,Current
2026-05-01,136,11,646,Budget
2026-05-01,136,12,498,Current
2026-05-01,136,12,525,Budget
2026-05-01,136,13,293,Current
2026-05-01,136,13,284,Budget
2026-05-01,136,14,478,Current
2026-05-01,136,14,498,Budget
2026-05-01,136,15,437,Current
2026-05-01,136,15,432,Budget
2026-05-01,137,1,887,Current
2026-05-01,137,1,897,Budget
2026-05-01,137,2,458,Current
2026-05-01,137,2,440,Budget
2026-05-01,137,3,649,Current
2026-05-01,137,3,678,Budget
2026-05-01,137,4,727,Current
2026-05-01,137,4,761,Budget
2026-05-01,137,5,459,Current
2026-05-01,137,5,467,Budget
2026-05-01,137,6,483,Current
2026-05-01,137,6,489,Budget
2026-05-01,137,7,757,Current
2026-05-01,137,7,791,Budget
2026-05-01,137,8,476,Current
2026-05-01,137,8,465,Budget
2026-05-01,137,9,957,Current
2026-05-01,137,9,963,Budget
2026-05-01,137,10,677,Current
2026-05-01,137,10,706,Budget
2026-05-01,137,11,736,Current
2026-05-01,137,11,717,Budget
2026-05-01,137,12,577,Current
2026-05-01,137,12,587,Budget
2026-05-01,137,13,302,Current
2026-05-01,137,13,297,Budget
2026-05-01,137,14,551,Current
2026-05-01,137,14,575,Budget
2026-05-01,137,15,406,Current
2026-05-01,137,15,418,Budget
2026-05-01,138,1,927,Current
2026-05-01,138,1,974,Budget
2026-05-01,138,2,418,Current
2026-05-01,138,2,438,Budget
2026-05-01,138,3,640,Current
2026-05-01,138,3,661,Budget
2026-05-01,138,4,681,Current
2026-05-01,138,4,716,Budget
2026-05-01,138,5,370,Current
2026-05-01,138,5,363,Budget
2026-05-01,138,6,505,Current
2026-05-01,138,6,523,Budget
2026-05-01,138,7,412,Current
2026-05-01,138,7,409,Budget
2026-05-01,138,8,465,Current
2026-05-01,138,8,479,Budget
2026-05-01,138,9,1127,Current
2026-05-01,138,9,1171,Budget
2026-05-01,138,10,623,Current
2026-05-01,138,10,650,Budget
2026-05-01,138,11,724,Current
2026-05-01,138,11,722,Budget
2026-05-01,138,12,671,Current
2026-05-01,138,12,673,Budget
2026-05-01,138,13,312,Current
2026-05-01,138,13,301,Budget
2026-05-01,138,14,655,Current
2026-05-01,138,14,634,Budget
2026-05-01,138,15,505,Current
2026-05-01,138,15,495,Budget
2026-05-01,139,1,880,Current
2026-05-01,139,1,865,Budget
2026-05-01,139,2,379,Current
2026-05-01,139,2,367,Budget
2026-05-01,139,3,708,Current
2026-05-01,139,3,745,Budget
2026-05-01,139,4,724,Current
2026-05-01,139,4,767,Budget
2026-05-01,139,5,346,Current
2026-05-01,139,5,351,Budget
2026-05-01,139,6,467,Current
2026-05-01,139,6,460,Budget
2026-05-01,139,7,413,Current
2026-05-01,139,7,415,Budget
2026-05-01,139,8,520,Current
2026-05-01,139,8,537,Budget
2026-05-01,139,9,840,Current
2026-05-01,139,9,860,Budget
2026-05-01,139,10,726,Current
2026-05-01,139,10,746,Budget
2026-05-01,139,11,780,Current
2026-05-01,139,11,814,Budget
2026-05-01,139,12,641,Current
2026-05-01,139,12,679,Budget
2026-05-01,139,13,332,Current
2026-05-01,139,13,333,Budget
2026-05-01,139,14,662,Current
2026-05-01,139,14,657,Budget
2026-05-01,139,15,462,Current
2026-05-01,139,15,456,Budget
2026-06-01,101,1,2321,Current
2026-06-01,101,1,2273,Budget
2026-06-01,101,2,576,Current
2026-06-01,101,2,598,Budget
2026-06-01,101,3,1443,Current
2026-06-01,101,3,1410,Budget
2026-06-01,101,4,1284,Current
2026-06-01,101,4,1272,Budget
2026-06-01,101,5,522,Current
2026-06-01,101,5,508,Budget
2026-06-01,101,6,838,Current
2026-06-01,101,6,810,Budget
2026-06-01,101,7,741,Current
2026-06-01,101,7,740,Budget
2026-06-01,101,8,766,Current
2026-06-01,101,8,750,Budget
2026-06-01,101,9,1376,Current
2026-06-01,101,9,1429,Budget
2026-06-01,101,10,1276,Current
2026-06-01,101,10,1310,Budget
2026-06-01,101,11,1326,Current
2026-06-01,101,11,1306,Budget
2026-06-01,101,12,1201,Current
2026-06-01,101,12,1201,Budget
2026-06-01,101,13,660,Current
2026-06-01,101,13,684,Budget
2026-06-01,101,14,839,Current
2026-06-01,101,14,880,Budget
2026-06-01,101,15,834,Current
2026-06-01,101,15,834,Budget
2026-06-01,102,1,1912,Current
2026-06-01,102,1,1947,Budget
2026-06-01,102,2,739,Current
2026-06-01,102,2,766,Budget
2026-06-01,102,3,1210,Current
2026-06-01,102,3,1243,Budget
2026-06-01,102,4,1282,Current
2026-06-01,102,4,1287,Budget
2026-06-01,102,5,842,Current
2026-06-01,102,5,834,Budget
2026-06-01,102,6,1843,Current
2026-06-01,102,6,1951,Budget
2026-06-01,102,7,661,Current
2026-06-01,102,7,659,Budget
2026-06-01,102,8,912,Current
2026-06-01,102,8,935,Budget
2026-06-01,102,9,1715,Current
2026-06-01,102,9,1767,Budget
2026-06-01,102,10,1335,Current
2026-06-01,102,10,1297,Budget
2026-06-01,102,11,1629,Current
2026-06-01,102,11,1669,Budget
2026-06-01,102,12,1095,Current
2026-06-01,102,12,1098,Budget
2026-06-01,102,13,623,Current
2026-06-01,102,13,640,Budget
2026-06-01,102,14,1011,Current
2026-06-01,102,14,979,Budget
2026-06-01,102,15,577,Current
2026-06-01,102,15,597,Budget
2026-06-01,103,1,1600,Current
2026-06-01,103,1,1646,Budget
2026-06-01,103,2,474,Current
2026-06-01,103,2,465,Budget
2026-06-01,103,3,1081,Current
2026-06-01,103,3,1134,Budget
2026-06-01,103,4,1085,Current
2026-06-01,103,4,1096,Budget
2026-06-01,103,5,656,Current
2026-06-01,103,5,645,Budget
2026-06-01,103,6,802,Current
2026-06-01,103,6,849,Budget
2026-06-01,103,7,622,Current
2026-06-01,103,7,658,Budget
2026-06-01,103,8,716,Current
2026-06-01,103,8,702,Budget
2026-06-01,103,9,1495,Current
2026-06-01,103,9,1476,Budget
2026-06-01,103,10,1085,Current
2026-06-01,103,10,1055,Budget
2026-06-01,103,11,1169,Current
2026-06-01,103,11,1194,Budget
2026-06-01,103,12,977,Current
2026-06-01,103,12,1009,Budget
2026-06-01,103,13,503,Current
2026-06-01,103,13,498,Budget
2026-06-01,103,14,733,Current
2026-06-01,103,14,773,Budget
2026-06-01,103,15,1369,Current
2026-06-01,103,15,1328,Budget
2026-06-01,104,1,1742,Current
2026-06-01,104,1,1798,Budget
2026-06-01,104,2,615,Current
2026-06-01,104,2,636,Budget
2026-06-01,104,3,1193,Current
2026-06-01,104,3,1153,Budget
2026-06-01,104,4,1268,Current
2026-06-01,104,4,1257,Budget
2026-06-01,104,5,696,Current
2026-06-01,104,5,706,Budget
2026-06-01,104,6,954,Current
2026-06-01,104,6,1009,Budget
2026-06-01,104,7,673,Current
2026-06-01,104,7,696,Budget
2026-06-01,104,8,650,Current
2026-06-01,104,8,687,Budget
2026-06-01,104,9,1421,Current
2026-06-01,104,9,1502,Budget
2026-06-01,104,10,1439,Current
2026-06-01,104,10,1443,Budget
2026-06-01,104,11,1190,Current
2026-06-01,104,11,1216,Budget
2026-06-01,104,12,820,Current
2026-06-01,104,12,792,Budget
2026-06-01,104,13,492,Current
2026-06-01,104,13,474,Budget
2026-06-01,104,14,698,Current
2026-06-01,104,14,704,Budget
2026-06-01,104,15,598,Current
2026-06-01,104,15,604,Budget
2026-06-01,105,1,1364,Current
2026-06-01,105,1,1371,Budget
2026-06-01,105,2,548,Current
2026-06-01,105,2,553,Budget
2026-06-01,105,3,1017,Current
2026-06-01,105,3,1004,Budget
2026-06-01,105,4,905,Current
2026-06-01,105,4,915,Budget
2026-06-01,105,5,531,Current
2026-06-01,105,5,555,Budget
2026-06-01,105,6,712,Current
2026-06-01,105,6,710,Budget
2026-06-01,105,7,553,Current
2026-06-01,105,7,581,Budget
2026-06-01,105,8,813,Current
2026-06-01,105,8,842,Budget
2026-06-01,105,9,1408,Current
2026-06-01,105,9,1430,Budget
2026-06-01,105,10,1095,Current
2026-06-01,105,10,1155,Budget
2026-06-01,105,11,1135,Current
2026-06-01,105,11,1161,Budget
2026-06-01,105,12,911,Current
2026-06-01,105,12,899,Budget
2026-06-01,105,13,433,Current
2026-06-01,105,13,453,Budget
2026-06-01,105,14,862,Current
2026-06-01,105,14,887,Budget
2026-06-01,105,15,684,Current
2026-06-01,105,15,688,Budget
2026-06-01,106,1,1678,Current
2026-06-01,106,1,1655,Budget
2026-06-01,106,2,453,Current
2026-06-01,106,2,458,Budget
2026-06-01,106,3,974,Current
2026-06-01,106,3,947,Budget
2026-06-01,106,4,1208,Current
2026-06-01,106,4,1252,Budget
2026-06-01,106,5,574,Current
2026-06-01,106,5,582,Budget
2026-06-01,106,6,633,Current
2026-06-01,106,6,657,Budget
2026-06-01,106,7,569,Current
2026-06-01,106,7,600,Budget
2026-06-01,106,8,650,Current
2026-06-01,106,8,689,Budget
2026-06-01,106,9,1457,Current
2026-06-01,106,9,1432,Budget
2026-06-01,106,10,1148,Current
2026-06-01,106,10,1202,Budget
2026-06-01,106,11,961,Current
2026-06-01,106,11,996,Budget
2026-06-01,106,12,800,Current
2026-06-01,106,12,804,Budget
2026-06-01,106,13,477,Current
2026-06-01,106,13,458,Budget
2026-06-01,106,14,647,Current
2026-06-01,106,14,623,Budget
2026-06-01,106,15,675,Current
2026-06-01,106,15,680,Budget
2026-06-01,107,1,1404,Current
2026-06-01,107,1,1431,Budget
2026-06-01,107,2,569,Current
2026-06-01,107,2,589,Budget
2026-06-01,107,3,1540,Current
2026-06-01,107,3,1530,Budget
2026-06-01,107,4,967,Current
2026-06-01,107,4,1000,Budget
2026-06-01,107,5,633,Current
2026-06-01,107,5,645,Budget
2026-06-01,107,6,677,Current
2026-06-01,107,6,713,Budget
2026-06-01,107,7,682,Current
2026-06-01,107,7,669,Budget
2026-06-01,107,8,723,Current
2026-06-01,107,8,749,Budget
2026-06-01,107,9,1458,Current
2026-06-01,107,9,1506,Budget
2026-06-01,107,10,1198,Current
2026-06-01,107,10,1176,Budget
2026-06-01,107,11,1141,Current
2026-06-01,107,11,1146,Budget
2026-06-01,107,12,1015,Current
2026-06-01,107,12,1067,Budget
2026-06-01,107,13,929,Current
2026-06-01,107,13,928,Budget
2026-06-01,107,14,810,Current
2026-06-01,107,14,844,Budget
2026-06-01,107,15,798,Current
2026-06-01,107,15,841,Budget
2026-06-01,109,1,878,Current
2026-06-01,109,1,929,Budget
2026-06-01,109,2,406,Current
2026-06-01,109,2,392,Budget
2026-06-01,109,3,711,Current
2026-06-01,109,3,705,Budget
2026-06-01,109,4,656,Current
2026-06-01,109,4,653,Budget
2026-06-01,109,5,900,Current
2026-06-01,109,5,910,Budget
2026-06-01,109,6,576,Current
2026-06-01,109,6,569,Budget
2026-06-01,109,7,405,Current
2026-06-01,109,7,389,Budget
2026-06-01,109,8,504,Current
2026-06-01,109,8,493,Budget
2026-06-01,109,9,908,Current
2026-06-01,109,9,931,Budget
2026-06-01,109,10,775,Current
2026-06-01,109,10,799,Budget
2026-06-01,109,11,703,Current
2026-06-01,109,11,699,Budget
2026-06-01,109,12,1058,Current
2026-06-01,109,12,1071,Budget
2026-06-01,109,13,304,Current
2026-06-01,109,13,316,Budget
2026-06-01,109,14,616,Current
2026-06-01,109,14,595,Budget
2026-06-01,109,15,389,Current
2026-06-01,109,15,410,Budget
2026-06-01,110,1,1170,Current
2026-06-01,110,1,1209,Budget
2026-06-01,110,2,351,Current
2026-06-01,110,2,339,Budget
2026-06-01,110,3,1633,Current
2026-06-01,110,3,1658,Budget
2026-06-01,110,4,655,Current
2026-06-01,110,4,690,Budget
2026-06-01,110,5,461,Current
2026-06-01,110,5,473,Budget
2026-06-01,110,6,485,Current
2026-06-01,110,6,486,Budget
2026-06-01,110,7,431,Current
2026-06-01,110,7,452,Budget
2026-06-01,110,8,1087,Current
2026-06-01,110,8,1074,Budget
2026-06-01,110,9,871,Current
2026-06-01,110,9,855,Budget
2026-06-01,110,10,742,Current
2026-06-01,110,10,769,Budget
2026-06-01,110,11,765,Current
2026-06-01,110,11,804,Budget
2026-06-01,110,12,981,Current
2026-06-01,110,12,990,Budget
2026-06-01,110,13,355,Current
2026-06-01,110,13,349,Budget
2026-06-01,110,14,539,Current
2026-06-01,110,14,543,Budget
2026-06-01,110,15,1104,Current
2026-06-01,110,15,1159,Budget
2026-06-01,111,1,1135,Current
2026-06-01,111,1,1114,Budget
2026-06-01,111,2,417,Current
2026-06-01,111,2,406,Budget
2026-06-01,111,3,824,Current
2026-06-01,111,3,850,Budget
2026-06-01,111,4,1718,Current
2026-06-01,111,4,1663,Budget
2026-06-01,111,5,1071,Current
2026-06-01,111,5,1090,Budget
2026-06-01,111,6,502,Current
2026-06-01,111,6,507,Budget
2026-06-01,111,7,390,Current
2026-06-01,111,7,409,Budget
2026-06-01,111,8,849,Current
2026-06-01,111,8,824,Budget
2026-06-01,111,9,1044,Current
2026-06-01,111,9,1064,Budget
2026-06-01,111,10,953,Current
2026-06-01,111,10,961,Budget
2026-06-01,111,11,810,Current
2026-06-01,111,11,812,Budget
2026-06-01,111,12,1506,Current
2026-06-01,111,12,1577,Budget
2026-06-01,111,13,304,Current
2026-06-01,111,13,308,Budget
2026-06-01,111,14,962,Current
2026-06-01,111,14,1012,Budget
2026-06-01,111,15,559,Current
2026-06-01,111,15,570,Budget
2026-06-01,112,1,2616,Current
2026-06-01,112,1,2570,Budget
2026-06-01,112,2,391,Current
2026-06-01,112,2,399,Budget
2026-06-01,112,3,802,Current
2026-06-01,112,3,850,Budget
2026-06-01,112,4,1873,Current
2026-06-01,112,4,1978,Budget
2026-06-01,112,5,380,Current
2026-06-01,112,5,370,Budget
2026-06-01,112,6,623,Current
2026-06-01,112,6,610,Budget
2026-06-01,112,7,466,Current
2026-06-01,112,7,462,Budget
2026-06-01,112,8,534,Current
2026-06-01,112,8,541,Budget
2026-06-01,112,9,1146,Current
2026-06-01,112,9,1149,Budget
2026-06-01,112,10,848,Current
2026-06-01,112,10,843,Budget
2026-06-01,112,11,795,Current
2026-06-01,112,11,830,Budget
2026-06-01,112,12,1783,Current
2026-06-01,112,12,1723,Budget
2026-06-01,112,13,318,Current
2026-06-01,112,13,317,Budget
2026-06-01,112,14,1565,Current
2026-06-01,112,14,1658,Budget
2026-06-01,112,15,1201,Current
2026-06-01,112,15,1199,Budget
2026-06-01,113,1,1111,Current
2026-06-01,113,1,1174,Budget
2026-06-01,113,2,536,Current
2026-06-01,113,2,543,Budget
2026-06-01,113,3,1347,Current
2026-06-01,113,3,1381,Budget
2026-06-01,113,4,832,Current
2026-06-01,113,4,874,Budget
2026-06-01,113,5,417,Current
2026-06-01,113,5,433,Budget
2026-06-01,113,6,1417,Current
2026-06-01,113,6,1370,Budget
2026-06-01,113,7,410,Current
2026-06-01,113,7,400,Budget
2026-06-01,113,8,595,Current
2026-06-01,113,8,617,Budget
2026-06-01,113,9,2517,Current
2026-06-01,113,9,2426,Budget
2026-06-01,113,10,1694,Current
2026-06-01,113,10,1765,Budget
2026-06-01,113,11,767,Current
2026-06-01,113,11,788,Budget
2026-06-01,113,12,931,Current
2026-06-01,113,12,955,Budget
2026-06-01,113,13,530,Current
2026-06-01,113,13,539,Budget
2026-06-01,113,14,541,Current
2026-06-01,113,14,540,Budget
2026-06-01,113,15,558,Current
2026-06-01,113,15,553,Budget
2026-06-01,114,1,1127,Current
2026-06-01,114,1,1139,Budget
2026-06-01,114,2,291,Current
2026-06-01,114,2,289,Budget
2026-06-01,114,3,694,Current
2026-06-01,114,3,725,Budget
2026-06-01,114,4,750,Current
2026-06-01,114,4,742,Budget
2026-06-01,114,5,380,Current
2026-06-01,114,5,394,Budget
2026-06-01,114,6,429,Current
2026-06-01,114,6,420,Budget
2026-06-01,114,7,348,Current
2026-06-01,114,7,351,Budget
2026-06-01,114,8,645,Current
2026-06-01,114,8,647,Budget
2026-06-01,114,9,1014,Current
2026-06-01,114,9,1005,Budget
2026-06-01,114,10,694,Current
2026-06-01,114,10,705,Budget
2026-06-01,114,11,2313,Current
2026-06-01,114,11,2452,Budget
2026-06-01,114,12,815,Current
2026-06-01,114,12,800,Budget
2026-06-01,114,13,620,Current
2026-06-01,114,13,614,Budget
2026-06-01,114,14,1238,Current
2026-06-01,114,14,1287,Budget
2026-06-01,114,15,423,Current
2026-06-01,114,15,415,Budget
2026-06-01,115,1,929,Current
2026-06-01,115,1,966,Budget
2026-06-01,115,2,660,Current
2026-06-01,115,2,689,Budget
2026-06-01,115,3,594,Current
2026-06-01,115,3,588,Budget
2026-06-01,115,4,636,Current
2026-06-01,115,4,629,Budget
2026-06-01,115,5,684,Current
2026-06-01,115,5,723,Budget
2026-06-01,115,6,960,Current
2026-06-01,115,6,998,Budget
2026-06-01,115,7,420,Current
2026-06-01,115,7,408,Budget
2026-06-01,115,8,517,Current
2026-06-01,115,8,546,Budget
2026-06-01,115,9,969,Current
2026-06-01,115,9,995,Budget
2026-06-01,115,10,770,Current
2026-06-01,115,10,772,Budget
2026-06-01,115,11,1086,Current
2026-06-01,115,11,1120,Budget
2026-06-01,115,12,679,Current
2026-06-01,115,12,716,Budget
2026-06-01,115,13,270,Current
2026-06-01,115,13,261,Budget
2026-06-01,115,14,1269,Current
2026-06-01,115,14,1258,Budget
2026-06-01,115,15,386,Current
2026-06-01,115,15,372,Budget
2026-06-01,117,1,790,Current
2026-06-01,117,1,768,Budget
2026-06-01,117,2,345,Current
2026-06-01,117,2,341,Budget
2026-06-01,117,3,633,Current
2026-06-01,117,3,671,Budget
2026-06-01,117,4,572,Current
2026-06-01,117,4,553,Budget
2026-06-01,117,5,346,Current
2026-06-01,117,5,355,Budget
2026-06-01,117,6,361,Current
2026-06-01,117,6,351,Budget
2026-06-01,117,7,379,Current
2026-06-01,117,7,373,Budget
2026-06-01,117,8,419,Current
2026-06-01,117,8,411,Budget
2026-06-01,117,9,665,Current
2026-06-01,117,9,679,Budget
2026-06-01,117,10,658,Current
2026-06-01,117,10,642,Budget
2026-06-01,117,11,967,Current
2026-06-01,117,11,969,Budget
2026-06-01,117,12,861,Current
2026-06-01,117,12,862,Budget
2026-06-01,117,13,232,Current
2026-06-01,117,13,241,Budget
2026-06-01,117,14,377,Current
2026-06-01,117,14,364,Budget
2026-06-01,117,15,335,Current
2026-06-01,117,15,328,Budget
2026-06-01,118,1,1007,Current
2026-06-01,118,1,973,Budget
2026-06-01,118,2,596,Current
2026-06-01,118,2,630,Budget
2026-06-01,118,3,639,Current
2026-06-01,118,3,672,Budget
2026-06-01,118,4,563,Current
2026-06-01,118,4,595,Budget
2026-06-01,118,5,368,Current
2026-06-01,118,5,389,Budget
2026-06-01,118,6,409,Current
2026-06-01,118,6,402,Budget
2026-06-01,118,7,498,Current
2026-06-01,118,7,514,Budget
2026-06-01,118,8,521,Current
2026-06-01,118,8,524,Budget
2026-06-01,118,9,1098,Current
2026-06-01,118,9,1064,Budget
2026-06-01,118,10,648,Current
2026-06-01,118,10,627,Budget
2026-06-01,118,11,687,Current
2026-06-01,118,11,706,Budget
2026-06-01,118,12,613,Current
2026-06-01,118,12,641,Budget
2026-06-01,118,13,231,Current
2026-06-01,118,13,238,Budget
2026-06-01,118,14,431,Current
2026-06-01,118,14,416,Budget
2026-06-01,118,15,344,Current
2026-06-01,118,15,355,Budget
2026-06-01,119,1,844,Current
2026-06-01,119,1,853,Budget
2026-06-01,119,2,311,Current
2026-06-01,119,2,323,Budget
2026-06-01,119,3,558,Current
2026-06-01,119,3,578,Budget
2026-06-01,119,4,539,Current
2026-06-01,119,4,524,Budget
2026-06-01,119,5,372,Current
2026-06-01,119,5,381,Budget
2026-06-01,119,6,361,Current
2026-06-01,119,6,362,Budget
2026-06-01,119,7,328,Current
2026-06-01,119,7,332,Budget
2026-06-01,119,8,489,Current
2026-06-01,119,8,472,Budget
2026-06-01,119,9,831,Current
2026-06-01,119,9,828,Budget
2026-06-01,119,10,590,Current
2026-06-01,119,10,571,Budget
2026-06-01,119,11,745,Current
2026-06-01,119,11,781,Budget
2026-06-01,119,12,475,Current
2026-06-01,119,12,492,Budget
2026-06-01,119,13,261,Current
2026-06-01,119,13,251,Budget
2026-06-01,119,14,483,Current
2026-06-01,119,14,507,Budget
2026-06-01,119,15,337,Current
2026-06-01,119,15,343,Budget
2026-06-01,120,1,917,Current
2026-06-01,120,1,907,Budget
2026-06-01,120,2,311,Current
2026-06-01,120,2,312,Budget
2026-06-01,120,3,668,Current
2026-06-01,120,3,664,Budget
2026-06-01,120,4,587,Current
2026-06-01,120,4,575,Budget
2026-06-01,120,5,274,Current
2026-06-01,120,5,275,Budget
2026-06-01,120,6,401,Current
2026-06-01,120,6,402,Budget
2026-06-01,120,7,311,Current
2026-06-01,120,7,328,Budget
2026-06-01,120,8,411,Current
2026-06-01,120,8,397,Budget
2026-06-01,120,9,830,Current
2026-06-01,120,9,814,Budget
2026-06-01,120,10,594,Current
2026-06-01,120,10,575,Budget
2026-06-01,120,11,606,Current
2026-06-01,120,11,620,Budget
2026-06-01,120,12,601,Current
2026-06-01,120,12,587,Budget
2026-06-01,120,13,227,Current
2026-06-01,120,13,222,Budget
2026-06-01,120,14,436,Current
2026-06-01,120,14,462,Budget
2026-06-01,120,15,347,Current
2026-06-01,120,15,337,Budget
2026-06-01,121,1,1577,Current
2026-06-01,121,1,1515,Budget
2026-06-01,121,2,318,Current
2026-06-01,121,2,308,Budget
2026-06-01,121,3,733,Current
2026-06-01,121,3,758,Budget
2026-06-01,121,4,803,Current
2026-06-01,121,4,842,Budget
2026-06-01,121,5,432,Current
2026-06-01,121,5,457,Budget
2026-06-01,121,6,403,Current
2026-06-01,121,6,427,Budget
2026-06-01,121,7,442,Current
2026-06-01,121,7,431,Budget
2026-06-01,121,8,557,Current
2026-06-01,121,8,548,Budget
2026-06-01,121,9,984,Current
2026-06-01,121,9,1042,Budget
2026-06-01,121,10,754,Current
2026-06-01,121,10,741,Budget
2026-06-01,121,11,778,Current
2026-06-01,121,11,803,Budget
2026-06-01,121,12,555,Current
2026-06-01,121,12,578,Budget
2026-06-01,121,13,281,Current
2026-06-01,121,13,290,Budget
2026-06-01,121,14,515,Current
2026-06-01,121,14,520,Budget
2026-06-01,121,15,335,Current
2026-06-01,121,15,355,Budget
2026-06-01,122,1,1135,Current
2026-06-01,122,1,1152,Budget
2026-06-01,122,2,379,Current
2026-06-01,122,2,372,Budget
2026-06-01,122,3,530,Current
2026-06-01,122,3,538,Budget
2026-06-01,122,4,563,Current
2026-06-01,122,4,551,Budget
2026-06-01,122,5,356,Current
2026-06-01,122,5,363,Budget
2026-06-01,122,6,443,Current
2026-06-01,122,6,448,Budget
2026-06-01,122,7,386,Current
2026-06-01,122,7,397,Budget
2026-06-01,122,8,490,Current
2026-06-01,122,8,506,Budget
2026-06-01,122,9,913,Current
2026-06-01,122,9,917,Budget
2026-06-01,122,10,810,Current
2026-06-01,122,10,820,Budget
2026-06-01,122,11,646,Current
2026-06-01,122,11,629,Budget
2026-06-01,122,12,533,Current
2026-06-01,122,12,518,Budget
2026-06-01,122,13,317,Current
2026-06-01,122,13,321,Budget
2026-06-01,122,14,435,Current
2026-06-01,122,14,427,Budget
2026-06-01,122,15,400,Current
2026-06-01,122,15,389,Budget
2026-06-01,123,1,741,Current
2026-06-01,123,1,721,Budget
2026-06-01,123,2,281,Current
2026-06-01,123,2,284,Budget
2026-06-01,123,3,597,Current
2026-06-01,123,3,584,Budget
2026-06-01,123,4,582,Current
2026-06-01,123,4,599,Budget
2026-06-01,123,5,299,Current
2026-06-01,123,5,310,Budget
2026-06-01,123,6,383,Current
2026-06-01,123,6,401,Budget
2026-06-01,123,7,287,Current
2026-06-01,123,7,285,Budget
2026-06-01,123,8,430,Current
2026-06-01,123,8,447,Budget
2026-06-01,123,9,1193,Current
2026-06-01,123,9,1228,Budget
2026-06-01,123,10,907,Current
2026-06-01,123,10,887,Budget
2026-06-01,123,11,559,Current
2026-06-01,123,11,591,Budget
2026-06-01,123,12,535,Current
2026-06-01,123,12,558,Budget
2026-06-01,123,13,234,Current
2026-06-01,123,13,226,Budget
2026-06-01,123,14,396,Current
2026-06-01,123,14,386,Budget
2026-06-01,123,15,371,Current
2026-06-01,123,15,380,Budget
2026-06-01,125,1,518,Current
2026-06-01,125,1,512,Budget
2026-06-01,125,2,188,Current
2026-06-01,125,2,182,Budget
2026-06-01,125,3,335,Current
2026-06-01,125,3,337,Budget
2026-06-01,125,4,355,Current
2026-06-01,125,4,356,Budget
2026-06-01,125,5,282,Current
2026-06-01,125,5,290,Budget
2026-06-01,125,6,250,Current
2026-06-01,125,6,263,Budget
2026-06-01,125,7,287,Current
2026-06-01,125,7,303,Budget
2026-06-01,125,8,302,Current
2026-06-01,125,8,313,Budget
2026-06-01,125,9,524,Current
2026-06-01,125,9,518,Budget
2026-06-01,125,10,398,Current
2026-06-01,125,10,402,Budget
2026-06-01,125,11,417,Current
2026-06-01,125,11,419,Budget
2026-06-01,125,12,404,Current
2026-06-01,125,12,395,Budget
2026-06-01,125,13,146,Current
2026-06-01,125,13,149,Budget
2026-06-01,125,14,328,Current
2026-06-01,125,14,326,Budget
2026-06-01,125,15,227,Current
2026-06-01,125,15,224,Budget
2026-06-01,126,1,578,Current
2026-06-01,126,1,610,Budget
2026-06-01,126,2,182,Current
2026-06-01,126,2,188,Budget
2026-06-01,126,3,427,Current
2026-06-01,126,3,426,Budget
2026-06-01,126,4,479,Current
2026-06-01,126,4,488,Budget
2026-06-01,126,5,221,Current
2026-06-01,126,5,233,Budget
2026-06-01,126,6,248,Current
2026-06-01,126,6,260,Budget
2026-06-01,126,7,271,Current
2026-06-01,126,7,271,Budget
2026-06-01,126,8,316,Current
2026-06-01,126,8,305,Budget
2026-06-01,126,9,542,Current
2026-06-01,126,9,526,Budget
2026-06-01,126,10,444,Current
2026-06-01,126,10,462,Budget
2026-06-01,126,11,407,Current
2026-06-01,126,11,406,Budget
2026-06-01,126,12,557,Current
2026-06-01,126,12,538,Budget
2026-06-01,126,13,159,Current
2026-06-01,126,13,162,Budget
2026-06-01,126,14,340,Current
2026-06-01,126,14,346,Budget
2026-06-01,126,15,244,Current
2026-06-01,126,15,240,Budget
2026-06-01,127,1,578,Current
2026-06-01,127,1,612,Budget
2026-06-01,127,2,311,Current
2026-06-01,127,2,321,Budget
2026-06-01,127,3,444,Current
2026-06-01,127,3,447,Budget
2026-06-01,127,4,470,Current
2026-06-01,127,4,453,Budget
2026-06-01,127,5,218,Current
2026-06-01,127,5,214,Budget
2026-06-01,127,6,278,Current
2026-06-01,127,6,283,Budget
2026-06-01,127,7,417,Current
2026-06-01,127,7,406,Budget
2026-06-01,127,8,309,Current
2026-06-01,127,8,322,Budget
2026-06-01,127,9,545,Current
2026-06-01,127,9,530,Budget
2026-06-01,127,10,695,Current
2026-06-01,127,10,717,Budget
2026-06-01,127,11,445,Current
2026-06-01,127,11,453,Budget
2026-06-01,127,12,347,Current
2026-06-01,127,12,354,Budget
2026-06-01,127,13,193,Current
2026-06-01,127,13,186,Budget
2026-06-01,127,14,383,Current
2026-06-01,127,14,393,Budget
2026-06-01,127,15,282,Current
2026-06-01,127,15,299,Budget
2026-06-01,128,1,574,Current
2026-06-01,128,1,570,Budget
2026-06-01,128,2,264,Current
2026-06-01,128,2,262,Budget
2026-06-01,128,3,325,Current
2026-06-01,128,3,315,Budget
2026-06-01,128,4,523,Current
2026-06-01,128,4,523,Budget
2026-06-01,128,5,306,Current
2026-06-01,128,5,307,Budget
2026-06-01,128,6,293,Current
2026-06-01,128,6,304,Budget
2026-06-01,128,7,313,Current
2026-06-01,128,7,328,Budget
2026-06-01,128,8,356,Current
2026-06-01,128,8,344,Budget
2026-06-01,128,9,533,Current
2026-06-01,128,9,564,Budget
2026-06-01,128,10,458,Current
2026-06-01,128,10,467,Budget
2026-06-01,128,11,407,Current
2026-06-01,128,11,410,Budget
2026-06-01,128,12,424,Current
2026-06-01,128,12,434,Budget
2026-06-01,128,13,233,Current
2026-06-01,128,13,229,Budget
2026-06-01,128,14,326,Current
2026-06-01,128,14,328,Budget
2026-06-01,128,15,416,Current
2026-06-01,128,15,423,Budget
2026-06-01,129,1,578,Current
2026-06-01,129,1,587,Budget
2026-06-01,129,2,206,Current
2026-06-01,129,2,205,Budget
2026-06-01,129,3,433,Current
2026-06-01,129,3,425,Budget
2026-06-01,129,4,471,Current
2026-06-01,129,4,469,Budget
2026-06-01,129,5,256,Current
2026-06-01,129,5,271,Budget
2026-06-01,129,6,292,Current
2026-06-01,129,6,282,Budget
2026-06-01,129,7,253,Current
2026-06-01,129,7,260,Budget
2026-06-01,129,8,373,Current
2026-06-01,129,8,380,Budget
2026-06-01,129,9,616,Current
2026-06-01,129,9,615,Budget
2026-06-01,129,10,511,Current
2026-06-01,129,10,531,Budget
2026-06-01,129,11,451,Current
2026-06-01,129,11,460,Budget
2026-06-01,129,12,365,Current
2026-06-01,129,12,360,Budget
2026-06-01,129,13,176,Current
2026-06-01,129,13,171,Budget
2026-06-01,129,14,341,Current
2026-06-01,129,14,346,Budget
2026-06-01,129,15,280,Current
2026-06-01,129,15,294,Budget
2026-06-01,130,1,578,Current
2026-06-01,130,1,612,Budget
2026-06-01,130,2,254,Current
2026-06-01,130,2,256,Budget
2026-06-01,130,3,398,Current
2026-06-01,130,3,405,Budget
2026-06-01,130,4,492,Current
2026-06-01,130,4,521,Budget
2026-06-01,130,5,196,Current
2026-06-01,130,5,201,Budget
2026-06-01,130,6,262,Current
2026-06-01,130,6,269,Budget
2026-06-01,130,7,300,Current
2026-06-01,130,7,309,Budget
2026-06-01,130,8,341,Current
2026-06-01,130,8,339,Budget
2026-06-01,130,9,539,Current
2026-06-01,130,9,562,Budget
2026-06-01,130,10,482,Current
2026-06-01,130,10,467,Budget
2026-06-01,130,11,428,Current
2026-06-01,130,11,415,Budget
2026-06-01,130,12,448,Current
2026-06-01,130,12,466,Budget
2026-06-01,130,13,215,Current
2026-06-01,130,13,225,Budget
2026-06-01,130,14,350,Current
2026-06-01,130,14,343,Budget
2026-06-01,130,15,305,Current
2026-06-01,130,15,302,Budget
2026-06-01,131,1,720,Current
2026-06-01,131,1,704,Budget
2026-06-01,131,2,433,Current
2026-06-01,131,2,423,Budget
2026-06-01,131,3,517,Current
2026-06-01,131,3,537,Budget
2026-06-01,131,4,535,Current
2026-06-01,131,4,545,Budget
2026-06-01,131,5,243,Current
2026-06-01,131,5,254,Budget
2026-06-01,131,6,263,Current
2026-06-01,131,6,257,Budget
2026-06-01,131,7,259,Current
2026-06-01,131,7,262,Budget
2026-06-01,131,8,330,Current
2026-06-01,131,8,336,Budget
2026-06-01,131,9,480,Current
2026-06-01,131,9,470,Budget
2026-06-01,131,10,531,Current
2026-06-01,131,10,519,Budget
2026-06-01,131,11,396,Current
2026-06-01,131,11,393,Budget
2026-06-01,131,12,347,Current
2026-06-01,131,12,354,Budget
2026-06-01,131,13,176,Current
2026-06-01,131,13,180,Budget
2026-06-01,131,14,396,Current
2026-06-01,131,14,402,Budget
2026-06-01,131,15,344,Current
2026-06-01,131,15,338,Budget
2026-06-01,133,1,1173,Current
2026-06-01,133,1,1145,Budget
2026-06-01,133,2,476,Current
2026-06-01,133,2,492,Budget
2026-06-01,133,3,758,Current
2026-06-01,133,3,734,Budget
2026-06-01,133,4,998,Current
2026-06-01,133,4,1036,Budget
2026-06-01,133,5,450,Current
2026-06-01,133,5,461,Budget
2026-06-01,133,6,797,Current
2026-06-01,133,6,781,Budget
2026-06-01,133,7,504,Current
2026-06-01,133,7,496,Budget
2026-06-01,133,8,537,Current
2026-06-01,133,8,538,Budget
2026-06-01,133,9,1659,Current
2026-06-01,133,9,1647,Budget
2026-06-01,133,10,932,Current
2026-06-01,133,10,908,Budget
2026-06-01,133,11,898,Current
2026-06-01,133,11,866,Budget
2026-06-01,133,12,817,Current
2026-06-01,133,12,837,Budget
2026-06-01,133,13,353,Current
2026-06-01,133,13,370,Budget
2026-06-01,133,14,657,Current
2026-06-01,133,14,632,Budget
2026-06-01,133,15,571,Current
2026-06-01,133,15,560,Budget
2026-06-01,134,1,1016,Current
2026-06-01,134,1,1032,Budget
2026-06-01,134,2,607,Current
2026-06-01,134,2,586,Budget
2026-06-01,134,3,898,Current
2026-06-01,134,3,936,Budget
2026-06-01,134,4,959,Current
2026-06-01,134,4,934,Budget
2026-06-01,134,5,435,Current
2026-06-01,134,5,445,Budget
2026-06-01,134,6,504,Current
2026-06-01,134,6,524,Budget
2026-06-01,134,7,459,Current
2026-06-01,134,7,460,Budget
2026-06-01,134,8,678,Current
2026-06-01,134,8,657,Budget
2026-06-01,134,9,991,Current
2026-06-01,134,9,959,Budget
2026-06-01,134,10,875,Current
2026-06-01,134,10,869,Budget
2026-06-01,134,11,958,Current
2026-06-01,134,11,1007,Budget
2026-06-01,134,12,860,Current
2026-06-01,134,12,830,Budget
2026-06-01,134,13,359,Current
2026-06-01,134,13,366,Budget
2026-06-01,134,14,593,Current
2026-06-01,134,14,607,Budget
2026-06-01,134,15,512,Current
2026-06-01,134,15,515,Budget
2026-06-01,135,1,1658,Current
2026-06-01,135,1,1725,Budget
2026-06-01,135,2,350,Current
2026-06-01,135,2,360,Budget
2026-06-01,135,3,703,Current
2026-06-01,135,3,734,Budget
2026-06-01,135,4,786,Current
2026-06-01,135,4,756,Budget
2026-06-01,135,5,405,Current
2026-06-01,135,5,417,Budget
2026-06-01,135,6,595,Current
2026-06-01,135,6,614,Budget
2026-06-01,135,7,526,Current
2026-06-01,135,7,523,Budget
2026-06-01,135,8,558,Current
2026-06-01,135,8,545,Budget
2026-06-01,135,9,894,Current
2026-06-01,135,9,903,Budget
2026-06-01,135,10,909,Current
2026-06-01,135,10,878,Budget
2026-06-01,135,11,794,Current
2026-06-01,135,11,804,Budget
2026-06-01,135,12,609,Current
2026-06-01,135,12,609,Budget
2026-06-01,135,13,309,Current
2026-06-01,135,13,298,Budget
2026-06-01,135,14,570,Current
2026-06-01,135,14,575,Budget
2026-06-01,135,15,476,Current
2026-06-01,135,15,484,Budget
2026-06-01,136,1,1108,Current
2026-06-01,136,1,1095,Budget
2026-06-01,136,2,383,Current
2026-06-01,136,2,404,Budget
2026-06-01,136,3,571,Current
2026-06-01,136,3,554,Budget
2026-06-01,136,4,799,Current
2026-06-01,136,4,774,Budget
2026-06-01,136,5,465,Current
2026-06-01,136,5,459,Budget
2026-06-01,136,6,570,Current
2026-06-01,136,6,569,Budget
2026-06-01,136,7,425,Current
2026-06-01,136,7,413,Budget
2026-06-01,136,8,557,Current
2026-06-01,136,8,562,Budget
2026-06-01,136,9,901,Current
2026-06-01,136,9,916,Budget
2026-06-01,136,10,692,Current
2026-06-01,136,10,703,Budget
2026-06-01,136,11,806,Current
2026-06-01,136,11,832,Budget
2026-06-01,136,12,569,Current
2026-06-01,136,12,566,Budget
2026-06-01,136,13,351,Current
2026-06-01,136,13,353,Budget
2026-06-01,136,14,576,Current
2026-06-01,136,14,603,Budget
2026-06-01,136,15,527,Current
2026-06-01,136,15,522,Budget
2026-06-01,137,1,1265,Current
2026-06-01,137,1,1324,Budget
2026-06-01,137,2,380,Current
2026-06-01,137,2,367,Budget
2026-06-01,137,3,1321,Current
2026-06-01,137,3,1294,Budget
2026-06-01,137,4,958,Current
2026-06-01,137,4,990,Budget
2026-06-01,137,5,445,Current
2026-06-01,137,5,428,Budget
2026-06-01,137,6,495,Current
2026-06-01,137,6,513,Budget
2026-06-01,137,7,512,Current
2026-06-01,137,7,537,Budget
2026-06-01,137,8,544,Current
2026-06-01,137,8,552,Budget
2026-06-01,137,9,1007,Current
2026-06-01,137,9,1059,Budget
2026-06-01,137,10,974,Current
2026-06-01,137,10,972,Budget
2026-06-01,137,11,855,Current
2026-06-01,137,11,905,Budget
2026-06-01,137,12,709,Current
2026-06-01,137,12,747,Budget
2026-06-01,137,13,328,Current
2026-06-01,137,13,326,Budget
2026-06-01,137,14,515,Current
2026-06-01,137,14,523,Budget
2026-06-01,137,15,580,Current
2026-06-01,137,15,583,Budget
2026-06-01,138,1,1127,Current
2026-06-01,138,1,1091,Budget
2026-06-01,138,2,499,Current
2026-06-01,138,2,528,Budget
2026-06-01,138,3,729,Current
2026-06-01,138,3,734,Budget
2026-06-01,138,4,991,Current
2026-06-01,138,4,1050,Budget
2026-06-01,138,5,672,Current
2026-06-01,138,5,706,Budget
2026-06-01,138,6,689,Current
2026-06-01,138,6,710,Budget
2026-06-01,138,7,498,Current
2026-06-01,138,7,483,Budget
2026-06-01,138,8,634,Current
2026-06-01,138,8,657,Budget
2026-06-01,138,9,1551,Current
2026-06-01,138,9,1632,Budget
2026-06-01,138,10,1033,Current
2026-06-01,138,10,1067,Budget
2026-06-01,138,11,930,Current
2026-06-01,138,11,906,Budget
2026-06-01,138,12,748,Current
2026-06-01,138,12,756,Budget
2026-06-01,138,13,328,Current
2026-06-01,138,13,330,Budget
2026-06-01,138,14,727,Current
2026-06-01,138,14,699,Budget
2026-06-01,138,15,476,Current
2026-06-01,138,15,491,Budget
2026-06-01,139,1,1340,Current
2026-06-01,139,1,1362,Budget
2026-06-01,139,2,420,Current
2026-06-01,139,2,441,Budget
2026-06-01,139,3,891,Current
2026-06-01,139,3,855,Budget
2026-06-01,139,4,814,Current
2026-06-01,139,4,848,Budget
2026-06-01,139,5,431,Current
2026-06-01,139,5,427,Budget
2026-06-01,139,6,555,Current
2026-06-01,139,6,550,Budget
2026-06-01,139,7,485,Current
2026-06-01,139,7,502,Budget
2026-06-01,139,8,646,Current
2026-06-01,139,8,637,Budget
2026-06-01,139,9,1093,Current
2026-06-01,139,9,1151,Budget
2026-06-01,139,10,829,Current
2026-06-01,139,10,819,Budget
2026-06-01,139,11,859,Current
2026-06-01,139,11,889,Budget
2026-06-01,139,12,757,Current
2026-06-01,139,12,758,Budget
2026-06-01,139,13,382,Current
2026-06-01,139,13,375,Budget
2026-06-01,139,14,683,Current
2026-06-01,139,14,722,Budget
2026-06-01,139,15,555,Current
2026-06-01,139,15,562,Budget
2026-07-01,101,1,1364,Current
2026-07-01,101,1,1407,Budget
2026-07-01,101,2,734,Current
2026-07-01,101,2,721,Budget
2026-07-01,101,3,909,Current
2026-07-01,101,3,953,Budget
2026-07-01,101,4,967,Current
2026-07-01,101,4,951,Budget
2026-07-01,101,5,522,Current
2026-07-01,101,5,516,Budget
2026-07-01,101,6,621,Current
2026-07-01,101,6,640,Budget
2026-07-01,101,7,535,Current
2026-07-01,101,7,547,Budget
2026-07-01,101,8,650,Current
2026-07-01,101,8,644,Budget
2026-07-01,101,9,1195,Current
2026-07-01,101,9,1157,Budget
2026-07-01,101,10,956,Current
2026-07-01,101,10,1005,Budget
2026-07-01,101,11,961,Current
2026-07-01,101,11,1009,Budget
2026-07-01,101,12,820,Current
2026-07-01,101,12,834,Budget
2026-07-01,101,13,416,Current
2026-07-01,101,13,434,Budget
2026-07-01,101,14,698,Current
2026-07-01,101,14,713,Budget
2026-07-01,101,15,577,Current
2026-07-01,101,15,581,Budget
2026-07-01,102,1,1364,Current
2026-07-01,102,1,1374,Budget
2026-07-01,102,2,734,Current
2026-07-01,102,2,754,Budget
2026-07-01,102,3,909,Current
2026-07-01,102,3,881,Budget
2026-07-01,102,4,967,Current
2026-07-01,102,4,964,Budget
2026-07-01,102,5,522,Current
2026-07-01,102,5,533,Budget
2026-07-01,102,6,621,Current
2026-07-01,102,6,656,Budget
2026-07-01,102,7,535,Current
2026-07-01,102,7,548,Budget
2026-07-01,102,8,650,Current
2026-07-01,102,8,632,Budget
2026-07-01,102,9,1195,Current
2026-07-01,102,9,1244,Budget
2026-07-01,102,10,956,Current
2026-07-01,102,10,920,Budget
2026-07-01,102,11,961,Current
2026-07-01,102,11,930,Budget
2026-07-01,102,12,820,Current
2026-07-01,102,12,796,Budget
2026-07-01,102,13,416,Current
2026-07-01,102,13,409,Budget
2026-07-01,102,14,698,Current
2026-07-01,102,14,738,Budget
2026-07-01,102,15,577,Current
2026-07-01,102,15,607,Budget
2026-07-01,103,1,1364,Current
2026-07-01,103,1,1401,Budget
2026-07-01,103,2,734,Current
2026-07-01,103,2,741,Budget
2026-07-01,103,3,909,Current
2026-07-01,103,3,913,Budget
2026-07-01,103,4,967,Current
2026-07-01,103,4,1006,Budget
2026-07-01,103,5,522,Current
2026-07-01,103,5,529,Budget
2026-07-01,103,6,621,Current
2026-07-01,103,6,637,Budget
2026-07-01,103,7,535,Current
2026-07-01,103,7,556,Budget
2026-07-01,103,8,650,Current
2026-07-01,103,8,667,Budget
2026-07-01,103,9,1195,Current
2026-07-01,103,9,1210,Budget
2026-07-01,103,10,956,Current
2026-07-01,103,10,999,Budget
2026-07-01,103,11,961,Current
2026-07-01,103,11,938,Budget
2026-07-01,103,12,820,Current
2026-07-01,103,12,857,Budget
2026-07-01,103,13,416,Current
2026-07-01,103,13,402,Budget
2026-07-01,103,14,698,Current
2026-07-01,103,14,674,Budget
2026-07-01,103,15,577,Current
2026-07-01,103,15,599,Budget
2026-07-01,104,1,1364,Current
2026-07-01,104,1,1439,Budget
2026-07-01,104,2,734,Current
2026-07-01,104,2,715,Budget
2026-07-01,104,3,909,Current
2026-07-01,104,3,902,Budget
2026-07-01,104,4,967,Current
2026-07-01,104,4,957,Budget
2026-07-01,104,5,522,Current
2026-07-01,104,5,544,Budget
2026-07-01,104,6,621,Current
2026-07-01,104,6,599,Budget
2026-07-01,104,7,535,Current
2026-07-01,104,7,548,Budget
2026-07-01,104,8,650,Current
2026-07-01,104,8,680,Budget
2026-07-01,104,9,1195,Current
2026-07-01,104,9,1260,Budget
2026-07-01,104,10,956,Current
2026-07-01,104,10,978,Budget
2026-07-01,104,11,961,Current
2026-07-01,104,11,925,Budget
2026-07-01,104,12,820,Current
2026-07-01,104,12,869,Budget
2026-07-01,104,13,416,Current
2026-07-01,104,13,411,Budget
2026-07-01,104,14,698,Current
2026-07-01,104,14,719,Budget
2026-07-01,104,15,577,Current
2026-07-01,104,15,592,Budget
2026-07-01,105,1,1364,Current
2026-07-01,105,1,1310,Budget
2026-07-01,105,2,734,Current
2026-07-01,105,2,770,Budget
2026-07-01,105,3,909,Current
2026-07-01,105,3,951,Budget
2026-07-01,105,4,967,Current
2026-07-01,105,4,969,Budget
2026-07-01,105,5,522,Current
2026-07-01,105,5,531,Budget
2026-07-01,105,6,621,Current
2026-07-01,105,6,654,Budget
2026-07-01,105,7,535,Current
2026-07-01,105,7,562,Budget
2026-07-01,105,8,650,Current
2026-07-01,105,8,677,Budget
2026-07-01,105,9,1195,Current
2026-07-01,105,9,1236,Budget
2026-07-01,105,10,956,Current
2026-07-01,105,10,988,Budget
2026-07-01,105,11,961,Current
2026-07-01,105,11,1005,Budget
2026-07-01,105,12,820,Current
2026-07-01,105,12,830,Budget
2026-07-01,105,13,416,Current
2026-07-01,105,13,431,Budget
2026-07-01,105,14,698,Current
2026-07-01,105,14,702,Budget
2026-07-01,105,15,577,Current
2026-07-01,105,15,580,Budget
2026-07-01,106,1,1364,Current
2026-07-01,106,1,1386,Budget
2026-07-01,106,2,734,Current
2026-07-01,106,2,707,Budget
2026-07-01,106,3,909,Current
2026-07-01,106,3,933,Budget
2026-07-01,106,4,967,Current
2026-07-01,106,4,954,Budget
2026-07-01,106,5,522,Current
2026-07-01,106,5,507,Budget
2026-07-01,106,6,621,Current
2026-07-01,106,6,598,Budget
2026-07-01,106,7,535,Current
2026-07-01,106,7,567,Budget
2026-07-01,106,8,650,Current
2026-07-01,106,8,677,Budget
2026-07-01,106,9,1195,Current
2026-07-01,106,9,1196,Budget
2026-07-01,106,10,956,Current
2026-07-01,106,10,983,Budget
2026-07-01,106,11,961,Current
2026-07-01,106,11,1014,Budget
2026-07-01,106,12,820,Current
2026-07-01,106,12,828,Budget
2026-07-01,106,13,416,Current
2026-07-01,106,13,441,Budget
2026-07-01,106,14,698,Current
2026-07-01,106,14,683,Budget
2026-07-01,106,15,577,Current
2026-07-01,106,15,583,Budget
2026-07-01,107,1,1364,Current
2026-07-01,107,1,1396,Budget
2026-07-01,107,2,734,Current
2026-07-01,107,2,761,Budget
2026-07-01,107,3,909,Current
2026-07-01,107,3,876,Budget
2026-07-01,107,4,967,Current
2026-07-01,107,4,1010,Budget
2026-07-01,107,5,522,Current
2026-07-01,107,5,518,Budget
2026-07-01,107,6,621,Current
2026-07-01,107,6,610,Budget
2026-07-01,107,7,535,Current
2026-07-01,107,7,559,Budget
2026-07-01,107,8,650,Current
2026-07-01,107,8,673,Budget
2026-07-01,107,9,1195,Current
2026-07-01,107,9,1161,Budget
2026-07-01,107,10,956,Current
2026-07-01,107,10,974,Budget
2026-07-01,107,11,961,Current
2026-07-01,107,11,954,Budget
2026-07-01,107,12,820,Current
2026-07-01,107,12,857,Budget
2026-07-01,107,13,416,Current
2026-07-01,107,13,421,Budget
2026-07-01,107,14,698,Current
2026-07-01,107,14,700,Budget
2026-07-01,107,15,577,Current
2026-07-01,107,15,580,Budget
2026-07-01,109,1,995,Current
2026-07-01,109,1,981,Budget
2026-07-01,109,2,536,Current
2026-07-01,109,2,535,Budget
2026-07-01,109,3,663,Current
2026-07-01,109,3,688,Budget
2026-07-01,109,4,706,Current
2026-07-01,109,4,681,Budget
2026-07-01,109,5,380,Current
2026-07-01,109,5,373,Budget
2026-07-01,109,6,453,Current
2026-07-01,109,6,446,Budget
2026-07-01,109,7,390,Current
2026-07-01,109,7,392,Budget
2026-07-01,109,8,474,Current
2026-07-01,109,8,498,Budget
2026-07-01,109,9,871,Current
2026-07-01,109,9,903,Budget
2026-07-01,109,10,698,Current
2026-07-01,109,10,691,Budget
2026-07-01,109,11,701,Current
2026-07-01,109,11,692,Budget
2026-07-01,109,12,598,Current
2026-07-01,109,12,603,Budget
2026-07-01,109,13,304,Current
2026-07-01,109,13,318,Budget
2026-07-01,109,14,509,Current
2026-07-01,109,14,535,Budget
2026-07-01,109,15,421,Current
2026-07-01,109,15,419,Budget
2026-07-01,110,1,995,Current
2026-07-01,110,1,977,Budget
2026-07-01,110,2,536,Current
2026-07-01,110,2,540,Budget
2026-07-01,110,3,663,Current
2026-07-01,110,3,658,Budget
2026-07-01,110,4,706,Current
2026-07-01,110,4,730,Budget
2026-07-01,110,5,380,Current
2026-07-01,110,5,399,Budget
2026-07-01,110,6,453,Current
2026-07-01,110,6,435,Budget
2026-07-01,110,7,390,Current
2026-07-01,110,7,384,Budget
2026-07-01,110,8,474,Current
2026-07-01,110,8,479,Budget
2026-07-01,110,9,871,Current
2026-07-01,110,9,914,Budget
2026-07-01,110,10,698,Current
2026-07-01,110,10,680,Budget
2026-07-01,110,11,701,Current
2026-07-01,110,11,711,Budget
2026-07-01,110,12,598,Current
2026-07-01,110,12,624,Budget
2026-07-01,110,13,304,Current
2026-07-01,110,13,294,Budget
2026-07-01,110,14,509,Current
2026-07-01,110,14,490,Budget
2026-07-01,110,15,421,Current
2026-07-01,110,15,434,Budget
2026-07-01,111,1,995,Current
2026-07-01,111,1,1034,Budget
2026-07-01,111,2,536,Current
2026-07-01,111,2,520,Budget
2026-07-01,111,3,663,Current
2026-07-01,111,3,658,Budget
2026-07-01,111,4,706,Current
2026-07-01,111,4,688,Budget
2026-07-01,111,5,380,Current
2026-07-01,111,5,400,Budget
2026-07-01,111,6,453,Current
2026-07-01,111,6,443,Budget
2026-07-01,111,7,390,Current
2026-07-01,111,7,393,Budget
2026-07-01,111,8,474,Current
2026-07-01,111,8,499,Budget
2026-07-01,111,9,871,Current
2026-07-01,111,9,904,Budget
2026-07-01,111,10,698,Current
2026-07-01,111,10,718,Budget
2026-07-01,111,11,701,Current
2026-07-01,111,11,713,Budget
2026-07-01,111,12,598,Current
2026-07-01,111,12,617,Budget
2026-07-01,111,13,304,Current
2026-07-01,111,13,307,Budget
2026-07-01,111,14,509,Current
2026-07-01,111,14,523,Budget
2026-07-01,111,15,421,Current
2026-07-01,111,15,409,Budget
2026-07-01,112,1,995,Current
2026-07-01,112,1,1030,Budget
2026-07-01,112,2,536,Current
2026-07-01,112,2,538,Budget
2026-07-01,112,3,663,Current
2026-07-01,112,3,676,Budget
2026-07-01,112,4,706,Current
2026-07-01,112,4,748,Budget
2026-07-01,112,5,380,Current
2026-07-01,112,5,370,Budget
2026-07-01,112,6,453,Current
2026-07-01,112,6,436,Budget
2026-07-01,112,7,390,Current
2026-07-01,112,7,375,Budget
2026-07-01,112,8,474,Current
2026-07-01,112,8,495,Budget
2026-07-01,112,9,871,Current
2026-07-01,112,9,877,Budget
2026-07-01,112,10,698,Current
2026-07-01,112,10,700,Budget
2026-07-01,112,11,701,Current
2026-07-01,112,11,739,Budget
2026-07-01,112,12,598,Current
2026-07-01,112,12,605,Budget
2026-07-01,112,13,304,Current
2026-07-01,112,13,316,Budget
2026-07-01,112,14,509,Current
2026-07-01,112,14,521,Budget
2026-07-01,112,15,421,Current
2026-07-01,112,15,429,Budget
2026-07-01,113,1,995,Current
2026-07-01,113,1,1014,Budget
2026-07-01,113,2,536,Current
2026-07-01,113,2,522,Budget
2026-07-01,113,3,663,Current
2026-07-01,113,3,695,Budget
2026-07-01,113,4,706,Current
2026-07-01,113,4,693,Budget
2026-07-01,113,5,380,Current
2026-07-01,113,5,389,Budget
2026-07-01,113,6,453,Current
2026-07-01,113,6,440,Budget
2026-07-01,113,7,390,Current
2026-07-01,113,7,375,Budget
2026-07-01,113,8,474,Current
2026-07-01,113,8,499,Budget
2026-07-01,113,9,871,Current
2026-07-01,113,9,891,Budget
2026-07-01,113,10,698,Current
2026-07-01,113,10,676,Budget
2026-07-01,113,11,701,Current
2026-07-01,113,11,708,Budget
2026-07-01,113,12,598,Current
2026-07-01,113,12,586,Budget
2026-07-01,113,13,304,Current
2026-07-01,113,13,322,Budget
2026-07-01,113,14,509,Current
2026-07-01,113,14,505,Budget
2026-07-01,113,15,421,Current
2026-07-01,113,15,423,Budget
2026-07-01,114,1,995,Current
2026-07-01,114,1,1045,Budget
2026-07-01,114,2,536,Current
2026-07-01,114,2,518,Budget
2026-07-01,114,3,663,Current
2026-07-01,114,3,682,Budget
2026-07-01,114,4,706,Current
2026-07-01,114,4,727,Budget
2026-07-01,114,5,380,Current
2026-07-01,114,5,380,Budget
2026-07-01,114,6,453,Current
2026-07-01,114,6,467,Budget
2026-07-01,114,7,390,Current
2026-07-01,114,7,393,Budget
2026-07-01,114,8,474,Current
2026-07-01,114,8,474,Budget
2026-07-01,114,9,871,Current
2026-07-01,114,9,880,Budget
2026-07-01,114,10,698,Current
2026-07-01,114,10,705,Budget
2026-07-01,114,11,701,Current
2026-07-01,114,11,710,Budget
2026-07-01,114,12,598,Current
2026-07-01,114,12,605,Budget
2026-07-01,114,13,304,Current
2026-07-01,114,13,316,Budget
2026-07-01,114,14,509,Current
2026-07-01,114,14,501,Budget
2026-07-01,114,15,421,Current
2026-07-01,114,15,424,Budget
2026-07-01,115,1,995,Current
2026-07-01,115,1,993,Budget
2026-07-01,115,2,536,Current
2026-07-01,115,2,516,Budget
2026-07-01,115,3,663,Current
2026-07-01,115,3,641,Budget
2026-07-01,115,4,706,Current
2026-07-01,115,4,727,Budget
2026-07-01,115,5,380,Current
2026-07-01,115,5,368,Budget
2026-07-01,115,6,453,Current
2026-07-01,115,6,478,Budget
2026-07-01,115,7,390,Current
2026-07-01,115,7,388,Budget
2026-07-01,115,8,474,Current
2026-07-01,115,8,458,Budget
2026-07-01,115,9,871,Current
2026-07-01,115,9,875,Budget
2026-07-01,115,10,698,Current
2026-07-01,115,10,708,Budget
2026-07-01,115,11,701,Current
2026-07-01,115,11,713,Budget
2026-07-01,115,12,598,Current
2026-07-01,115,12,611,Budget
2026-07-01,115,13,304,Current
2026-07-01,115,13,316,Budget
2026-07-01,115,14,509,Current
2026-07-01,115,14,513,Budget
2026-07-01,115,15,421,Current
2026-07-01,115,15,427,Budget
2026-07-01,117,1,773,Current
2026-07-01,117,1,807,Budget
2026-07-01,117,2,416,Current
2026-07-01,117,2,436,Budget
2026-07-01,117,3,515,Current
2026-07-01,117,3,508,Budget
2026-07-01,117,4,548,Current
2026-07-01,117,4,529,Budget
2026-07-01,117,5,295,Current
2026-07-01,117,5,299,Budget
2026-07-01,117,6,352,Current
2026-07-01,117,6,345,Budget
2026-07-01,117,7,303,Current
2026-07-01,117,7,319,Budget
2026-07-01,117,8,368,Current
2026-07-01,117,8,363,Budget
2026-07-01,117,9,677,Current
2026-07-01,117,9,664,Budget
2026-07-01,117,10,542,Current
2026-07-01,117,10,524,Budget
2026-07-01,117,11,545,Current
2026-07-01,117,11,572,Budget
2026-07-01,117,12,464,Current
2026-07-01,117,12,470,Budget
2026-07-01,117,13,236,Current
2026-07-01,117,13,243,Budget
2026-07-01,117,14,395,Current
2026-07-01,117,14,413,Budget
2026-07-01,117,15,327,Current
2026-07-01,117,15,333,Budget
2026-07-01,118,1,773,Current
2026-07-01,118,1,816,Budget
2026-07-01,118,2,416,Current
2026-07-01,118,2,402,Budget
2026-07-01,118,3,515,Current
2026-07-01,118,3,518,Budget
2026-07-01,118,4,548,Current
2026-07-01,118,4,532,Budget
2026-07-01,118,5,295,Current
2026-07-01,118,5,292,Budget
2026-07-01,118,6,352,Current
2026-07-01,118,6,353,Budget
2026-07-01,118,7,303,Current
2026-07-01,118,7,313,Budget
2026-07-01,118,8,368,Current
2026-07-01,118,8,362,Budget
2026-07-01,118,9,677,Current
2026-07-01,118,9,683,Budget
2026-07-01,118,10,542,Current
2026-07-01,118,10,520,Budget
2026-07-01,118,11,545,Current
2026-07-01,118,11,534,Budget
2026-07-01,118,12,464,Current
2026-07-01,118,12,480,Budget
2026-07-01,118,13,236,Current
2026-07-01,118,13,228,Budget
2026-07-01,118,14,395,Current
2026-07-01,118,14,396,Budget
2026-07-01,118,15,327,Current
2026-07-01,118,15,331,Budget
2026-07-01,119,1,773,Current
2026-07-01,119,1,755,Budget
2026-07-01,119,2,416,Current
2026-07-01,119,2,400,Budget
2026-07-01,119,3,515,Current
2026-07-01,119,3,544,Budget
2026-07-01,119,4,548,Current
2026-07-01,119,4,537,Budget
2026-07-01,119,5,295,Current
2026-07-01,119,5,305,Budget
2026-07-01,119,6,352,Current
2026-07-01,119,6,352,Budget
2026-07-01,119,7,303,Current
2026-07-01,119,7,318,Budget
2026-07-01,119,8,368,Current
2026-07-01,119,8,362,Budget
2026-07-01,119,9,677,Current
2026-07-01,119,9,650,Budget
2026-07-01,119,10,542,Current
2026-07-01,119,10,527,Budget
2026-07-01,119,11,545,Current
2026-07-01,119,11,576,Budget
2026-07-01,119,12,464,Current
2026-07-01,119,12,483,Budget
2026-07-01,119,13,236,Current
2026-07-01,119,13,240,Budget
2026-07-01,119,14,395,Current
2026-07-01,119,14,400,Budget
2026-07-01,119,15,327,Current
2026-07-01,119,15,329,Budget
2026-07-01,120,1,773,Current
2026-07-01,120,1,753,Budget
2026-07-01,120,2,416,Current
2026-07-01,120,2,410,Budget
2026-07-01,120,3,515,Current
2026-07-01,120,3,542,Budget
2026-07-01,120,4,548,Current
2026-07-01,120,4,548,Budget
2026-07-01,120,5,295,Current
2026-07-01,120,5,311,Budget
2026-07-01,120,6,352,Current
2026-07-01,120,6,365,Budget
2026-07-01,120,7,303,Current
2026-07-01,120,7,298,Budget
2026-07-01,120,8,368,Current
2026-07-01,120,8,383,Budget
2026-07-01,120,9,677,Current
2026-07-01,120,9,683,Budget
2026-07-01,120,10,542,Current
2026-07-01,120,10,555,Budget
2026-07-01,120,11,545,Current
2026-07-01,120,11,544,Budget
2026-07-01,120,12,464,Current
2026-07-01,120,12,450,Budget
2026-07-01,120,13,236,Current
2026-07-01,120,13,229,Budget
2026-07-01,120,14,395,Current
2026-07-01,120,14,407,Budget
2026-07-01,120,15,327,Current
2026-07-01,120,15,331,Budget
2026-07-01,121,1,773,Current
2026-07-01,121,1,775,Budget
2026-07-01,121,2,416,Current
2026-07-01,121,2,410,Budget
2026-07-01,121,3,515,Current
2026-07-01,121,3,505,Budget
2026-07-01,121,4,548,Current
2026-07-01,121,4,576,Budget
2026-07-01,121,5,295,Current
2026-07-01,121,5,310,Budget
2026-07-01,121,6,352,Current
2026-07-01,121,6,364,Budget
2026-07-01,121,7,303,Current
2026-07-01,121,7,294,Budget
2026-07-01,121,8,368,Current
2026-07-01,121,8,388,Budget
2026-07-01,121,9,677,Current
2026-07-01,121,9,702,Budget
2026-07-01,121,10,542,Current
2026-07-01,121,10,539,Budget
2026-07-01,121,11,545,Current
2026-07-01,121,11,533,Budget
2026-07-01,121,12,464,Current
2026-07-01,121,12,467,Budget
2026-07-01,121,13,236,Current
2026-07-01,121,13,243,Budget
2026-07-01,121,14,395,Current
2026-07-01,121,14,395,Budget
2026-07-01,121,15,327,Current
2026-07-01,121,15,322,Budget
2026-07-01,122,1,773,Current
2026-07-01,122,1,775,Budget
2026-07-01,122,2,416,Current
2026-07-01,122,2,435,Budget
2026-07-01,122,3,515,Current
2026-07-01,122,3,517,Budget
2026-07-01,122,4,548,Current
2026-07-01,122,4,573,Budget
2026-07-01,122,5,295,Current
2026-07-01,122,5,294,Budget
2026-07-01,122,6,352,Current
2026-07-01,122,6,347,Budget
2026-07-01,122,7,303,Current
2026-07-01,122,7,299,Budget
2026-07-01,122,8,368,Current
2026-07-01,122,8,377,Budget
2026-07-01,122,9,677,Current
2026-07-01,122,9,706,Budget
2026-07-01,122,10,542,Current
2026-07-01,122,10,552,Budget
2026-07-01,122,11,545,Current
2026-07-01,122,11,558,Budget
2026-07-01,122,12,464,Current
2026-07-01,122,12,455,Budget
2026-07-01,122,13,236,Current
2026-07-01,122,13,237,Budget
2026-07-01,122,14,395,Current
2026-07-01,122,14,402,Budget
2026-07-01,122,15,327,Current
2026-07-01,122,15,329,Budget
2026-07-01,123,1,773,Current
2026-07-01,123,1,775,Budget
2026-07-01,123,2,416,Current
2026-07-01,123,2,414,Budget
2026-07-01,123,3,515,Current
2026-07-01,123,3,520,Budget
2026-07-01,123,4,548,Current
2026-07-01,123,4,530,Budget
2026-07-01,123,5,295,Current
2026-07-01,123,5,307,Budget
2026-07-01,123,6,352,Current
2026-07-01,123,6,363,Budget
2026-07-01,123,7,303,Current
2026-07-01,123,7,300,Budget
2026-07-01,123,8,368,Current
2026-07-01,123,8,374,Budget
2026-07-01,123,9,677,Current
2026-07-01,123,9,707,Budget
2026-07-01,123,10,542,Current
2026-07-01,123,10,544,Budget
2026-07-01,123,11,545,Current
2026-07-01,123,11,572,Budget
2026-07-01,123,12,464,Current
2026-07-01,123,12,449,Budget
2026-07-01,123,13,236,Current
2026-07-01,123,13,235,Budget
2026-07-01,123,14,395,Current
2026-07-01,123,14,412,Budget
2026-07-01,123,15,327,Current
2026-07-01,123,15,343,Budget
2026-07-01,125,1,578,Current
2026-07-01,125,1,602,Budget
2026-07-01,125,2,311,Current
2026-07-01,125,2,303,Budget
2026-07-01,125,3,385,Current
2026-07-01,125,3,396,Budget
2026-07-01,125,4,410,Current
2026-07-01,125,4,433,Budget
2026-07-01,125,5,221,Current
2026-07-01,125,5,234,Budget
2026-07-01,125,6,263,Current
2026-07-01,125,6,271,Budget
2026-07-01,125,7,227,Current
2026-07-01,125,7,232,Budget
2026-07-01,125,8,275,Current
2026-07-01,125,8,271,Budget
2026-07-01,125,9,506,Current
2026-07-01,125,9,535,Budget
2026-07-01,125,10,405,Current
2026-07-01,125,10,410,Budget
2026-07-01,125,11,407,Current
2026-07-01,125,11,401,Budget
2026-07-01,125,12,347,Current
2026-07-01,125,12,354,Budget
2026-07-01,125,13,176,Current
2026-07-01,125,13,181,Budget
2026-07-01,125,14,296,Current
2026-07-01,125,14,286,Budget
2026-07-01,125,15,244,Current
2026-07-01,125,15,253,Budget
2026-07-01,126,1,578,Current
2026-07-01,126,1,584,Budget
2026-07-01,126,2,311,Current
2026-07-01,126,2,316,Budget
2026-07-01,126,3,385,Current
2026-07-01,126,3,386,Budget
2026-07-01,126,4,410,Current
2026-07-01,126,4,423,Budget
2026-07-01,126,5,221,Current
2026-07-01,126,5,216,Budget
2026-07-01,126,6,263,Current
2026-07-01,126,6,253,Budget
2026-07-01,126,7,227,Current
2026-07-01,126,7,236,Budget
2026-07-01,126,8,275,Current
2026-07-01,126,8,266,Budget
2026-07-01,126,9,506,Current
2026-07-01,126,9,532,Budget
2026-07-01,126,10,405,Current
2026-07-01,126,10,392,Budget
2026-07-01,126,11,407,Current
2026-07-01,126,11,429,Budget
2026-07-01,126,12,347,Current
2026-07-01,126,12,334,Budget
2026-07-01,126,13,176,Current
2026-07-01,126,13,180,Budget
2026-07-01,126,14,296,Current
2026-07-01,126,14,291,Budget
2026-07-01,126,15,244,Current
2026-07-01,126,15,244,Budget
2026-07-01,127,1,578,Current
2026-07-01,127,1,585,Budget
2026-07-01,127,2,311,Current
2026-07-01,127,2,325,Budget
2026-07-01,127,3,385,Current
2026-07-01,127,3,381,Budget
2026-07-01,127,4,410,Current
2026-07-01,127,4,419,Budget
2026-07-01,127,5,221,Current
2026-07-01,127,5,226,Budget
2026-07-01,127,6,263,Current
2026-07-01,127,6,265,Budget
2026-07-01,127,7,227,Current
2026-07-01,127,7,223,Budget
2026-07-01,127,8,275,Current
2026-07-01,127,8,277,Budget
2026-07-01,127,9,506,Current
2026-07-01,127,9,500,Budget
2026-07-01,127,10,405,Current
2026-07-01,127,10,409,Budget
2026-07-01,127,11,407,Current
2026-07-01,127,11,398,Budget
2026-07-01,127,12,347,Current
2026-07-01,127,12,343,Budget
2026-07-01,127,13,176,Current
2026-07-01,127,13,177,Budget
2026-07-01,127,14,296,Current
2026-07-01,127,14,312,Budget
2026-07-01,127,15,244,Current
2026-07-01,127,15,248,Budget
2026-07-01,128,1,578,Current
2026-07-01,128,1,574,Budget
2026-07-01,128,2,311,Current
2026-07-01,128,2,325,Budget
2026-07-01,128,3,385,Current
2026-07-01,128,3,380,Budget
2026-07-01,128,4,410,Current
2026-07-01,128,4,425,Budget
2026-07-01,128,5,221,Current
2026-07-01,128,5,222,Budget
2026-07-01,128,6,263,Current
2026-07-01,128,6,259,Budget
2026-07-01,128,7,227,Current
2026-07-01,128,7,221,Budget
2026-07-01,128,8,275,Current
2026-07-01,128,8,277,Budget
2026-07-01,128,9,506,Current
2026-07-01,128,9,506,Budget
2026-07-01,128,10,405,Current
2026-07-01,128,10,399,Budget
2026-07-01,128,11,407,Current
2026-07-01,128,11,428,Budget
2026-07-01,128,12,347,Current
2026-07-01,128,12,339,Budget
2026-07-01,128,13,176,Current
2026-07-01,128,13,179,Budget
2026-07-01,128,14,296,Current
2026-07-01,128,14,298,Budget
2026-07-01,128,15,244,Current
2026-07-01,128,15,237,Budget
2026-07-01,129,1,578,Current
2026-07-01,129,1,560,Budget
2026-07-01,129,2,311,Current
2026-07-01,129,2,329,Budget
2026-07-01,129,3,385,Current
2026-07-01,129,3,392,Budget
2026-07-01,129,4,410,Current
2026-07-01,129,4,428,Budget
2026-07-01,129,5,221,Current
2026-07-01,129,5,218,Budget
2026-07-01,129,6,263,Current
2026-07-01,129,6,261,Budget
2026-07-01,129,7,227,Current
2026-07-01,129,7,233,Budget
2026-07-01,129,8,275,Current
2026-07-01,129,8,279,Budget
2026-07-01,129,9,506,Current
2026-07-01,129,9,515,Budget
2026-07-01,129,10,405,Current
2026-07-01,129,10,397,Budget
2026-07-01,129,11,407,Current
2026-07-01,129,11,425,Budget
2026-07-01,129,12,347,Current
2026-07-01,129,12,343,Budget
2026-07-01,129,13,176,Current
2026-07-01,129,13,170,Budget
2026-07-01,129,14,296,Current
2026-07-01,129,14,284,Budget
2026-07-01,129,15,244,Current
2026-07-01,129,15,238,Budget
2026-07-01,130,1,578,Current
2026-07-01,130,1,594,Budget
2026-07-01,130,2,311,Current
2026-07-01,130,2,328,Budget
2026-07-01,130,3,385,Current
2026-07-01,130,3,407,Budget
2026-07-01,130,4,410,Current
2026-07-01,130,4,432,Budget
2026-07-01,130,5,221,Current
2026-07-01,130,5,228,Budget
2026-07-01,130,6,263,Current
2026-07-01,130,6,260,Budget
2026-07-01,130,7,227,Current
2026-07-01,130,7,240,Budget
2026-07-01,130,8,275,Current
2026-07-01,130,8,290,Budget
2026-07-01,130,9,506,Current
2026-07-01,130,9,494,Budget
2026-07-01,130,10,405,Current
2026-07-01,130,10,390,Budget
2026-07-01,130,11,407,Current
2026-07-01,130,11,400,Budget
2026-07-01,130,12,347,Current
2026-07-01,130,12,367,Budget
2026-07-01,130,13,176,Current
2026-07-01,130,13,176,Budget
2026-07-01,130,14,296,Current
2026-07-01,130,14,285,Budget
2026-07-01,130,15,244,Current
2026-07-01,130,15,235,Budget
2026-07-01,131,1,578,Current
2026-07-01,131,1,601,Budget
2026-07-01,131,2,311,Current
2026-07-01,131,2,304,Budget
2026-07-01,131,3,385,Current
2026-07-01,131,3,375,Budget
2026-07-01,131,4,410,Current
2026-07-01,131,4,419,Budget
2026-07-01,131,5,221,Current
2026-07-01,131,5,225,Budget
2026-07-01,131,6,263,Current
2026-07-01,131,6,269,Budget
2026-07-01,131,7,227,Current
2026-07-01,131,7,227,Budget
2026-07-01,131,8,275,Current
2026-07-01,131,8,277,Budget
2026-07-01,131,9,506,Current
2026-07-01,131,9,502,Budget
2026-07-01,131,10,405,Current
2026-07-01,131,10,394,Budget
2026-07-01,131,11,407,Current
2026-07-01,131,11,416,Budget
2026-07-01,131,12,347,Current
2026-07-01,131,12,353,Budget
2026-07-01,131,13,176,Current
2026-07-01,131,13,173,Budget
2026-07-01,131,14,296,Current
2026-07-01,131,14,287,Budget
2026-07-01,131,15,244,Current
2026-07-01,131,15,246,Budget
2026-07-01,133,1,1294,Current
2026-07-01,133,1,1369,Budget
2026-07-01,133,2,696,Current
2026-07-01,133,2,710,Budget
2026-07-01,133,3,862,Current
2026-07-01,133,3,832,Budget
2026-07-01,133,4,917,Current
2026-07-01,133,4,926,Budget
2026-07-01,133,5,495,Current
2026-07-01,133,5,490,Budget
2026-07-01,133,6,589,Current
2026-07-01,133,6,572,Budget
2026-07-01,133,7,508,Current
2026-07-01,133,7,526,Budget
2026-07-01,133,8,617,Current
2026-07-01,133,8,639,Budget
2026-07-01,133,9,1133,Current
2026-07-01,133,9,1123,Budget
2026-07-01,133,10,907,Current
2026-07-01,133,10,887,Budget
2026-07-01,133,11,911,Current
2026-07-01,133,11,913,Budget
2026-07-01,133,12,777,Current
2026-07-01,133,12,769,Budget
2026-07-01,133,13,395,Current
2026-07-01,133,13,415,Budget
2026-07-01,133,14,662,Current
2026-07-01,133,14,687,Budget
2026-07-01,133,15,547,Current
2026-07-01,133,15,529,Budget
2026-07-01,134,1,1294,Current
2026-07-01,134,1,1311,Budget
2026-07-01,134,2,696,Current
2026-07-01,134,2,668,Budget
2026-07-01,134,3,862,Current
2026-07-01,134,3,848,Budget
2026-07-01,134,4,917,Current
2026-07-01,134,4,905,Budget
2026-07-01,134,5,495,Current
2026-07-01,134,5,498,Budget
2026-07-01,134,6,589,Current
2026-07-01,134,6,607,Budget
2026-07-01,134,7,508,Current
2026-07-01,134,7,509,Budget
2026-07-01,134,8,617,Current
2026-07-01,134,8,639,Budget
2026-07-01,134,9,1133,Current
2026-07-01,134,9,1156,Budget
2026-07-01,134,10,907,Current
2026-07-01,134,10,920,Budget
2026-07-01,134,11,911,Current
2026-07-01,134,11,899,Budget
2026-07-01,134,12,777,Current
2026-07-01,134,12,764,Budget
2026-07-01,134,13,395,Current
2026-07-01,134,13,382,Budget
2026-07-01,134,14,662,Current
2026-07-01,134,14,686,Budget
2026-07-01,134,15,547,Current
2026-07-01,134,15,547,Budget
2026-07-01,135,1,1294,Current
2026-07-01,135,1,1307,Budget
2026-07-01,135,2,696,Current
2026-07-01,135,2,668,Budget
2026-07-01,135,3,862,Current
2026-07-01,135,3,887,Budget
2026-07-01,135,4,917,Current
2026-07-01,135,4,896,Budget
2026-07-01,135,5,495,Current
2026-07-01,135,5,503,Budget
2026-07-01,135,6,589,Current
2026-07-01,135,6,568,Budget
2026-07-01,135,7,508,Current
2026-07-01,135,7,494,Budget
2026-07-01,135,8,617,Current
2026-07-01,135,8,617,Budget
2026-07-01,135,9,1133,Current
2026-07-01,135,9,1133,Budget
2026-07-01,135,10,907,Current
2026-07-01,135,10,899,Budget
2026-07-01,135,11,911,Current
2026-07-01,135,11,906,Budget
2026-07-01,135,12,777,Current
2026-07-01,135,12,776,Budget
2026-07-01,135,13,395,Current
2026-07-01,135,13,403,Budget
2026-07-01,135,14,662,Current
2026-07-01,135,14,700,Budget
2026-07-01,135,15,547,Current
2026-07-01,135,15,579,Budget
2026-07-01,136,1,1294,Current
2026-07-01,136,1,1322,Budget
2026-07-01,136,2,696,Current
2026-07-01,136,2,721,Budget
2026-07-01,136,3,862,Current
2026-07-01,136,3,869,Budget
2026-07-01,136,4,917,Current
2026-07-01,136,4,970,Budget
2026-07-01,136,5,495,Current
2026-07-01,136,5,516,Budget
2026-07-01,136,6,589,Current
2026-07-01,136,6,569,Budget
2026-07-01,136,7,508,Current
2026-07-01,136,7,538,Budget
2026-07-01,136,8,617,Current
2026-07-01,136,8,597,Budget
2026-07-01,136,9,1133,Current
2026-07-01,136,9,1129,Budget
2026-07-01,136,10,907,Current
2026-07-01,136,10,873,Budget
2026-07-01,136,11,911,Current
2026-07-01,136,11,928,Budget
2026-07-01,136,12,777,Current
2026-07-01,136,12,764,Budget
2026-07-01,136,13,395,Current
2026-07-01,136,13,397,Budget
2026-07-01,136,14,662,Current
2026-07-01,136,14,643,Budget
2026-07-01,136,15,547,Current
2026-07-01,136,15,530,Budget
2026-07-01,137,1,1294,Current
2026-07-01,137,1,1366,Budget
2026-07-01,137,2,696,Current
2026-07-01,137,2,734,Budget
2026-07-01,137,3,862,Current
2026-07-01,137,3,830,Budget
2026-07-01,137,4,917,Current
2026-07-01,137,4,957,Budget
2026-07-01,137,5,495,Current
2026-07-01,137,5,511,Budget
2026-07-01,137,6,589,Current
2026-07-01,137,6,580,Budget
2026-07-01,137,7,508,Current
2026-07-01,137,7,536,Budget
2026-07-01,137,8,617,Current
2026-07-01,137,8,624,Budget
2026-07-01,137,9,1133,Current
2026-07-01,137,9,1155,Budget
2026-07-01,137,10,907,Current
2026-07-01,137,10,883,Budget
2026-07-01,137,11,911,Current
2026-07-01,137,11,924,Budget
2026-07-01,137,12,777,Current
2026-07-01,137,12,811,Budget
2026-07-01,137,13,395,Current
2026-07-01,137,13,386,Budget
2026-07-01,137,14,662,Current
2026-07-01,137,14,644,Budget
2026-07-01,137,15,547,Current
2026-07-01,137,15,534,Budget
2026-07-01,138,1,1294,Current
2026-07-01,138,1,1273,Budget
2026-07-01,138,2,696,Current
2026-07-01,138,2,715,Budget
2026-07-01,138,3,862,Current
2026-07-01,138,3,891,Budget
2026-07-01,138,4,917,Current
2026-07-01,138,4,888,Budget
2026-07-01,138,5,495,Current
2026-07-01,138,5,503,Budget
2026-07-01,138,6,589,Current
2026-07-01,138,6,594,Budget
2026-07-01,138,7,508,Current
2026-07-01,138,7,533,Budget
2026-07-01,138,8,617,Current
2026-07-01,138,8,641,Budget
2026-07-01,138,9,1133,Current
2026-07-01,138,9,1094,Budget
2026-07-01,138,10,907,Current
2026-07-01,138,10,916,Budget
2026-07-01,138,11,911,Current
2026-07-01,138,11,895,Budget
2026-07-01,138,12,777,Current
2026-07-01,138,12,757,Budget
2026-07-01,138,13,395,Current
2026-07-01,138,13,386,Budget
2026-07-01,138,14,662,Current
2026-07-01,138,14,695,Budget
2026-07-01,138,15,547,Current
2026-07-01,138,15,560,Budget
2026-07-01,139,1,1294,Current
2026-07-01,139,1,1270,Budget
2026-07-01,139,2,696,Current
2026-07-01,139,2,735,Budget
2026-07-01,139,3,862,Current
2026-07-01,139,3,884,Budget
2026-07-01,139,4,917,Current
2026-07-01,139,4,916,Budget
2026-07-01,139,5,495,Current
2026-07-01,139,5,523,Budget
2026-07-01,139,6,589,Current
2026-07-01,139,6,603,Budget
2026-07-01,139,7,508,Current
2026-07-01,139,7,498,Budget
2026-07-01,139,8,617,Current
2026-07-01,139,8,616,Budget
2026-07-01,139,9,1133,Current
2026-07-01,139,9,1197,Budget
2026-07-01,139,10,907,Current
2026-07-01,139,10,924,Budget
2026-07-01,139,11,911,Current
2026-07-01,139,11,899,Budget
2026-07-01,139,12,777,Current
2026-07-01,139,12,757,Budget
2026-07-01,139,13,395,Current
2026-07-01,139,13,412,Budget
2026-07-01,139,14,662,Current
2026-07-01,139,14,647,Budget
2026-07-01,139,15,547,Current
2026-07-01,139,15,533,Budget
2026-08-01,101,1,1364,Current
2026-08-01,101,1,1433,Budget
2026-08-01,101,2,734,Current
2026-08-01,101,2,726,Budget
2026-08-01,101,3,909,Current
2026-08-01,101,3,916,Budget
2026-08-01,101,4,967,Current
2026-08-01,101,4,977,Budget
2026-08-01,101,5,522,Current
2026-08-01,101,5,514,Budget
2026-08-01,101,6,621,Current
2026-08-01,101,6,611,Budget
2026-08-01,101,7,535,Current
2026-08-01,101,7,530,Budget
2026-08-01,101,8,650,Current
2026-08-01,101,8,639,Budget
2026-08-01,101,9,1195,Current
2026-08-01,101,9,1223,Budget
2026-08-01,101,10,956,Current
2026-08-01,101,10,922,Budget
2026-08-01,101,11,961,Current
2026-08-01,101,11,1008,Budget
2026-08-01,101,12,820,Current
2026-08-01,101,12,843,Budget
2026-08-01,101,13,416,Current
2026-08-01,101,13,408,Budget
2026-08-01,101,14,698,Current
2026-08-01,101,14,680,Budget
2026-08-01,101,15,577,Current
2026-08-01,101,15,592,Budget
2026-08-01,102,1,1364,Current
2026-08-01,102,1,1354,Budget
2026-08-01,102,2,734,Current
2026-08-01,102,2,712,Budget
2026-08-01,102,3,909,Current
2026-08-01,102,3,932,Budget
2026-08-01,102,4,967,Current
2026-08-01,102,4,1018,Budget
2026-08-01,102,5,522,Current
2026-08-01,102,5,550,Budget
2026-08-01,102,6,621,Current
2026-08-01,102,6,629,Budget
2026-08-01,102,7,535,Current
2026-08-01,102,7,530,Budget
2026-08-01,102,8,650,Current
2026-08-01,102,8,642,Budget
2026-08-01,102,9,1195,Current
2026-08-01,102,9,1256,Budget
2026-08-01,102,10,956,Current
2026-08-01,102,10,996,Budget
2026-08-01,102,11,961,Current
2026-08-01,102,11,944,Budget
2026-08-01,102,12,820,Current
2026-08-01,102,12,838,Budget
2026-08-01,102,13,416,Current
2026-08-01,102,13,433,Budget
2026-08-01,102,14,698,Current
2026-08-01,102,14,726,Budget
2026-08-01,102,15,577,Current
2026-08-01,102,15,594,Budget
2026-08-01,103,1,1364,Current
2026-08-01,103,1,1409,Budget
2026-08-01,103,2,734,Current
2026-08-01,103,2,742,Budget
2026-08-01,103,3,909,Current
2026-08-01,103,3,880,Budget
2026-08-01,103,4,967,Current
2026-08-01,103,4,1000,Budget
2026-08-01,103,5,522,Current
2026-08-01,103,5,538,Budget
2026-08-01,103,6,621,Current
2026-08-01,103,6,654,Budget
2026-08-01,103,7,535,Current
2026-08-01,103,7,529,Budget
2026-08-01,103,8,650,Current
2026-08-01,103,8,683,Budget
2026-08-01,103,9,1195,Current
2026-08-01,103,9,1226,Budget
2026-08-01,103,10,956,Current
2026-08-01,103,10,945,Budget
2026-08-01,103,11,961,Current
2026-08-01,103,11,1001,Budget
2026-08-01,103,12,820,Current
2026-08-01,103,12,801,Budget
2026-08-01,103,13,416,Current
2026-08-01,103,13,418,Budget
2026-08-01,103,14,698,Current
2026-08-01,103,14,686,Budget
2026-08-01,103,15,577,Current
2026-08-01,103,15,601,Budget
2026-08-01,104,1,1364,Current
2026-08-01,104,1,1377,Budget
2026-08-01,104,2,734,Current
2026-08-01,104,2,716,Budget
2026-08-01,104,3,909,Current
2026-08-01,104,3,919,Budget
2026-08-01,104,4,967,Current
2026-08-01,104,4,977,Budget
2026-08-01,104,5,522,Current
2026-08-01,104,5,509,Budget
2026-08-01,104,6,621,Current
2026-08-01,104,6,643,Budget
2026-08-01,104,7,535,Current
2026-08-01,104,7,525,Budget
2026-08-01,104,8,650,Current
2026-08-01,104,8,656,Budget
2026-08-01,104,9,1195,Current
2026-08-01,104,9,1178,Budget
2026-08-01,104,10,956,Current
2026-08-01,104,10,970,Budget
2026-08-01,104,11,961,Current
2026-08-01,104,11,1001,Budget
2026-08-01,104,12,820,Current
2026-08-01,104,12,855,Budget
2026-08-01,104,13,416,Current
2026-08-01,104,13,425,Budget
2026-08-01,104,14,698,Current
2026-08-01,104,14,713,Budget
2026-08-01,104,15,577,Current
2026-08-01,104,15,577,Budget
2026-08-01,105,1,1364,Current
2026-08-01,105,1,1369,Budget
2026-08-01,105,2,734,Current
2026-08-01,105,2,732,Budget
2026-08-01,105,3,909,Current
2026-08-01,105,3,880,Budget
2026-08-01,105,4,967,Current
2026-08-01,105,4,1019,Budget
2026-08-01,105,5,522,Current
2026-08-01,105,5,519,Budget
2026-08-01,105,6,621,Current
2026-08-01,105,6,644,Budget
2026-08-01,105,7,535,Current
2026-08-01,105,7,545,Budget
2026-08-01,105,8,650,Current
2026-08-01,105,8,642,Budget
2026-08-01,105,9,1195,Current
2026-08-01,105,9,1235,Budget
2026-08-01,105,10,956,Current
2026-08-01,105,10,931,Budget
2026-08-01,105,11,961,Current
2026-08-01,105,11,1018,Budget
2026-08-01,105,12,820,Current
2026-08-01,105,12,861,Budget
2026-08-01,105,13,416,Current
2026-08-01,105,13,419,Budget
2026-08-01,105,14,698,Current
2026-08-01,105,14,686,Budget
2026-08-01,105,15,577,Current
2026-08-01,105,15,562,Budget
2026-08-01,106,1,1364,Current
2026-08-01,106,1,1386,Budget
2026-08-01,106,2,734,Current
2026-08-01,106,2,717,Budget
2026-08-01,106,3,909,Current
2026-08-01,106,3,894,Budget
2026-08-01,106,4,967,Current
2026-08-01,106,4,1023,Budget
2026-08-01,106,5,522,Current
2026-08-01,106,5,514,Budget
2026-08-01,106,6,621,Current
2026-08-01,106,6,609,Budget
2026-08-01,106,7,535,Current
2026-08-01,106,7,540,Budget
2026-08-01,106,8,650,Current
2026-08-01,106,8,647,Budget
2026-08-01,106,9,1195,Current
2026-08-01,106,9,1265,Budget
2026-08-01,106,10,956,Current
2026-08-01,106,10,961,Budget
2026-08-01,106,11,961,Current
2026-08-01,106,11,983,Budget
2026-08-01,106,12,820,Current
2026-08-01,106,12,855,Budget
2026-08-01,106,13,416,Current
2026-08-01,106,13,408,Budget
2026-08-01,106,14,698,Current
2026-08-01,106,14,708,Budget
2026-08-01,106,15,577,Current
2026-08-01,106,15,559,Budget
2026-08-01,107,1,1364,Current
2026-08-01,107,1,1442,Budget
2026-08-01,107,2,734,Current
2026-08-01,107,2,719,Budget
2026-08-01,107,3,909,Current
2026-08-01,107,3,955,Budget
2026-08-01,107,4,967,Current
2026-08-01,107,4,939,Budget
2026-08-01,107,5,522,Current
2026-08-01,107,5,549,Budget
2026-08-01,107,6,621,Current
2026-08-01,107,6,620,Budget
2026-08-01,107,7,535,Current
2026-08-01,107,7,525,Budget
2026-08-01,107,8,650,Current
2026-08-01,107,8,633,Budget
2026-08-01,107,9,1195,Current
2026-08-01,107,9,1257,Budget
2026-08-01,107,10,956,Current
2026-08-01,107,10,942,Budget
2026-08-01,107,11,961,Current
2026-08-01,107,11,1013,Budget
2026-08-01,107,12,820,Current
2026-08-01,107,12,844,Budget
2026-08-01,107,13,416,Current
2026-08-01,107,13,425,Budget
2026-08-01,107,14,698,Current
2026-08-01,107,14,701,Budget
2026-08-01,107,15,577,Current
2026-08-01,107,15,574,Budget
2026-08-01,109,1,995,Current
2026-08-01,109,1,999,Budget
2026-08-01,109,2,536,Current
2026-08-01,109,2,534,Budget
2026-08-01,109,3,663,Current
2026-08-01,109,3,644,Budget
2026-08-01,109,4,706,Current
2026-08-01,109,4,739,Budget
2026-08-01,109,5,380,Current
2026-08-01,109,5,368,Budget
2026-08-01,109,6,453,Current
2026-08-01,109,6,463,Budget
2026-08-01,109,7,390,Current
2026-08-01,109,7,378,Budget
2026-08-01,109,8,474,Current
2026-08-01,109,8,481,Budget
2026-08-01,109,9,871,Current
2026-08-01,109,9,915,Budget
2026-08-01,109,10,698,Current
2026-08-01,109,10,725,Budget
2026-08-01,109,11,701,Current
2026-08-01,109,11,689,Budget
2026-08-01,109,12,598,Current
2026-08-01,109,12,596,Budget
2026-08-01,109,13,304,Current
2026-08-01,109,13,297,Budget
2026-08-01,109,14,509,Current
2026-08-01,109,14,521,Budget
2026-08-01,109,15,421,Current
2026-08-01,109,15,438,Budget
2026-08-01,110,1,995,Current
2026-08-01,110,1,989,Budget
2026-08-01,110,2,536,Current
2026-08-01,110,2,521,Budget
2026-08-01,110,3,663,Current
2026-08-01,110,3,659,Budget
2026-08-01,110,4,706,Current
2026-08-01,110,4,717,Budget
2026-08-01,110,5,380,Current
2026-08-01,110,5,369,Budget
2026-08-01,110,6,453,Current
2026-08-01,110,6,470,Budget
2026-08-01,110,7,390,Current
2026-08-01,110,7,402,Budget
2026-08-01,110,8,474,Current
2026-08-01,110,8,467,Budget
2026-08-01,110,9,871,Current
2026-08-01,110,9,859,Budget
2026-08-01,110,10,698,Current
2026-08-01,110,10,676,Budget
2026-08-01,110,11,701,Current
2026-08-01,110,11,689,Budget
2026-08-01,110,12,598,Current
2026-08-01,110,12,586,Budget
2026-08-01,110,13,304,Current
2026-08-01,110,13,312,Budget
2026-08-01,110,14,509,Current
2026-08-01,110,14,490,Budget
2026-08-01,110,15,421,Current
2026-08-01,110,15,432,Budget
2026-08-01,111,1,995,Current
2026-08-01,111,1,1020,Budget
2026-08-01,111,2,536,Current
2026-08-01,111,2,522,Budget
2026-08-01,111,3,663,Current
2026-08-01,111,3,642,Budget
2026-08-01,111,4,706,Current
2026-08-01,111,4,744,Budget
2026-08-01,111,5,380,Current
2026-08-01,111,5,373,Budget
2026-08-01,111,6,453,Current
2026-08-01,111,6,472,Budget
2026-08-01,111,7,390,Current
2026-08-01,111,7,413,Budget
2026-08-01,111,8,474,Current
2026-08-01,111,8,495,Budget
2026-08-01,111,9,871,Current
2026-08-01,111,9,891,Budget
2026-08-01,111,10,698,Current
2026-08-01,111,10,724,Budget
2026-08-01,111,11,701,Current
2026-08-01,111,11,676,Budget
2026-08-01,111,12,598,Current
2026-08-01,111,12,622,Budget
2026-08-01,111,13,304,Current
2026-08-01,111,13,308,Budget
2026-08-01,111,14,509,Current
2026-08-01,111,14,521,Budget
2026-08-01,111,15,421,Current
2026-08-01,111,15,441,Budget
2026-08-01,112,1,995,Current
2026-08-01,112,1,1011,Budget
2026-08-01,112,2,536,Current
2026-08-01,112,2,555,Budget
2026-08-01,112,3,663,Current
2026-08-01,112,3,664,Budget
2026-08-01,112,4,706,Current
2026-08-01,112,4,694,Budget
2026-08-01,112,5,380,Current
2026-08-01,112,5,393,Budget
2026-08-01,112,6,453,Current
2026-08-01,112,6,436,Budget
2026-08-01,112,7,390,Current
2026-08-01,112,7,399,Budget
2026-08-01,112,8,474,Current
2026-08-01,112,8,475,Budget
2026-08-01,112,9,871,Current
2026-08-01,112,9,861,Budget
2026-08-01,112,10,698,Current
2026-08-01,112,10,737,Budget
2026-08-01,112,11,701,Current
2026-08-01,112,11,702,Budget
2026-08-01,112,12,598,Current
2026-08-01,112,12,588,Budget
2026-08-01,112,13,304,Current
2026-08-01,112,13,310,Budget
2026-08-01,112,14,509,Current
2026-08-01,112,14,520,Budget
2026-08-01,112,15,421,Current
2026-08-01,112,15,440,Budget
2026-08-01,113,1,995,Current
2026-08-01,113,1,986,Budget
2026-08-01,113,2,536,Current
2026-08-01,113,2,538,Budget
2026-08-01,113,3,663,Current
2026-08-01,113,3,699,Budget
2026-08-01,113,4,706,Current
2026-08-01,113,4,718,Budget
2026-08-01,113,5,380,Current
2026-08-01,113,5,389,Budget
2026-08-01,113,6,453,Current
2026-08-01,113,6,469,Budget
2026-08-01,113,7,390,Current
2026-08-01,113,7,397,Budget
2026-08-01,113,8,474,Current
2026-08-01,113,8,501,Budget
2026-08-01,113,9,871,Current
2026-08-01,113,9,844,Budget
2026-08-01,113,10,698,Current
2026-08-01,113,10,671,Budget
2026-08-01,113,11,701,Current
2026-08-01,113,11,716,Budget
2026-08-01,113,12,598,Current
2026-08-01,113,12,606,Budget
2026-08-01,113,13,304,Current
2026-08-01,113,13,310,Budget
2026-08-01,113,14,509,Current
2026-08-01,113,14,499,Budget
2026-08-01,113,15,421,Current
2026-08-01,113,15,440,Budget
2026-08-01,114,1,995,Current
2026-08-01,114,1,987,Budget
2026-08-01,114,2,536,Current
2026-08-01,114,2,558,Budget
2026-08-01,114,3,663,Current
2026-08-01,114,3,653,Budget
2026-08-01,114,4,706,Current
2026-08-01,114,4,744,Budget
2026-08-01,114,5,380,Current
2026-08-01,114,5,379,Budget
2026-08-01,114,6,453,Current
2026-08-01,114,6,441,Budget
2026-08-01,114,7,390,Current
2026-08-01,114,7,402,Budget
2026-08-01,114,8,474,Current
2026-08-01,114,8,484,Budget
2026-08-01,114,9,871,Current
2026-08-01,114,9,910,Budget
2026-08-01,114,10,698,Current
2026-08-01,114,10,722,Budget
2026-08-01,114,11,701,Current
2026-08-01,114,11,686,Budget
2026-08-01,114,12,598,Current
2026-08-01,114,12,615,Budget
2026-08-01,114,13,304,Current
2026-08-01,114,13,296,Budget
2026-08-01,114,14,509,Current
2026-08-01,114,14,524,Budget
2026-08-01,114,15,421,Current
2026-08-01,114,15,408,Budget
2026-08-01,115,1,995,Current
2026-08-01,115,1,979,Budget
2026-08-01,115,2,536,Current
2026-08-01,115,2,565,Budget
2026-08-01,115,3,663,Current
2026-08-01,115,3,637,Budget
2026-08-01,115,4,706,Current
2026-08-01,115,4,706,Budget
2026-08-01,115,5,380,Current
2026-08-01,115,5,377,Budget
2026-08-01,115,6,453,Current
2026-08-01,115,6,444,Budget
2026-08-01,115,7,390,Current
2026-08-01,115,7,381,Budget
2026-08-01,115,8,474,Current
2026-08-01,115,8,484,Budget
2026-08-01,115,9,871,Current
2026-08-01,115,9,919,Budget
2026-08-01,115,10,698,Current
2026-08-01,115,10,734,Budget
2026-08-01,115,11,701,Current
2026-08-01,115,11,741,Budget
2026-08-01,115,12,598,Current
2026-08-01,115,12,578,Budget
2026-08-01,115,13,304,Current
2026-08-01,115,13,295,Budget
2026-08-01,115,14,509,Current
2026-08-01,115,14,517,Budget
2026-08-01,115,15,421,Current
2026-08-01,115,15,420,Budget
2026-08-01,117,1,690,Current
2026-08-01,117,1,723,Budget
2026-08-01,117,2,372,Current
2026-08-01,117,2,386,Budget
2026-08-01,117,3,460,Current
2026-08-01,117,3,487,Budget
2026-08-01,117,4,489,Current
2026-08-01,117,4,486,Budget
2026-08-01,117,5,264,Current
2026-08-01,117,5,280,Budget
2026-08-01,117,6,314,Current
2026-08-01,117,6,314,Budget
2026-08-01,117,7,271,Current
2026-08-01,117,7,283,Budget
2026-08-01,117,8,329,Current
2026-08-01,117,8,341,Budget
2026-08-01,117,9,604,Current
2026-08-01,117,9,629,Budget
2026-08-01,117,10,484,Current
2026-08-01,117,10,509,Budget
2026-08-01,117,11,486,Current
2026-08-01,117,11,505,Budget
2026-08-01,117,12,415,Current
2026-08-01,117,12,424,Budget
2026-08-01,117,13,211,Current
2026-08-01,117,13,206,Budget
2026-08-01,117,14,353,Current
2026-08-01,117,14,361,Budget
2026-08-01,117,15,292,Current
2026-08-01,117,15,303,Budget
2026-08-01,118,1,690,Current
2026-08-01,118,1,726,Budget
2026-08-01,118,2,372,Current
2026-08-01,118,2,379,Budget
2026-08-01,118,3,460,Current
2026-08-01,118,3,467,Budget
2026-08-01,118,4,489,Current
2026-08-01,118,4,491,Budget
2026-08-01,118,5,264,Current
2026-08-01,118,5,254,Budget
2026-08-01,118,6,314,Current
2026-08-01,118,6,318,Budget
2026-08-01,118,7,271,Current
2026-08-01,118,7,260,Budget
2026-08-01,118,8,329,Current
2026-08-01,118,8,331,Budget
2026-08-01,118,9,604,Current
2026-08-01,118,9,592,Budget
2026-08-01,118,10,484,Current
2026-08-01,118,10,472,Budget
2026-08-01,118,11,486,Current
2026-08-01,118,11,469,Budget
2026-08-01,118,12,415,Current
2026-08-01,118,12,399,Budget
2026-08-01,118,13,211,Current
2026-08-01,118,13,214,Budget
2026-08-01,118,14,353,Current
2026-08-01,118,14,366,Budget
2026-08-01,118,15,292,Current
2026-08-01,118,15,296,Budget
2026-08-01,119,1,690,Current
2026-08-01,119,1,722,Budget
2026-08-01,119,2,372,Current
2026-08-01,119,2,382,Budget
2026-08-01,119,3,460,Current
2026-08-01,119,3,484,Budget
2026-08-01,119,4,489,Current
2026-08-01,119,4,473,Budget
2026-08-01,119,5,264,Current
2026-08-01,119,5,272,Budget
2026-08-01,119,6,314,Current
2026-08-01,119,6,310,Budget
2026-08-01,119,7,271,Current
2026-08-01,119,7,273,Budget
2026-08-01,119,8,329,Current
2026-08-01,119,8,320,Budget
2026-08-01,119,9,604,Current
2026-08-01,119,9,633,Budget
2026-08-01,119,10,484,Current
2026-08-01,119,10,466,Budget
2026-08-01,119,11,486,Current
2026-08-01,119,11,484,Budget
2026-08-01,119,12,415,Current
2026-08-01,119,12,422,Budget
2026-08-01,119,13,211,Current
2026-08-01,119,13,214,Budget
2026-08-01,119,14,353,Current
2026-08-01,119,14,362,Budget
2026-08-01,119,15,292,Current
2026-08-01,119,15,287,Budget
2026-08-01,120,1,690,Current
2026-08-01,120,1,715,Budget
2026-08-01,120,2,372,Current
2026-08-01,120,2,380,Budget
2026-08-01,120,3,460,Current
2026-08-01,120,3,442,Budget
2026-08-01,120,4,489,Current
2026-08-01,120,4,512,Budget
2026-08-01,120,5,264,Current
2026-08-01,120,5,273,Budget
2026-08-01,120,6,314,Current
2026-08-01,120,6,307,Budget
2026-08-01,120,7,271,Current
2026-08-01,120,7,284,Budget
2026-08-01,120,8,329,Current
2026-08-01,120,8,343,Budget
2026-08-01,120,9,604,Current
2026-08-01,120,9,594,Budget
2026-08-01,120,10,484,Current
2026-08-01,120,10,485,Budget
2026-08-01,120,11,486,Current
2026-08-01,120,11,488,Budget
2026-08-01,120,12,415,Current
2026-08-01,120,12,430,Budget
2026-08-01,120,13,211,Current
2026-08-01,120,13,203,Budget
2026-08-01,120,14,353,Current
2026-08-01,120,14,373,Budget
2026-08-01,120,15,292,Current
2026-08-01,120,15,307,Budget
2026-08-01,121,1,690,Current
2026-08-01,121,1,673,Budget
2026-08-01,121,2,372,Current
2026-08-01,121,2,394,Budget
2026-08-01,121,3,460,Current
2026-08-01,121,3,467,Budget
2026-08-01,121,4,489,Current
2026-08-01,121,4,500,Budget
2026-08-01,121,5,264,Current
2026-08-01,121,5,259,Budget
2026-08-01,121,6,314,Current
2026-08-01,121,6,318,Budget
2026-08-01,121,7,271,Current
2026-08-01,121,7,262,Budget
2026-08-01,121,8,329,Current
2026-08-01,121,8,344,Budget
2026-08-01,121,9,604,Current
2026-08-01,121,9,629,Budget
2026-08-01,121,10,484,Current
2026-08-01,121,10,469,Budget
2026-08-01,121,11,486,Current
2026-08-01,121,11,471,Budget
2026-08-01,121,12,415,Current
2026-08-01,121,12,413,Budget
2026-08-01,121,13,211,Current
2026-08-01,121,13,205,Budget
2026-08-01,121,14,353,Current
2026-08-01,121,14,371,Budget
2026-08-01,121,15,292,Current
2026-08-01,121,15,309,Budget
2026-08-01,122,1,690,Current
2026-08-01,122,1,721,Budget
2026-08-01,122,2,372,Current
2026-08-01,122,2,379,Budget
2026-08-01,122,3,460,Current
2026-08-01,122,3,479,Budget
2026-08-01,122,4,489,Current
2026-08-01,122,4,484,Budget
2026-08-01,122,5,264,Current
2026-08-01,122,5,266,Budget
2026-08-01,122,6,314,Current
2026-08-01,122,6,302,Budget
2026-08-01,122,7,271,Current
2026-08-01,122,7,286,Budget
2026-08-01,122,8,329,Current
2026-08-01,122,8,337,Budget
2026-08-01,122,9,604,Current
2026-08-01,122,9,622,Budget
2026-08-01,122,10,484,Current
2026-08-01,122,10,493,Budget
2026-08-01,122,11,486,Current
2026-08-01,122,11,499,Budget
2026-08-01,122,12,415,Current
2026-08-01,122,12,438,Budget
2026-08-01,122,13,211,Current
2026-08-01,122,13,220,Budget
2026-08-01,122,14,353,Current
2026-08-01,122,14,353,Budget
2026-08-01,122,15,292,Current
2026-08-01,122,15,307,Budget
2026-08-01,123,1,690,Current
2026-08-01,123,1,709,Budget
2026-08-01,123,2,372,Current
2026-08-01,123,2,366,Budget
2026-08-01,123,3,460,Current
2026-08-01,123,3,486,Budget
2026-08-01,123,4,489,Current
2026-08-01,123,4,472,Budget
2026-08-01,123,5,264,Current
2026-08-01,123,5,279,Budget
2026-08-01,123,6,314,Current
2026-08-01,123,6,312,Budget
2026-08-01,123,7,271,Current
2026-08-01,123,7,262,Budget
2026-08-01,123,8,329,Current
2026-08-01,123,8,340,Budget
2026-08-01,123,9,604,Current
2026-08-01,123,9,628,Budget
2026-08-01,123,10,484,Current
2026-08-01,123,10,499,Budget
2026-08-01,123,11,486,Current
2026-08-01,123,11,480,Budget
2026-08-01,123,12,415,Current
2026-08-01,123,12,404,Budget
2026-08-01,123,13,211,Current
2026-08-01,123,13,207,Budget
2026-08-01,123,14,353,Current
2026-08-01,123,14,350,Budget
2026-08-01,123,15,292,Current
2026-08-01,123,15,304,Budget
2026-08-01,125,1,578,Current
2026-08-01,125,1,564,Budget
2026-08-01,125,2,311,Current
2026-08-01,125,2,301,Budget
2026-08-01,125,3,385,Current
2026-08-01,125,3,404,Budget
2026-08-01,125,4,410,Current
2026-08-01,125,4,413,Budget
2026-08-01,125,5,221,Current
2026-08-01,125,5,228,Budget
2026-08-01,125,6,263,Current
2026-08-01,125,6,269,Budget
2026-08-01,125,7,227,Current
2026-08-01,125,7,226,Budget
2026-08-01,125,8,275,Current
2026-08-01,125,8,277,Budget
2026-08-01,125,9,506,Current
2026-08-01,125,9,505,Budget
2026-08-01,125,10,405,Current
2026-08-01,125,10,395,Budget
2026-08-01,125,11,407,Current
2026-08-01,125,11,400,Budget
2026-08-01,125,12,347,Current
2026-08-01,125,12,338,Budget
2026-08-01,125,13,176,Current
2026-08-01,125,13,183,Budget
2026-08-01,125,14,296,Current
2026-08-01,125,14,311,Budget
2026-08-01,125,15,244,Current
2026-08-01,125,15,243,Budget
2026-08-01,126,1,578,Current
2026-08-01,126,1,588,Budget
2026-08-01,126,2,311,Current
2026-08-01,126,2,307,Budget
2026-08-01,126,3,385,Current
2026-08-01,126,3,381,Budget
2026-08-01,126,4,410,Current
2026-08-01,126,4,430,Budget
2026-08-01,126,5,221,Current
2026-08-01,126,5,218,Budget
2026-08-01,126,6,263,Current
2026-08-01,126,6,258,Budget
2026-08-01,126,7,227,Current
2026-08-01,126,7,229,Budget
2026-08-01,126,8,275,Current
2026-08-01,126,8,289,Budget
2026-08-01,126,9,506,Current
2026-08-01,126,9,526,Budget
2026-08-01,126,10,405,Current
2026-08-01,126,10,416,Budget
2026-08-01,126,11,407,Current
2026-08-01,126,11,402,Budget
2026-08-01,126,12,347,Current
2026-08-01,126,12,353,Budget
2026-08-01,126,13,176,Current
2026-08-01,126,13,184,Budget
2026-08-01,126,14,296,Current
2026-08-01,126,14,314,Budget
2026-08-01,126,15,244,Current
2026-08-01,126,15,234,Budget
2026-08-01,127,1,578,Current
2026-08-01,127,1,612,Budget
2026-08-01,127,2,311,Current
2026-08-01,127,2,311,Budget
2026-08-01,127,3,385,Current
2026-08-01,127,3,386,Budget
2026-08-01,127,4,410,Current
2026-08-01,127,4,415,Budget
2026-08-01,127,5,221,Current
2026-08-01,127,5,233,Budget
2026-08-01,127,6,263,Current
2026-08-01,127,6,273,Budget
2026-08-01,127,7,227,Current
2026-08-01,127,7,234,Budget
2026-08-01,127,8,275,Current
2026-08-01,127,8,270,Budget
2026-08-01,127,9,506,Current
2026-08-01,127,9,487,Budget
2026-08-01,127,10,405,Current
2026-08-01,127,10,408,Budget
2026-08-01,127,11,407,Current
2026-08-01,127,11,410,Budget
2026-08-01,127,12,347,Current
2026-08-01,127,12,338,Budget
2026-08-01,127,13,176,Current
2026-08-01,127,13,185,Budget
2026-08-01,127,14,296,Current
2026-08-01,127,14,294,Budget
2026-08-01,127,15,244,Current
2026-08-01,127,15,243,Budget
2026-08-01,128,1,578,Current
2026-08-01,128,1,570,Budget
2026-08-01,128,2,311,Current
2026-08-01,128,2,306,Budget
2026-08-01,128,3,385,Current
2026-08-01,128,3,378,Budget
2026-08-01,128,4,410,Current
2026-08-01,128,4,398,Budget
2026-08-01,128,5,221,Current
2026-08-01,128,5,230,Budget
2026-08-01,128,6,263,Current
2026-08-01,128,6,255,Budget
2026-08-01,128,7,227,Current
2026-08-01,128,7,223,Budget
2026-08-01,128,8,275,Current
2026-08-01,128,8,278,Budget
2026-08-01,128,9,506,Current
2026-08-01,128,9,514,Budget
2026-08-01,128,10,405,Current
2026-08-01,128,10,393,Budget
2026-08-01,128,11,407,Current
2026-08-01,128,11,397,Budget
2026-08-01,128,12,347,Current
2026-08-01,128,12,344,Budget
2026-08-01,128,13,176,Current
2026-08-01,128,13,177,Budget
2026-08-01,128,14,296,Current
2026-08-01,128,14,300,Budget
2026-08-01,128,15,244,Current
2026-08-01,128,15,238,Budget
2026-08-01,129,1,578,Current
2026-08-01,129,1,594,Budget
2026-08-01,129,2,311,Current
2026-08-01,129,2,328,Budget
2026-08-01,129,3,385,Current
2026-08-01,129,3,379,Budget
2026-08-01,129,4,410,Current
2026-08-01,129,4,434,Budget
2026-08-01,129,5,221,Current
2026-08-01,129,5,231,Budget
2026-08-01,129,6,263,Current
2026-08-01,129,6,277,Budget
2026-08-01,129,7,227,Current
2026-08-01,129,7,226,Budget
2026-08-01,129,8,275,Current
2026-08-01,129,8,276,Budget
2026-08-01,129,9,506,Current
2026-08-01,129,9,497,Budget
2026-08-01,129,10,405,Current
2026-08-01,129,10,429,Budget
2026-08-01,129,11,407,Current
2026-08-01,129,11,396,Budget
2026-08-01,129,12,347,Current
2026-08-01,129,12,338,Budget
2026-08-01,129,13,176,Current
2026-08-01,129,13,183,Budget
2026-08-01,129,14,296,Current
2026-08-01,129,14,311,Budget
2026-08-01,129,15,244,Current
2026-08-01,129,15,237,Budget
2026-08-01,130,1,578,Current
2026-08-01,130,1,579,Budget
2026-08-01,130,2,311,Current
2026-08-01,130,2,301,Budget
2026-08-01,130,3,385,Current
2026-08-01,130,3,374,Budget
2026-08-01,130,4,410,Current
2026-08-01,130,4,420,Budget
2026-08-01,130,5,221,Current
2026-08-01,130,5,233,Budget
2026-08-01,130,6,263,Current
2026-08-01,130,6,256,Budget
2026-08-01,130,7,227,Current
2026-08-01,130,7,238,Budget
2026-08-01,130,8,275,Current
2026-08-01,130,8,274,Budget
2026-08-01,130,9,506,Current
2026-08-01,130,9,527,Budget
2026-08-01,130,10,405,Current
2026-08-01,130,10,421,Budget
2026-08-01,130,11,407,Current
2026-08-01,130,11,421,Budget
2026-08-01,130,12,347,Current
2026-08-01,130,12,349,Budget
2026-08-01,130,13,176,Current
2026-08-01,130,13,169,Budget
2026-08-01,130,14,296,Current
2026-08-01,130,14,307,Budget
2026-08-01,130,15,244,Current
2026-08-01,130,15,237,Budget
2026-08-01,131,1,578,Current
2026-08-01,131,1,592,Budget
2026-08-01,131,2,311,Current
2026-08-01,131,2,310,Budget
2026-08-01,131,3,385,Current
2026-08-01,131,3,374,Budget
2026-08-01,131,4,410,Current
2026-08-01,131,4,404,Budget
2026-08-01,131,5,221,Current
2026-08-01,131,5,219,Budget
2026-08-01,131,6,263,Current
2026-08-01,131,6,256,Budget
2026-08-01,131,7,227,Current
2026-08-01,131,7,230,Budget
2026-08-01,131,8,275,Current
2026-08-01,131,8,270,Budget
2026-08-01,131,9,506,Current
2026-08-01,131,9,517,Budget
2026-08-01,131,10,405,Current
2026-08-01,131,10,423,Budget
2026-08-01,131,11,407,Current
2026-08-01,131,11,429,Budget
2026-08-01,131,12,347,Current
2026-08-01,131,12,364,Budget
2026-08-01,131,13,176,Current
2026-08-01,131,13,181,Budget
2026-08-01,131,14,296,Current
2026-08-01,131,14,301,Budget
2026-08-01,131,15,244,Current
2026-08-01,131,15,240,Budget
2026-08-01,133,1,1252,Current
2026-08-01,133,1,1214,Budget
2026-08-01,133,2,674,Current
2026-08-01,133,2,688,Budget
2026-08-01,133,3,834,Current
2026-08-01,133,3,822,Budget
2026-08-01,133,4,888,Current
2026-08-01,133,4,891,Budget
2026-08-01,133,5,479,Current
2026-08-01,133,5,485,Budget
2026-08-01,133,6,570,Current
2026-08-01,133,6,591,Budget
2026-08-01,133,7,491,Current
2026-08-01,133,7,479,Budget
2026-08-01,133,8,597,Current
2026-08-01,133,8,623,Budget
2026-08-01,133,9,1096,Current
2026-08-01,133,9,1125,Budget
2026-08-01,133,10,878,Current
2026-08-01,133,10,907,Budget
2026-08-01,133,11,882,Current
2026-08-01,133,11,889,Budget
2026-08-01,133,12,752,Current
2026-08-01,133,12,778,Budget
2026-08-01,133,13,382,Current
2026-08-01,133,13,380,Budget
2026-08-01,133,14,640,Current
2026-08-01,133,14,655,Budget
2026-08-01,133,15,529,Current
2026-08-01,133,15,513,Budget
2026-08-01,134,1,1252,Current
2026-08-01,134,1,1305,Budget
2026-08-01,134,2,674,Current
2026-08-01,134,2,676,Budget
2026-08-01,134,3,834,Current
2026-08-01,134,3,880,Budget
2026-08-01,134,4,888,Current
2026-08-01,134,4,916,Budget
2026-08-01,134,5,479,Current
2026-08-01,134,5,480,Budget
2026-08-01,134,6,570,Current
2026-08-01,134,6,556,Budget
2026-08-01,134,7,491,Current
2026-08-01,134,7,495,Budget
2026-08-01,134,8,597,Current
2026-08-01,134,8,621,Budget
2026-08-01,134,9,1096,Current
2026-08-01,134,9,1127,Budget
2026-08-01,134,10,878,Current
2026-08-01,134,10,924,Budget
2026-08-01,134,11,882,Current
2026-08-01,134,11,934,Budget
2026-08-01,134,12,752,Current
2026-08-01,134,12,746,Budget
2026-08-01,134,13,382,Current
2026-08-01,134,13,393,Budget
2026-08-01,134,14,640,Current
2026-08-01,134,14,644,Budget
2026-08-01,134,15,529,Current
2026-08-01,134,15,530,Budget
2026-08-01,135,1,1252,Current
2026-08-01,135,1,1300,Budget
2026-08-01,135,2,674,Current
2026-08-01,135,2,685,Budget
2026-08-01,135,3,834,Current
2026-08-01,135,3,877,Budget
2026-08-01,135,4,888,Current
2026-08-01,135,4,885,Budget
2026-08-01,135,5,479,Current
2026-08-01,135,5,492,Budget
2026-08-01,135,6,570,Current
2026-08-01,135,6,584,Budget
2026-08-01,135,7,491,Current
2026-08-01,135,7,473,Budget
2026-08-01,135,8,597,Current
2026-08-01,135,8,606,Budget
2026-08-01,135,9,1096,Current
2026-08-01,135,9,1070,Budget
2026-08-01,135,10,878,Current
2026-08-01,135,10,917,Budget
2026-08-01,135,11,882,Current
2026-08-01,135,11,887,Budget
2026-08-01,135,12,752,Current
2026-08-01,135,12,744,Budget
2026-08-01,135,13,382,Current
2026-08-01,135,13,390,Budget
2026-08-01,135,14,640,Current
2026-08-01,135,14,663,Budget
2026-08-01,135,15,529,Current
2026-08-01,135,15,560,Budget
2026-08-01,136,1,1252,Current
2026-08-01,136,1,1270,Budget
2026-08-01,136,2,674,Current
2026-08-01,136,2,669,Budget
2026-08-01,136,3,834,Current
2026-08-01,136,3,825,Budget
2026-08-01,136,4,888,Current
2026-08-01,136,4,880,Budget
2026-08-01,136,5,479,Current
2026-08-01,136,5,478,Budget
2026-08-01,136,6,570,Current
2026-08-01,136,6,564,Budget
2026-08-01,136,7,491,Current
2026-08-01,136,7,511,Budget
2026-08-01,136,8,597,Current
2026-08-01,136,8,613,Budget
2026-08-01,136,9,1096,Current
2026-08-01,136,9,1161,Budget
2026-08-01,136,10,878,Current
2026-08-01,136,10,846,Budget
2026-08-01,136,11,882,Current
2026-08-01,136,11,856,Budget
2026-08-01,136,12,752,Current
2026-08-01,136,12,759,Budget
2026-08-01,136,13,382,Current
2026-08-01,136,13,381,Budget
2026-08-01,136,14,640,Current
2026-08-01,136,14,630,Budget
2026-08-01,136,15,529,Current
2026-08-01,136,15,557,Budget
2026-08-01,137,1,1252,Current
2026-08-01,137,1,1310,Budget
2026-08-01,137,2,674,Current
2026-08-01,137,2,712,Budget
2026-08-01,137,3,834,Current
2026-08-01,137,3,862,Budget
2026-08-01,137,4,888,Current
2026-08-01,137,4,899,Budget
2026-08-01,137,5,479,Current
2026-08-01,137,5,471,Budget
2026-08-01,137,6,570,Current
2026-08-01,137,6,555,Budget
2026-08-01,137,7,491,Current
2026-08-01,137,7,484,Budget
2026-08-01,137,8,597,Current
2026-08-01,137,8,625,Budget
2026-08-01,137,9,1096,Current
2026-08-01,137,9,1057,Budget
2026-08-01,137,10,878,Current
2026-08-01,137,10,868,Budget
2026-08-01,137,11,882,Current
2026-08-01,137,11,913,Budget
2026-08-01,137,12,752,Current
2026-08-01,137,12,739,Budget
2026-08-01,137,13,382,Current
2026-08-01,137,13,400,Budget
2026-08-01,137,14,640,Current
2026-08-01,137,14,625,Budget
2026-08-01,137,15,529,Current
2026-08-01,137,15,543,Budget
2026-08-01,138,1,1252,Current
2026-08-01,138,1,1282,Budget
2026-08-01,138,2,674,Current
2026-08-01,138,2,713,Budget
2026-08-01,138,3,834,Current
2026-08-01,138,3,868,Budget
2026-08-01,138,4,888,Current
2026-08-01,138,4,926,Budget
2026-08-01,138,5,479,Current
2026-08-01,138,5,466,Budget
2026-08-01,138,6,570,Current
2026-08-01,138,6,593,Budget
2026-08-01,138,7,491,Current
2026-08-01,138,7,494,Budget
2026-08-01,138,8,597,Current
2026-08-01,138,8,606,Budget
2026-08-01,138,9,1096,Current
2026-08-01,138,9,1149,Budget
2026-08-01,138,10,878,Current
2026-08-01,138,10,914,Budget
2026-08-01,138,11,882,Current
2026-08-01,138,11,851,Budget
2026-08-01,138,12,752,Current
2026-08-01,138,12,776,Budget
2026-08-01,138,13,382,Current
2026-08-01,138,13,369,Budget
2026-08-01,138,14,640,Current
2026-08-01,138,14,617,Budget
2026-08-01,138,15,529,Current
2026-08-01,138,15,518,Budget
2026-08-01,139,1,1252,Current
2026-08-01,139,1,1208,Budget
2026-08-01,139,2,674,Current
2026-08-01,139,2,700,Budget
2026-08-01,139,3,834,Current
2026-08-01,139,3,839,Budget
2026-08-01,139,4,888,Current
2026-08-01,139,4,927,Budget
2026-08-01,139,5,479,Current
2026-08-01,139,5,494,Budget
2026-08-01,139,6,570,Current
2026-08-01,139,6,583,Budget
2026-08-01,139,7,491,Current
2026-08-01,139,7,478,Budget
2026-08-01,139,8,597,Current
2026-08-01,139,8,578,Budget
2026-08-01,139,9,1096,Current
2026-08-01,139,9,1092,Budget
2026-08-01,139,10,878,Current
2026-08-01,139,10,860,Budget
2026-08-01,139,11,882,Current
2026-08-01,139,11,868,Budget
2026-08-01,139,12,752,Current
2026-08-01,139,12,763,Budget
2026-08-01,139,13,382,Current
2026-08-01,139,13,369,Budget
2026-08-01,139,14,640,Current
2026-08-01,139,14,651,Budget
2026-08-01,139,15,529,Current
2026-08-01,139,15,526,Budget
2026-09-01,101,1,1364,Current
2026-09-01,101,1,1356,Budget
2026-09-01,101,2,734,Current
2026-09-01,101,2,773,Budget
2026-09-01,101,3,909,Current
2026-09-01,101,3,912,Budget
2026-09-01,101,4,967,Current
2026-09-01,101,4,944,Budget
2026-09-01,101,5,522,Current
2026-09-01,101,5,508,Budget
2026-09-01,101,6,621,Current
2026-09-01,101,6,604,Budget
2026-09-01,101,7,535,Current
2026-09-01,101,7,534,Budget
2026-09-01,101,8,650,Current
2026-09-01,101,8,629,Budget
2026-09-01,101,9,1195,Current
2026-09-01,101,9,1211,Budget
2026-09-01,101,10,956,Current
2026-09-01,101,10,945,Budget
2026-09-01,101,11,961,Current
2026-09-01,101,11,994,Budget
2026-09-01,101,12,820,Current
2026-09-01,101,12,792,Budget
2026-09-01,101,13,416,Current
2026-09-01,101,13,416,Budget
2026-09-01,101,14,698,Current
2026-09-01,101,14,732,Budget
2026-09-01,101,15,577,Current
2026-09-01,101,15,576,Budget
2026-09-01,102,1,1364,Current
2026-09-01,102,1,1406,Budget
2026-09-01,102,2,734,Current
2026-09-01,102,2,736,Budget
2026-09-01,102,3,909,Current
2026-09-01,102,3,930,Budget
2026-09-01,102,4,967,Current
2026-09-01,102,4,1005,Budget
2026-09-01,102,5,522,Current
2026-09-01,102,5,551,Budget
2026-09-01,102,6,621,Current
2026-09-01,102,6,637,Budget
2026-09-01,102,7,535,Current
2026-09-01,102,7,566,Budget
2026-09-01,102,8,650,Current
2026-09-01,102,8,670,Budget
2026-09-01,102,9,1195,Current
2026-09-01,102,9,1186,Budget
2026-09-01,102,10,956,Current
2026-09-01,102,10,956,Budget
2026-09-01,102,11,961,Current
2026-09-01,102,11,931,Budget
2026-09-01,102,12,820,Current
2026-09-01,102,12,869,Budget
2026-09-01,102,13,416,Current
2026-09-01,102,13,413,Budget
2026-09-01,102,14,698,Current
2026-09-01,102,14,731,Budget
2026-09-01,102,15,577,Current
2026-09-01,102,15,607,Budget
2026-09-01,103,1,1364,Current
2026-09-01,103,1,1424,Budget
2026-09-01,103,2,734,Current
2026-09-01,103,2,740,Budget
2026-09-01,103,3,909,Current
2026-09-01,103,3,897,Budget
2026-09-01,103,4,967,Current
2026-09-01,103,4,1004,Budget
2026-09-01,103,5,522,Current
2026-09-01,103,5,504,Budget
2026-09-01,103,6,621,Current
2026-09-01,103,6,615,Budget
2026-09-01,103,7,535,Current
2026-09-01,103,7,533,Budget
2026-09-01,103,8,650,Current
2026-09-01,103,8,639,Budget
2026-09-01,103,9,1195,Current
2026-09-01,103,9,1201,Budget
2026-09-01,103,10,956,Current
2026-09-01,103,10,1008,Budget
2026-09-01,103,11,961,Current
2026-09-01,103,11,995,Budget
2026-09-01,103,12,820,Current
2026-09-01,103,12,828,Budget
2026-09-01,103,13,416,Current
2026-09-01,103,13,402,Budget
2026-09-01,103,14,698,Current
2026-09-01,103,14,672,Budget
2026-09-01,103,15,577,Current
2026-09-01,103,15,587,Budget
2026-09-01,104,1,1364,Current
2026-09-01,104,1,1356,Budget
2026-09-01,104,2,734,Current
2026-09-01,104,2,772,Budget
2026-09-01,104,3,909,Current
2026-09-01,104,3,878,Budget
2026-09-01,104,4,967,Current
2026-09-01,104,4,990,Budget
2026-09-01,104,5,522,Current
2026-09-01,104,5,512,Budget
2026-09-01,104,6,621,Current
2026-09-01,104,6,617,Budget
2026-09-01,104,7,535,Current
2026-09-01,104,7,539,Budget
2026-09-01,104,8,650,Current
2026-09-01,104,8,640,Budget
2026-09-01,104,9,1195,Current
2026-09-01,104,9,1172,Budget
2026-09-01,104,10,956,Current
2026-09-01,104,10,1000,Budget
2026-09-01,104,11,961,Current
2026-09-01,104,11,934,Budget
2026-09-01,104,12,820,Current
2026-09-01,104,12,803,Budget
2026-09-01,104,13,416,Current
2026-09-01,104,13,413,Budget
2026-09-01,104,14,698,Current
2026-09-01,104,14,691,Budget
2026-09-01,104,15,577,Current
2026-09-01,104,15,591,Budget
2026-09-01,105,1,1364,Current
2026-09-01,105,1,1336,Budget
2026-09-01,105,2,734,Current
2026-09-01,105,2,774,Budget
2026-09-01,105,3,909,Current
2026-09-01,105,3,892,Budget
2026-09-01,105,4,967,Current
2026-09-01,105,4,933,Budget
2026-09-01,105,5,522,Current
2026-09-01,105,5,522,Budget
2026-09-01,105,6,621,Current
2026-09-01,105,6,597,Budget
2026-09-01,105,7,535,Current
2026-09-01,105,7,540,Budget
2026-09-01,105,8,650,Current
2026-09-01,105,8,651,Budget
2026-09-01,105,9,1195,Current
2026-09-01,105,9,1163,Budget
2026-09-01,105,10,956,Current
2026-09-01,105,10,995,Budget
2026-09-01,105,11,961,Current
2026-09-01,105,11,983,Budget
2026-09-01,105,12,820,Current
2026-09-01,105,12,790,Budget
2026-09-01,105,13,416,Current
2026-09-01,105,13,410,Budget
2026-09-01,105,14,698,Current
2026-09-01,105,14,687,Budget
2026-09-01,105,15,577,Current
2026-09-01,105,15,577,Budget
2026-09-01,106,1,1364,Current
2026-09-01,106,1,1422,Budget
2026-09-01,106,2,734,Current
2026-09-01,106,2,708,Budget
2026-09-01,106,3,909,Current
2026-09-01,106,3,881,Budget
2026-09-01,106,4,967,Current
2026-09-01,106,4,1009,Budget
2026-09-01,106,5,522,Current
2026-09-01,106,5,535,Budget
2026-09-01,106,6,621,Current
2026-09-01,106,6,623,Budget
2026-09-01,106,7,535,Current
2026-09-01,106,7,538,Budget
2026-09-01,106,8,650,Current
2026-09-01,106,8,663,Budget
2026-09-01,106,9,1195,Current
2026-09-01,106,9,1179,Budget
2026-09-01,106,10,956,Current
2026-09-01,106,10,955,Budget
2026-09-01,106,11,961,Current
2026-09-01,106,11,964,Budget
2026-09-01,106,12,820,Current
2026-09-01,106,12,791,Budget
2026-09-01,106,13,416,Current
2026-09-01,106,13,413,Budget
2026-09-01,106,14,698,Current
2026-09-01,106,14,723,Budget
2026-09-01,106,15,577,Current
2026-09-01,106,15,597,Budget
2026-09-01,107,1,1364,Current
2026-09-01,107,1,1389,Budget
2026-09-01,107,2,734,Current
2026-09-01,107,2,725,Budget
2026-09-01,107,3,909,Current
2026-09-01,107,3,962,Budget
2026-09-01,107,4,967,Current
2026-09-01,107,4,1023,Budget
2026-09-01,107,5,522,Current
2026-09-01,107,5,515,Budget
2026-09-01,107,6,621,Current
2026-09-01,107,6,640,Budget
2026-09-01,107,7,535,Current
2026-09-01,107,7,517,Budget
2026-09-01,107,8,650,Current
2026-09-01,107,8,666,Budget
2026-09-01,107,9,1195,Current
2026-09-01,107,9,1157,Budget
2026-09-01,107,10,956,Current
2026-09-01,107,10,977,Budget
2026-09-01,107,11,961,Current
2026-09-01,107,11,941,Budget
2026-09-01,107,12,820,Current
2026-09-01,107,12,833,Budget
2026-09-01,107,13,416,Current
2026-09-01,107,13,425,Budget
2026-09-01,107,14,698,Current
2026-09-01,107,14,709,Budget
2026-09-01,107,15,577,Current
2026-09-01,107,15,563,Budget
2026-09-01,109,1,995,Current
2026-09-01,109,1,1020,Budget
2026-09-01,109,2,536,Current
2026-09-01,109,2,522,Budget
2026-09-01,109,3,663,Current
2026-09-01,109,3,658,Budget
2026-09-01,109,4,706,Current
2026-09-01,109,4,743,Budget
2026-09-01,109,5,380,Current
2026-09-01,109,5,382,Budget
2026-09-01,109,6,453,Current
2026-09-01,109,6,449,Budget
2026-09-01,109,7,390,Current
2026-09-01,109,7,405,Budget
2026-09-01,109,8,474,Current
2026-09-01,109,8,484,Budget
2026-09-01,109,9,871,Current
2026-09-01,109,9,859,Budget
2026-09-01,109,10,698,Current
2026-09-01,109,10,694,Budget
2026-09-01,109,11,701,Current
2026-09-01,109,11,717,Budget
2026-09-01,109,12,598,Current
2026-09-01,109,12,625,Budget
2026-09-01,109,13,304,Current
2026-09-01,109,13,308,Budget
2026-09-01,109,14,509,Current
2026-09-01,109,14,537,Budget
2026-09-01,109,15,421,Current
2026-09-01,109,15,406,Budget
2026-09-01,110,1,995,Current
2026-09-01,110,1,993,Budget
2026-09-01,110,2,536,Current
2026-09-01,110,2,527,Budget
2026-09-01,110,3,663,Current
2026-09-01,110,3,652,Budget
2026-09-01,110,4,706,Current
2026-09-01,110,4,679,Budget
2026-09-01,110,5,380,Current
2026-09-01,110,5,389,Budget
2026-09-01,110,6,453,Current
2026-09-01,110,6,467,Budget
2026-09-01,110,7,390,Current
2026-09-01,110,7,389,Budget
2026-09-01,110,8,474,Current
2026-09-01,110,8,501,Budget
2026-09-01,110,9,871,Current
2026-09-01,110,9,915,Budget
2026-09-01,110,10,698,Current
2026-09-01,110,10,710,Budget
2026-09-01,110,11,701,Current
2026-09-01,110,11,682,Budget
2026-09-01,110,12,598,Current
2026-09-01,110,12,630,Budget
2026-09-01,110,13,304,Current
2026-09-01,110,13,318,Budget
2026-09-01,110,14,509,Current
2026-09-01,110,14,501,Budget
2026-09-01,110,15,421,Current
2026-09-01,110,15,413,Budget
2026-09-01,111,1,995,Current
2026-09-01,111,1,987,Budget
2026-09-01,111,2,536,Current
2026-09-01,111,2,557,Budget
2026-09-01,111,3,663,Current
2026-09-01,111,3,672,Budget
2026-09-01,111,4,706,Current
2026-09-01,111,4,697,Budget
2026-09-01,111,5,380,Current
2026-09-01,111,5,373,Budget
2026-09-01,111,6,453,Current
2026-09-01,111,6,443,Budget
2026-09-01,111,7,390,Current
2026-09-01,111,7,404,Budget
2026-09-01,111,8,474,Current
2026-09-01,111,8,467,Budget
2026-09-01,111,9,871,Current
2026-09-01,111,9,859,Budget
2026-09-01,111,10,698,Current
2026-09-01,111,10,696,Budget
2026-09-01,111,11,701,Current
2026-09-01,111,11,709,Budget
2026-09-01,111,12,598,Current
2026-09-01,111,12,598,Budget
2026-09-01,111,13,304,Current
2026-09-01,111,13,310,Budget
2026-09-01,111,14,509,Current
2026-09-01,111,14,503,Budget
2026-09-01,111,15,421,Current
2026-09-01,111,15,442,Budget
2026-09-01,112,1,995,Current
2026-09-01,112,1,1034,Budget
2026-09-01,112,2,536,Current
2026-09-01,112,2,561,Budget
2026-09-01,112,3,663,Current
2026-09-01,112,3,679,Budget
2026-09-01,112,4,706,Current
2026-09-01,112,4,707,Budget
2026-09-01,112,5,380,Current
2026-09-01,112,5,369,Budget
2026-09-01,112,6,453,Current
2026-09-01,112,6,479,Budget
2026-09-01,112,7,390,Current
2026-09-01,112,7,398,Budget
2026-09-01,112,8,474,Current
2026-09-01,112,8,472,Budget
2026-09-01,112,9,871,Current
2026-09-01,112,9,877,Budget
2026-09-01,112,10,698,Current
2026-09-01,112,10,716,Budget
2026-09-01,112,11,701,Current
2026-09-01,112,11,674,Budget
2026-09-01,112,12,598,Current
2026-09-01,112,12,603,Budget
2026-09-01,112,13,304,Current
2026-09-01,112,13,317,Budget
2026-09-01,112,14,509,Current
2026-09-01,112,14,501,Budget
2026-09-01,112,15,421,Current
2026-09-01,112,15,408,Budget
2026-09-01,113,1,995,Current
2026-09-01,113,1,1020,Budget
2026-09-01,113,2,536,Current
2026-09-01,113,2,562,Budget
2026-09-01,113,3,663,Current
2026-09-01,113,3,701,Budget
2026-09-01,113,4,706,Current
2026-09-01,113,4,680,Budget
2026-09-01,113,5,380,Current
2026-09-01,113,5,365,Budget
2026-09-01,113,6,453,Current
2026-09-01,113,6,468,Budget
2026-09-01,113,7,390,Current
2026-09-01,113,7,396,Budget
2026-09-01,113,8,474,Current
2026-09-01,113,8,502,Budget
2026-09-01,113,9,871,Current
2026-09-01,113,9,848,Budget
2026-09-01,113,10,698,Current
2026-09-01,113,10,701,Budget
2026-09-01,113,11,701,Current
2026-09-01,113,11,677,Budget
2026-09-01,113,12,598,Current
2026-09-01,113,12,576,Budget
2026-09-01,113,13,304,Current
2026-09-01,113,13,313,Budget
2026-09-01,113,14,509,Current
2026-09-01,113,14,516,Budget
2026-09-01,113,15,421,Current
2026-09-01,113,15,411,Budget
2026-09-01,114,1,995,Current
2026-09-01,114,1,970,Budget
2026-09-01,114,2,536,Current
2026-09-01,114,2,563,Budget
2026-09-01,114,3,663,Current
2026-09-01,114,3,675,Budget
2026-09-01,114,4,706,Current
2026-09-01,114,4,727,Budget
2026-09-01,114,5,380,Current
2026-09-01,114,5,367,Budget
2026-09-01,114,6,453,Current
2026-09-01,114,6,456,Budget
2026-09-01,114,7,390,Current
2026-09-01,114,7,413,Budget
2026-09-01,114,8,474,Current
2026-09-01,114,8,478,Budget
2026-09-01,114,9,871,Current
2026-09-01,114,9,889,Budget
2026-09-01,114,10,698,Current
2026-09-01,114,10,727,Budget
2026-09-01,114,11,701,Current
2026-09-01,114,11,675,Budget
2026-09-01,114,12,598,Current
2026-09-01,114,12,621,Budget
2026-09-01,114,13,304,Current
2026-09-01,114,13,292,Budget
2026-09-01,114,14,509,Current
2026-09-01,114,14,523,Budget
2026-09-01,114,15,421,Current
2026-09-01,114,15,405,Budget
2026-09-01,115,1,995,Current
2026-09-01,115,1,1039,Budget
2026-09-01,115,2,536,Current
2026-09-01,115,2,551,Budget
2026-09-01,115,3,663,Current
2026-09-01,115,3,686,Budget
2026-09-01,115,4,706,Current
2026-09-01,115,4,722,Budget
2026-09-01,115,5,380,Current
2026-09-01,115,5,400,Budget
2026-09-01,115,6,453,Current
2026-09-01,115,6,469,Budget
2026-09-01,115,7,390,Current
2026-09-01,115,7,391,Budget
2026-09-01,115,8,474,Current
2026-09-01,115,8,493,Budget
2026-09-01,115,9,871,Current
2026-09-01,115,9,875,Budget
2026-09-01,115,10,698,Current
2026-09-01,115,10,716,Budget
2026-09-01,115,11,701,Current
2026-09-01,115,11,721,Budget
2026-09-01,115,12,598,Current
2026-09-01,115,12,599,Budget
2026-09-01,115,13,304,Current
2026-09-01,115,13,293,Budget
2026-09-01,115,14,509,Current
2026-09-01,115,14,509,Budget
2026-09-01,115,15,421,Current
2026-09-01,115,15,421,Budget
2026-09-01,117,1,690,Current
2026-09-01,117,1,672,Budget
2026-09-01,117,2,372,Current
2026-09-01,117,2,373,Budget
2026-09-01,117,3,460,Current
2026-09-01,117,3,448,Budget
2026-09-01,117,4,489,Current
2026-09-01,117,4,490,Budget
2026-09-01,117,5,264,Current
2026-09-01,117,5,269,Budget
2026-09-01,117,6,314,Current
2026-09-01,117,6,303,Budget
2026-09-01,117,7,271,Current
2026-09-01,117,7,283,Budget
2026-09-01,117,8,329,Current
2026-09-01,117,8,318,Budget
2026-09-01,117,9,604,Current
2026-09-01,117,9,628,Budget
2026-09-01,117,10,484,Current
2026-09-01,117,10,506,Budget
2026-09-01,117,11,486,Current
2026-09-01,117,11,491,Budget
2026-09-01,117,12,415,Current
2026-09-01,117,12,425,Budget
2026-09-01,117,13,211,Current
2026-09-01,117,13,206,Budget
2026-09-01,117,14,353,Current
2026-09-01,117,14,371,Budget
2026-09-01,117,15,292,Current
2026-09-01,117,15,303,Budget
2026-09-01,118,1,690,Current
2026-09-01,118,1,719,Budget
2026-09-01,118,2,372,Current
2026-09-01,118,2,367,Budget
2026-09-01,118,3,460,Current
2026-09-01,118,3,484,Budget
2026-09-01,118,4,489,Current
2026-09-01,118,4,509,Budget
2026-09-01,118,5,264,Current
2026-09-01,118,5,278,Budget
2026-09-01,118,6,314,Current
2026-09-01,118,6,322,Budget
2026-09-01,118,7,271,Current
2026-09-01,118,7,274,Budget
2026-09-01,118,8,329,Current
2026-09-01,118,8,328,Budget
2026-09-01,118,9,604,Current
2026-09-01,118,9,609,Budget
2026-09-01,118,10,484,Current
2026-09-01,118,10,481,Budget
2026-09-01,118,11,486,Current
2026-09-01,118,11,473,Budget
2026-09-01,118,12,415,Current
2026-09-01,118,12,416,Budget
2026-09-01,118,13,211,Current
2026-09-01,118,13,214,Budget
2026-09-01,118,14,353,Current
2026-09-01,118,14,360,Budget
2026-09-01,118,15,292,Current
2026-09-01,118,15,307,Budget
2026-09-01,119,1,690,Current
2026-09-01,119,1,700,Budget
2026-09-01,119,2,372,Current
2026-09-01,119,2,381,Budget
2026-09-01,119,3,460,Current
2026-09-01,119,3,454,Budget
2026-09-01,119,4,489,Current
2026-09-01,119,4,488,Budget
2026-09-01,119,5,264,Current
2026-09-01,119,5,277,Budget
2026-09-01,119,6,314,Current
2026-09-01,119,6,323,Budget
2026-09-01,119,7,271,Current
2026-09-01,119,7,286,Budget
2026-09-01,119,8,329,Current
2026-09-01,119,8,343,Budget
2026-09-01,119,9,604,Current
2026-09-01,119,9,625,Budget
2026-09-01,119,10,484,Current
2026-09-01,119,10,496,Budget
2026-09-01,119,11,486,Current
2026-09-01,119,11,512,Budget
2026-09-01,119,12,415,Current
2026-09-01,119,12,417,Budget
2026-09-01,119,13,211,Current
2026-09-01,119,13,220,Budget
2026-09-01,119,14,353,Current
2026-09-01,119,14,360,Budget
2026-09-01,119,15,292,Current
2026-09-01,119,15,293,Budget
2026-09-01,120,1,690,Current
2026-09-01,120,1,681,Budget
2026-09-01,120,2,372,Current
2026-09-01,120,2,361,Budget
2026-09-01,120,3,460,Current
2026-09-01,120,3,447,Budget
2026-09-01,120,4,489,Current
2026-09-01,120,4,478,Budget
2026-09-01,120,5,264,Current
2026-09-01,120,5,255,Budget
2026-09-01,120,6,314,Current
2026-09-01,120,6,332,Budget
2026-09-01,120,7,271,Current
2026-09-01,120,7,274,Budget
2026-09-01,120,8,329,Current
2026-09-01,120,8,347,Budget
2026-09-01,120,9,604,Current
2026-09-01,120,9,610,Budget
2026-09-01,120,10,484,Current
2026-09-01,120,10,468,Budget
2026-09-01,120,11,486,Current
2026-09-01,120,11,515,Budget
2026-09-01,120,12,415,Current
2026-09-01,120,12,438,Budget
2026-09-01,120,13,211,Current
2026-09-01,120,13,216,Budget
2026-09-01,120,14,353,Current
2026-09-01,120,14,364,Budget
2026-09-01,120,15,292,Current
2026-09-01,120,15,285,Budget
2026-09-01,121,1,690,Current
2026-09-01,121,1,706,Budget
2026-09-01,121,2,372,Current
2026-09-01,121,2,386,Budget
2026-09-01,121,3,460,Current
2026-09-01,121,3,451,Budget
2026-09-01,121,4,489,Current
2026-09-01,121,4,507,Budget
2026-09-01,121,5,264,Current
2026-09-01,121,5,280,Budget
2026-09-01,121,6,314,Current
2026-09-01,121,6,311,Budget
2026-09-01,121,7,271,Current
2026-09-01,121,7,267,Budget
2026-09-01,121,8,329,Current
2026-09-01,121,8,317,Budget
2026-09-01,121,9,604,Current
2026-09-01,121,9,611,Budget
2026-09-01,121,10,484,Current
2026-09-01,121,10,499,Budget
2026-09-01,121,11,486,Current
2026-09-01,121,11,474,Budget
2026-09-01,121,12,415,Current
2026-09-01,121,12,412,Budget
2026-09-01,121,13,211,Current
2026-09-01,121,13,221,Budget
2026-09-01,121,14,353,Current
2026-09-01,121,14,343,Budget
2026-09-01,121,15,292,Current
2026-09-01,121,15,308,Budget
2026-09-01,122,1,690,Current
2026-09-01,122,1,708,Budget
2026-09-01,122,2,372,Current
2026-09-01,122,2,377,Budget
2026-09-01,122,3,460,Current
2026-09-01,122,3,457,Budget
2026-09-01,122,4,489,Current
2026-09-01,122,4,476,Budget
2026-09-01,122,5,264,Current
2026-09-01,122,5,278,Budget
2026-09-01,122,6,314,Current
2026-09-01,122,6,308,Budget
2026-09-01,122,7,271,Current
2026-09-01,122,7,286,Budget
2026-09-01,122,8,329,Current
2026-09-01,122,8,326,Budget
2026-09-01,122,9,604,Current
2026-09-01,122,9,591,Budget
2026-09-01,122,10,484,Current
2026-09-01,122,10,476,Budget
2026-09-01,122,11,486,Current
2026-09-01,122,11,470,Budget
2026-09-01,122,12,415,Current
2026-09-01,122,12,435,Budget
2026-09-01,122,13,211,Current
2026-09-01,122,13,209,Budget
2026-09-01,122,14,353,Current
2026-09-01,122,14,368,Budget
2026-09-01,122,15,292,Current
2026-09-01,122,15,297,Budget
2026-09-01,123,1,690,Current
2026-09-01,123,1,694,Budget
2026-09-01,123,2,372,Current
2026-09-01,123,2,384,Budget
2026-09-01,123,3,460,Current
2026-09-01,123,3,480,Budget
2026-09-01,123,4,489,Current
2026-09-01,123,4,482,Budget
2026-09-01,123,5,264,Current
2026-09-01,123,5,270,Budget
2026-09-01,123,6,314,Current
2026-09-01,123,6,321,Budget
2026-09-01,123,7,271,Current
2026-09-01,123,7,276,Budget
2026-09-01,123,8,329,Current
2026-09-01,123,8,333,Budget
2026-09-01,123,9,604,Current
2026-09-01,123,9,611,Budget
2026-09-01,123,10,484,Current
2026-09-01,123,10,496,Budget
2026-09-01,123,11,486,Current
2026-09-01,123,11,478,Budget
2026-09-01,123,12,415,Current
2026-09-01,123,12,431,Budget
2026-09-01,123,13,211,Current
2026-09-01,123,13,218,Budget
2026-09-01,123,14,353,Current
2026-09-01,123,14,345,Budget
2026-09-01,123,15,292,Current
2026-09-01,123,15,291,Budget
2026-09-01,125,1,682,Current
2026-09-01,125,1,657,Budget
2026-09-01,125,2,367,Current
2026-09-01,125,2,383,Budget
2026-09-01,125,3,454,Current
2026-09-01,125,3,462,Budget
2026-09-01,125,4,483,Current
2026-09-01,125,4,506,Budget
2026-09-01,125,5,261,Current
2026-09-01,125,5,259,Budget
2026-09-01,125,6,310,Current
2026-09-01,125,6,321,Budget
2026-09-01,125,7,268,Current
2026-09-01,125,7,262,Budget
2026-09-01,125,8,325,Current
2026-09-01,125,8,329,Budget
2026-09-01,125,9,597,Current
2026-09-01,125,9,594,Budget
2026-09-01,125,10,478,Current
2026-09-01,125,10,490,Budget
2026-09-01,125,11,480,Current
2026-09-01,125,11,505,Budget
2026-09-01,125,12,410,Current
2026-09-01,125,12,428,Budget
2026-09-01,125,13,208,Current
2026-09-01,125,13,214,Budget
2026-09-01,125,14,349,Current
2026-09-01,125,14,355,Budget
2026-09-01,125,15,288,Current
2026-09-01,125,15,292,Budget
2026-09-01,126,1,682,Current
2026-09-01,126,1,702,Budget
2026-09-01,126,2,367,Current
2026-09-01,126,2,386,Budget
2026-09-01,126,3,454,Current
2026-09-01,126,3,448,Budget
2026-09-01,126,4,483,Current
2026-09-01,126,4,467,Budget
2026-09-01,126,5,261,Current
2026-09-01,126,5,262,Budget
2026-09-01,126,6,310,Current
2026-09-01,126,6,315,Budget
2026-09-01,126,7,268,Current
2026-09-01,126,7,259,Budget
2026-09-01,126,8,325,Current
2026-09-01,126,8,343,Budget
2026-09-01,126,9,597,Current
2026-09-01,126,9,605,Budget
2026-09-01,126,10,478,Current
2026-09-01,126,10,479,Budget
2026-09-01,126,11,480,Current
2026-09-01,126,11,474,Budget
2026-09-01,126,12,410,Current
2026-09-01,126,12,412,Budget
2026-09-01,126,13,208,Current
2026-09-01,126,13,200,Budget
2026-09-01,126,14,349,Current
2026-09-01,126,14,335,Budget
2026-09-01,126,15,288,Current
2026-09-01,126,15,281,Budget
2026-09-01,127,1,682,Current
2026-09-01,127,1,712,Budget
2026-09-01,127,2,367,Current
2026-09-01,127,2,356,Budget
2026-09-01,127,3,454,Current
2026-09-01,127,3,461,Budget
2026-09-01,127,4,483,Current
2026-09-01,127,4,487,Budget
2026-09-01,127,5,261,Current
2026-09-01,127,5,274,Budget
2026-09-01,127,6,310,Current
2026-09-01,127,6,311,Budget
2026-09-01,127,7,268,Current
2026-09-01,127,7,280,Budget
2026-09-01,127,8,325,Current
2026-09-01,127,8,336,Budget
2026-09-01,127,9,597,Current
2026-09-01,127,9,606,Budget
2026-09-01,127,10,478,Current
2026-09-01,127,10,466,Budget
2026-09-01,127,11,480,Current
2026-09-01,127,11,488,Budget
2026-09-01,127,12,410,Current
2026-09-01,127,12,427,Budget
2026-09-01,127,13,208,Current
2026-09-01,127,13,201,Budget
2026-09-01,127,14,349,Current
2026-09-01,127,14,339,Budget
2026-09-01,127,15,288,Current
2026-09-01,127,15,281,Budget
2026-09-01,128,1,682,Current
2026-09-01,128,1,689,Budget
2026-09-01,128,2,367,Current
2026-09-01,128,2,353,Budget
2026-09-01,128,3,454,Current
2026-09-01,128,3,471,Budget
2026-09-01,128,4,483,Current
2026-09-01,128,4,490,Budget
2026-09-01,128,5,261,Current
2026-09-01,128,5,251,Budget
2026-09-01,128,6,310,Current
2026-09-01,128,6,325,Budget
2026-09-01,128,7,268,Current
2026-09-01,128,7,264,Budget
2026-09-01,128,8,325,Current
2026-09-01,128,8,318,Budget
2026-09-01,128,9,597,Current
2026-09-01,128,9,604,Budget
2026-09-01,128,10,478,Current
2026-09-01,128,10,498,Budget
2026-09-01,128,11,480,Current
2026-09-01,128,11,483,Budget
2026-09-01,128,12,410,Current
2026-09-01,128,12,409,Budget
2026-09-01,128,13,208,Current
2026-09-01,128,13,213,Budget
2026-09-01,128,14,349,Current
2026-09-01,128,14,360,Budget
2026-09-01,128,15,288,Current
2026-09-01,128,15,290,Budget
2026-09-01,129,1,682,Current
2026-09-01,129,1,665,Budget
2026-09-01,129,2,367,Current
2026-09-01,129,2,371,Budget
2026-09-01,129,3,454,Current
2026-09-01,129,3,474,Budget
2026-09-01,129,4,483,Current
2026-09-01,129,4,494,Budget
2026-09-01,129,5,261,Current
2026-09-01,129,5,251,Budget
2026-09-01,129,6,310,Current
2026-09-01,129,6,311,Budget
2026-09-01,129,7,268,Current
2026-09-01,129,7,281,Budget
2026-09-01,129,8,325,Current
2026-09-01,129,8,333,Budget
2026-09-01,129,9,597,Current
2026-09-01,129,9,613,Budget
2026-09-01,129,10,478,Current
2026-09-01,129,10,479,Budget
2026-09-01,129,11,480,Current
2026-09-01,129,11,503,Budget
2026-09-01,129,12,410,Current
2026-09-01,129,12,403,Budget
2026-09-01,129,13,208,Current
2026-09-01,129,13,220,Budget
2026-09-01,129,14,349,Current
2026-09-01,129,14,367,Budget
2026-09-01,129,15,288,Current
2026-09-01,129,15,278,Budget
2026-09-01,130,1,682,Current
2026-09-01,130,1,665,Budget
2026-09-01,130,2,367,Current
2026-09-01,130,2,377,Budget
2026-09-01,130,3,454,Current
2026-09-01,130,3,458,Budget
2026-09-01,130,4,483,Current
2026-09-01,130,4,484,Budget
2026-09-01,130,5,261,Current
2026-09-01,130,5,262,Budget
2026-09-01,130,6,310,Current
2026-09-01,130,6,322,Budget
2026-09-01,130,7,268,Current
2026-09-01,130,7,269,Budget
2026-09-01,130,8,325,Current
2026-09-01,130,8,320,Budget
2026-09-01,130,9,597,Current
2026-09-01,130,9,610,Budget
2026-09-01,130,10,478,Current
2026-09-01,130,10,486,Budget
2026-09-01,130,11,480,Current
2026-09-01,130,11,477,Budget
2026-09-01,130,12,410,Current
2026-09-01,130,12,430,Budget
2026-09-01,130,13,208,Current
2026-09-01,130,13,214,Budget
2026-09-01,130,14,349,Current
2026-09-01,130,14,359,Budget
2026-09-01,130,15,288,Current
2026-09-01,130,15,295,Budget
2026-09-01,131,1,682,Current
2026-09-01,131,1,684,Budget
2026-09-01,131,2,367,Current
2026-09-01,131,2,383,Budget
2026-09-01,131,3,454,Current
2026-09-01,131,3,460,Budget
2026-09-01,131,4,483,Current
2026-09-01,131,4,492,Budget
2026-09-01,131,5,261,Current
2026-09-01,131,5,253,Budget
2026-09-01,131,6,310,Current
2026-09-01,131,6,306,Budget
2026-09-01,131,7,268,Current
2026-09-01,131,7,276,Budget
2026-09-01,131,8,325,Current
2026-09-01,131,8,318,Budget
2026-09-01,131,9,597,Current
2026-09-01,131,9,625,Budget
2026-09-01,131,10,478,Current
2026-09-01,131,10,483,Budget
2026-09-01,131,11,480,Current
2026-09-01,131,11,488,Budget
2026-09-01,131,12,410,Current
2026-09-01,131,12,417,Budget
2026-09-01,131,13,208,Current
2026-09-01,131,13,205,Budget
2026-09-01,131,14,349,Current
2026-09-01,131,14,368,Budget
2026-09-01,131,15,288,Current
2026-09-01,131,15,302,Budget
2026-09-01,133,1,1002,Current
2026-09-01,133,1,1030,Budget
2026-09-01,133,2,539,Current
2026-09-01,133,2,532,Budget
2026-09-01,133,3,667,Current
2026-09-01,133,3,650,Budget
2026-09-01,133,4,710,Current
2026-09-01,133,4,746,Budget
2026-09-01,133,5,383,Current
2026-09-01,133,5,378,Budget
2026-09-01,133,6,456,Current
2026-09-01,133,6,474,Budget
2026-09-01,133,7,393,Current
2026-09-01,133,7,399,Budget
2026-09-01,133,8,477,Current
2026-09-01,133,8,480,Budget
2026-09-01,133,9,877,Current
2026-09-01,133,9,897,Budget
2026-09-01,133,10,702,Current
2026-09-01,133,10,703,Budget
2026-09-01,133,11,706,Current
2026-09-01,133,11,707,Budget
2026-09-01,133,12,602,Current
2026-09-01,133,12,585,Budget
2026-09-01,133,13,306,Current
2026-09-01,133,13,310,Budget
2026-09-01,133,14,512,Current
2026-09-01,133,14,515,Budget
2026-09-01,133,15,423,Current
2026-09-01,133,15,438,Budget
2026-09-01,134,1,1002,Current
2026-09-01,134,1,971,Budget
2026-09-01,134,2,539,Current
2026-09-01,134,2,519,Budget
2026-09-01,134,3,667,Current
2026-09-01,134,3,679,Budget
2026-09-01,134,4,710,Current
2026-09-01,134,4,686,Budget
2026-09-01,134,5,383,Current
2026-09-01,134,5,400,Budget
2026-09-01,134,6,456,Current
2026-09-01,134,6,459,Budget
2026-09-01,134,7,393,Current
2026-09-01,134,7,395,Budget
2026-09-01,134,8,477,Current
2026-09-01,134,8,502,Budget
2026-09-01,134,9,877,Current
2026-09-01,134,9,880,Budget
2026-09-01,134,10,702,Current
2026-09-01,134,10,696,Budget
2026-09-01,134,11,706,Current
2026-09-01,134,11,725,Budget
2026-09-01,134,12,602,Current
2026-09-01,134,12,626,Budget
2026-09-01,134,13,306,Current
2026-09-01,134,13,321,Budget
2026-09-01,134,14,512,Current
2026-09-01,134,14,523,Budget
2026-09-01,134,15,423,Current
2026-09-01,134,15,448,Budget
2026-09-01,135,1,1002,Current
2026-09-01,135,1,995,Budget
2026-09-01,135,2,539,Current
2026-09-01,135,2,526,Budget
2026-09-01,135,3,667,Current
2026-09-01,135,3,643,Budget
2026-09-01,135,4,710,Current
2026-09-01,135,4,700,Budget
2026-09-01,135,5,383,Current
2026-09-01,135,5,393,Budget
2026-09-01,135,6,456,Current
2026-09-01,135,6,463,Budget
2026-09-01,135,7,393,Current
2026-09-01,135,7,409,Budget
2026-09-01,135,8,477,Current
2026-09-01,135,8,461,Budget
2026-09-01,135,9,877,Current
2026-09-01,135,9,876,Budget
2026-09-01,135,10,702,Current
2026-09-01,135,10,709,Budget
2026-09-01,135,11,706,Current
2026-09-01,135,11,726,Budget
2026-09-01,135,12,602,Current
2026-09-01,135,12,630,Budget
2026-09-01,135,13,306,Current
2026-09-01,135,13,323,Budget
2026-09-01,135,14,512,Current
2026-09-01,135,14,540,Budget
2026-09-01,135,15,423,Current
2026-09-01,135,15,434,Budget
2026-09-01,136,1,1002,Current
2026-09-01,136,1,985,Budget
2026-09-01,136,2,539,Current
2026-09-01,136,2,543,Budget
2026-09-01,136,3,667,Current
2026-09-01,136,3,693,Budget
2026-09-01,136,4,710,Current
2026-09-01,136,4,694,Budget
2026-09-01,136,5,383,Current
2026-09-01,136,5,400,Budget
2026-09-01,136,6,456,Current
2026-09-01,136,6,474,Budget
2026-09-01,136,7,393,Current
2026-09-01,136,7,378,Budget
2026-09-01,136,8,477,Current
2026-09-01,136,8,503,Budget
2026-09-01,136,9,877,Current
2026-09-01,136,9,872,Budget
2026-09-01,136,10,702,Current
2026-09-01,136,10,723,Budget
2026-09-01,136,11,706,Current
2026-09-01,136,11,686,Budget
2026-09-01,136,12,602,Current
2026-09-01,136,12,624,Budget
2026-09-01,136,13,306,Current
2026-09-01,136,13,315,Budget
2026-09-01,136,14,512,Current
2026-09-01,136,14,495,Budget
2026-09-01,136,15,423,Current
2026-09-01,136,15,445,Budget
2026-09-01,137,1,1002,Current
2026-09-01,137,1,965,Budget
2026-09-01,137,2,539,Current
2026-09-01,137,2,550,Budget
2026-09-01,137,3,667,Current
2026-09-01,137,3,681,Budget
2026-09-01,137,4,710,Current
2026-09-01,137,4,694,Budget
2026-09-01,137,5,383,Current
2026-09-01,137,5,401,Budget
2026-09-01,137,6,456,Current
2026-09-01,137,6,462,Budget
2026-09-01,137,7,393,Current
2026-09-01,137,7,416,Budget
2026-09-01,137,8,477,Current
2026-09-01,137,8,497,Budget
2026-09-01,137,9,877,Current
2026-09-01,137,9,888,Budget
2026-09-01,137,10,702,Current
2026-09-01,137,10,741,Budget
2026-09-01,137,11,706,Current
2026-09-01,137,11,684,Budget
2026-09-01,137,12,602,Current
2026-09-01,137,12,619,Budget
2026-09-01,137,13,306,Current
2026-09-01,137,13,297,Budget
2026-09-01,137,14,512,Current
2026-09-01,137,14,501,Budget
2026-09-01,137,15,423,Current
2026-09-01,137,15,420,Budget
2026-09-01,138,1,1002,Current
2026-09-01,138,1,1014,Budget
2026-09-01,138,2,539,Current
2026-09-01,138,2,542,Budget
2026-09-01,138,3,667,Current
2026-09-01,138,3,698,Budget
2026-09-01,138,4,710,Current
2026-09-01,138,4,688,Budget
2026-09-01,138,5,383,Current
2026-09-01,138,5,402,Budget
2026-09-01,138,6,456,Current
2026-09-01,138,6,442,Budget
2026-09-01,138,7,393,Current
2026-09-01,138,7,380,Budget
2026-09-01,138,8,477,Current
2026-09-01,138,8,491,Budget
2026-09-01,138,9,877,Current
2026-09-01,138,9,905,Budget
2026-09-01,138,10,702,Current
2026-09-01,138,10,733,Budget
2026-09-01,138,11,706,Current
2026-09-01,138,11,719,Budget
2026-09-01,138,12,602,Current
2026-09-01,138,12,609,Budget
2026-09-01,138,13,306,Current
2026-09-01,138,13,312,Budget
2026-09-01,138,14,512,Current
2026-09-01,138,14,523,Budget
2026-09-01,138,15,423,Current
2026-09-01,138,15,445,Budget
2026-09-01,139,1,1002,Current
2026-09-01,139,1,985,Budget
2026-09-01,139,2,539,Current
2026-09-01,139,2,553,Budget
2026-09-01,139,3,667,Current
2026-09-01,139,3,662,Budget
2026-09-01,139,4,710,Current
2026-09-01,139,4,705,Budget
2026-09-01,139,5,383,Current
2026-09-01,139,5,378,Budget
2026-09-01,139,6,456,Current
2026-09-01,139,6,456,Budget
2026-09-01,139,7,393,Current
2026-09-01,139,7,414,Budget
2026-09-01,139,8,477,Current
2026-09-01,139,8,487,Budget
2026-09-01,139,9,877,Current
2026-09-01,139,9,876,Budget
2026-09-01,139,10,702,Current
2026-09-01,139,10,732,Budget
2026-09-01,139,11,706,Current
2026-09-01,139,11,741,Budget
2026-09-01,139,12,602,Current
2026-09-01,139,12,621,Budget
2026-09-01,139,13,306,Current
2026-09-01,139,13,295,Budget
2026-09-01,139,14,512,Current
2026-09-01,139,14,501,Budget
2026-09-01,139,15,423,Current
2026-09-01,139,15,425,Budget
2026-10-01,101,1,1364,Current
2026-10-01,101,1,1363,Budget
2026-10-01,101,2,734,Current
2026-10-01,101,2,739,Budget
2026-10-01,101,3,909,Current
2026-10-01,101,3,952,Budget
2026-10-01,101,4,967,Current
2026-10-01,101,4,1022,Budget
2026-10-01,101,5,522,Current
2026-10-01,101,5,519,Budget
2026-10-01,101,6,621,Current
2026-10-01,101,6,654,Budget
2026-10-01,101,7,535,Current
2026-10-01,101,7,557,Budget
2026-10-01,101,8,650,Current
2026-10-01,101,8,658,Budget
2026-10-01,101,9,1195,Current
2026-10-01,101,9,1187,Budget
2026-10-01,101,10,956,Current
2026-10-01,101,10,984,Budget
2026-10-01,101,11,961,Current
2026-10-01,101,11,1002,Budget
2026-10-01,101,12,820,Current
2026-10-01,101,12,845,Budget
2026-10-01,101,13,416,Current
2026-10-01,101,13,438,Budget
2026-10-01,101,14,698,Current
2026-10-01,101,14,725,Budget
2026-10-01,101,15,577,Current
2026-10-01,101,15,582,Budget
2026-10-01,102,1,1364,Current
2026-10-01,102,1,1429,Budget
2026-10-01,102,2,734,Current
2026-10-01,102,2,721,Budget
2026-10-01,102,3,909,Current
2026-10-01,102,3,943,Budget
2026-10-01,102,4,967,Current
2026-10-01,102,4,979,Budget
2026-10-01,102,5,522,Current
2026-10-01,102,5,523,Budget
2026-10-01,102,6,621,Current
2026-10-01,102,6,614,Budget
2026-10-01,102,7,535,Current
2026-10-01,102,7,558,Budget
2026-10-01,102,8,650,Current
2026-10-01,102,8,644,Budget
2026-10-01,102,9,1195,Current
2026-10-01,102,9,1179,Budget
2026-10-01,102,10,956,Current
2026-10-01,102,10,992,Budget
2026-10-01,102,11,961,Current
2026-10-01,102,11,957,Budget
2026-10-01,102,12,820,Current
2026-10-01,102,12,817,Budget
2026-10-01,102,13,416,Current
2026-10-01,102,13,414,Budget
2026-10-01,102,14,698,Current
2026-10-01,102,14,686,Budget
2026-10-01,102,15,577,Current
2026-10-01,102,15,557,Budget
2026-10-01,103,1,1364,Current
2026-10-01,103,1,1315,Budget
2026-10-01,103,2,734,Current
2026-10-01,103,2,715,Budget
2026-10-01,103,3,909,Current
2026-10-01,103,3,910,Budget
2026-10-01,103,4,967,Current
2026-10-01,103,4,970,Budget
2026-10-01,103,5,522,Current
2026-10-01,103,5,530,Budget
2026-10-01,103,6,621,Current
2026-10-01,103,6,640,Budget
2026-10-01,103,7,535,Current
2026-10-01,103,7,530,Budget
2026-10-01,103,8,650,Current
2026-10-01,103,8,685,Budget
2026-10-01,103,9,1195,Current
2026-10-01,103,9,1204,Budget
2026-10-01,103,10,956,Current
2026-10-01,103,10,960,Budget
2026-10-01,103,11,961,Current
2026-10-01,103,11,929,Budget
2026-10-01,103,12,820,Current
2026-10-01,103,12,830,Budget
2026-10-01,103,13,416,Current
2026-10-01,103,13,439,Budget
2026-10-01,103,14,698,Current
2026-10-01,103,14,682,Budget
2026-10-01,103,15,577,Current
2026-10-01,103,15,575,Budget
2026-10-01,104,1,1364,Current
2026-10-01,104,1,1327,Budget
2026-10-01,104,2,734,Current
2026-10-01,104,2,712,Budget
2026-10-01,104,3,909,Current
2026-10-01,104,3,909,Budget
2026-10-01,104,4,967,Current
2026-10-01,104,4,948,Budget
2026-10-01,104,5,522,Current
2026-10-01,104,5,533,Budget
2026-10-01,104,6,621,Current
2026-10-01,104,6,627,Budget
2026-10-01,104,7,535,Current
2026-10-01,104,7,527,Budget
2026-10-01,104,8,650,Current
2026-10-01,104,8,653,Budget
2026-10-01,104,9,1195,Current
2026-10-01,104,9,1148,Budget
2026-10-01,104,10,956,Current
2026-10-01,104,10,982,Budget
2026-10-01,104,11,961,Current
2026-10-01,104,11,992,Budget
2026-10-01,104,12,820,Current
2026-10-01,104,12,815,Budget
2026-10-01,104,13,416,Current
2026-10-01,104,13,426,Budget
2026-10-01,104,14,698,Current
2026-10-01,104,14,727,Budget
2026-10-01,104,15,577,Current
2026-10-01,104,15,578,Budget
2026-10-01,105,1,1364,Current
2026-10-01,105,1,1427,Budget
2026-10-01,105,2,734,Current
2026-10-01,105,2,725,Budget
2026-10-01,105,3,909,Current
2026-10-01,105,3,925,Budget
2026-10-01,105,4,967,Current
2026-10-01,105,4,945,Budget
2026-10-01,105,5,522,Current
2026-10-01,105,5,543,Budget
2026-10-01,105,6,621,Current
2026-10-01,105,6,619,Budget
2026-10-01,105,7,535,Current
2026-10-01,105,7,531,Budget
2026-10-01,105,8,650,Current
2026-10-01,105,8,674,Budget
2026-10-01,105,9,1195,Current
2026-10-01,105,9,1251,Budget
2026-10-01,105,10,956,Current
2026-10-01,105,10,936,Budget
2026-10-01,105,11,961,Current
2026-10-01,105,11,1001,Budget
2026-10-01,105,12,820,Current
2026-10-01,105,12,858,Budget
2026-10-01,105,13,416,Current
2026-10-01,105,13,406,Budget
2026-10-01,105,14,698,Current
2026-10-01,105,14,672,Budget
2026-10-01,105,15,577,Current
2026-10-01,105,15,603,Budget
2026-10-01,106,1,1364,Current
2026-10-01,106,1,1335,Budget
2026-10-01,106,2,734,Current
2026-10-01,106,2,776,Budget
2026-10-01,106,3,909,Current
2026-10-01,106,3,939,Budget
2026-10-01,106,4,967,Current
2026-10-01,106,4,1016,Budget
2026-10-01,106,5,522,Current
2026-10-01,106,5,539,Budget
2026-10-01,106,6,621,Current
2026-10-01,106,6,605,Budget
2026-10-01,106,7,535,Current
2026-10-01,106,7,561,Budget
2026-10-01,106,8,650,Current
2026-10-01,106,8,672,Budget
2026-10-01,106,9,1195,Current
2026-10-01,106,9,1181,Budget
2026-10-01,106,10,956,Current
2026-10-01,106,10,977,Budget
2026-10-01,106,11,961,Current
2026-10-01,106,11,933,Budget
2026-10-01,106,12,820,Current
2026-10-01,106,12,848,Budget
2026-10-01,106,13,416,Current
2026-10-01,106,13,412,Budget
2026-10-01,106,14,698,Current
2026-10-01,106,14,673,Budget
2026-10-01,106,15,577,Current
2026-10-01,106,15,557,Budget
2026-10-01,107,1,1364,Current
2026-10-01,107,1,1424,Budget
2026-10-01,107,2,734,Current
2026-10-01,107,2,754,Budget
2026-10-01,107,3,909,Current
2026-10-01,107,3,925,Budget
2026-10-01,107,4,967,Current
2026-10-01,107,4,940,Budget
2026-10-01,107,5,522,Current
2026-10-01,107,5,536,Budget
2026-10-01,107,6,621,Current
2026-10-01,107,6,638,Budget
2026-10-01,107,7,535,Current
2026-10-01,107,7,545,Budget
2026-10-01,107,8,650,Current
2026-10-01,107,8,628,Budget
2026-10-01,107,9,1195,Current
2026-10-01,107,9,1215,Budget
2026-10-01,107,10,956,Current
2026-10-01,107,10,922,Budget
2026-10-01,107,11,961,Current
2026-10-01,107,11,965,Budget
2026-10-01,107,12,820,Current
2026-10-01,107,12,827,Budget
2026-10-01,107,13,416,Current
2026-10-01,107,13,430,Budget
2026-10-01,107,14,698,Current
2026-10-01,107,14,714,Budget
2026-10-01,107,15,577,Current
2026-10-01,107,15,606,Budget
2026-10-01,109,1,995,Current
2026-10-01,109,1,1012,Budget
2026-10-01,109,2,536,Current
2026-10-01,109,2,564,Budget
2026-10-01,109,3,663,Current
2026-10-01,109,3,650,Budget
2026-10-01,109,4,706,Current
2026-10-01,109,4,699,Budget
2026-10-01,109,5,380,Current
2026-10-01,109,5,379,Budget
2026-10-01,109,6,453,Current
2026-10-01,109,6,439,Budget
2026-10-01,109,7,390,Current
2026-10-01,109,7,375,Budget
2026-10-01,109,8,474,Current
2026-10-01,109,8,489,Budget
2026-10-01,109,9,871,Current
2026-10-01,109,9,913,Budget
2026-10-01,109,10,698,Current
2026-10-01,109,10,729,Budget
2026-10-01,109,11,701,Current
2026-10-01,109,11,705,Budget
2026-10-01,109,12,598,Current
2026-10-01,109,12,615,Budget
2026-10-01,109,13,304,Current
2026-10-01,109,13,297,Budget
2026-10-01,109,14,509,Current
2026-10-01,109,14,504,Budget
2026-10-01,109,15,421,Current
2026-10-01,109,15,407,Budget
2026-10-01,110,1,995,Current
2026-10-01,110,1,1030,Budget
2026-10-01,110,2,536,Current
2026-10-01,110,2,546,Budget
2026-10-01,110,3,663,Current
2026-10-01,110,3,677,Budget
2026-10-01,110,4,706,Current
2026-10-01,110,4,734,Budget
2026-10-01,110,5,380,Current
2026-10-01,110,5,392,Budget
2026-10-01,110,6,453,Current
2026-10-01,110,6,464,Budget
2026-10-01,110,7,390,Current
2026-10-01,110,7,404,Budget
2026-10-01,110,8,474,Current
2026-10-01,110,8,477,Budget
2026-10-01,110,9,871,Current
2026-10-01,110,9,849,Budget
2026-10-01,110,10,698,Current
2026-10-01,110,10,737,Budget
2026-10-01,110,11,701,Current
2026-10-01,110,11,692,Budget
2026-10-01,110,12,598,Current
2026-10-01,110,12,629,Budget
2026-10-01,110,13,304,Current
2026-10-01,110,13,305,Budget
2026-10-01,110,14,509,Current
2026-10-01,110,14,499,Budget
2026-10-01,110,15,421,Current
2026-10-01,110,15,404,Budget
2026-10-01,111,1,995,Current
2026-10-01,111,1,1044,Budget
2026-10-01,111,2,536,Current
2026-10-01,111,2,522,Budget
2026-10-01,111,3,663,Current
2026-10-01,111,3,698,Budget
2026-10-01,111,4,706,Current
2026-10-01,111,4,730,Budget
2026-10-01,111,5,380,Current
2026-10-01,111,5,383,Budget
2026-10-01,111,6,453,Current
2026-10-01,111,6,460,Budget
2026-10-01,111,7,390,Current
2026-10-01,111,7,377,Budget
2026-10-01,111,8,474,Current
2026-10-01,111,8,483,Budget
2026-10-01,111,9,871,Current
2026-10-01,111,9,895,Budget
2026-10-01,111,10,698,Current
2026-10-01,111,10,680,Budget
2026-10-01,111,11,701,Current
2026-10-01,111,11,715,Budget
2026-10-01,111,12,598,Current
2026-10-01,111,12,576,Budget
2026-10-01,111,13,304,Current
2026-10-01,111,13,316,Budget
2026-10-01,111,14,509,Current
2026-10-01,111,14,509,Budget
2026-10-01,111,15,421,Current
2026-10-01,111,15,426,Budget
2026-10-01,112,1,995,Current
2026-10-01,112,1,980,Budget
2026-10-01,112,2,536,Current
2026-10-01,112,2,560,Budget
2026-10-01,112,3,663,Current
2026-10-01,112,3,656,Budget
2026-10-01,112,4,706,Current
2026-10-01,112,4,715,Budget
2026-10-01,112,5,380,Current
2026-10-01,112,5,401,Budget
2026-10-01,112,6,453,Current
2026-10-01,112,6,449,Budget
2026-10-01,112,7,390,Current
2026-10-01,112,7,400,Budget
2026-10-01,112,8,474,Current
2026-10-01,112,8,499,Budget
2026-10-01,112,9,871,Current
2026-10-01,112,9,853,Budget
2026-10-01,112,10,698,Current
2026-10-01,112,10,739,Budget
2026-10-01,112,11,701,Current
2026-10-01,112,11,709,Budget
2026-10-01,112,12,598,Current
2026-10-01,112,12,618,Budget
2026-10-01,112,13,304,Current
2026-10-01,112,13,298,Budget
2026-10-01,112,14,509,Current
2026-10-01,112,14,493,Budget
2026-10-01,112,15,421,Current
2026-10-01,112,15,441,Budget
2026-10-01,113,1,995,Current
2026-10-01,113,1,992,Budget
2026-10-01,113,2,536,Current
2026-10-01,113,2,554,Budget
2026-10-01,113,3,663,Current
2026-10-01,113,3,648,Budget
2026-10-01,113,4,706,Current
2026-10-01,113,4,717,Budget
2026-10-01,113,5,380,Current
2026-10-01,113,5,383,Budget
2026-10-01,113,6,453,Current
2026-10-01,113,6,449,Budget
2026-10-01,113,7,390,Current
2026-10-01,113,7,405,Budget
2026-10-01,113,8,474,Current
2026-10-01,113,8,498,Budget
2026-10-01,113,9,871,Current
2026-10-01,113,9,863,Budget
2026-10-01,113,10,698,Current
2026-10-01,113,10,686,Budget
2026-10-01,113,11,701,Current
2026-10-01,113,11,687,Budget
2026-10-01,113,12,598,Current
2026-10-01,113,12,628,Budget
2026-10-01,113,13,304,Current
2026-10-01,113,13,295,Budget
2026-10-01,113,14,509,Current
2026-10-01,113,14,527,Budget
2026-10-01,113,15,421,Current
2026-10-01,113,15,443,Budget
2026-10-01,114,1,995,Current
2026-10-01,114,1,963,Budget
2026-10-01,114,2,536,Current
2026-10-01,114,2,537,Budget
2026-10-01,114,3,663,Current
2026-10-01,114,3,649,Budget
2026-10-01,114,4,706,Current
2026-10-01,114,4,740,Budget
2026-10-01,114,5,380,Current
2026-10-01,114,5,402,Budget
2026-10-01,114,6,453,Current
2026-10-01,114,6,468,Budget
2026-10-01,114,7,390,Current
2026-10-01,114,7,399,Budget
2026-10-01,114,8,474,Current
2026-10-01,114,8,457,Budget
2026-10-01,114,9,871,Current
2026-10-01,114,9,862,Budget
2026-10-01,114,10,698,Current
2026-10-01,114,10,700,Budget
2026-10-01,114,11,701,Current
2026-10-01,114,11,733,Budget
2026-10-01,114,12,598,Current
2026-10-01,114,12,632,Budget
2026-10-01,114,13,304,Current
2026-10-01,114,13,304,Budget
2026-10-01,114,14,509,Current
2026-10-01,114,14,536,Budget
2026-10-01,114,15,421,Current
2026-10-01,114,15,423,Budget
2026-10-01,115,1,995,Current
2026-10-01,115,1,985,Budget
2026-10-01,115,2,536,Current
2026-10-01,115,2,540,Budget
2026-10-01,115,3,663,Current
2026-10-01,115,3,656,Budget
2026-10-01,115,4,706,Current
2026-10-01,115,4,733,Budget
2026-10-01,115,5,380,Current
2026-10-01,115,5,400,Budget
2026-10-01,115,6,453,Current
2026-10-01,115,6,472,Budget
2026-10-01,115,7,390,Current
2026-10-01,115,7,404,Budget
2026-10-01,115,8,474,Current
2026-10-01,115,8,460,Budget
2026-10-01,115,9,871,Current
2026-10-01,115,9,878,Budget
2026-10-01,115,10,698,Current
2026-10-01,115,10,713,Budget
2026-10-01,115,11,701,Current
2026-10-01,115,11,707,Budget
2026-10-01,115,12,598,Current
2026-10-01,115,12,621,Budget
2026-10-01,115,13,304,Current
2026-10-01,115,13,307,Budget
2026-10-01,115,14,509,Current
2026-10-01,115,14,519,Budget
2026-10-01,115,15,421,Current
2026-10-01,115,15,405,Budget
2026-10-01,117,1,690,Current
2026-10-01,117,1,718,Budget
2026-10-01,117,2,372,Current
2026-10-01,117,2,378,Budget
2026-10-01,117,3,460,Current
2026-10-01,117,3,456,Budget
2026-10-01,117,4,489,Current
2026-10-01,117,4,504,Budget
2026-10-01,117,5,264,Current
2026-10-01,117,5,258,Budget
2026-10-01,117,6,314,Current
2026-10-01,117,6,316,Budget
2026-10-01,117,7,271,Current
2026-10-01,117,7,263,Budget
2026-10-01,117,8,329,Current
2026-10-01,117,8,328,Budget
2026-10-01,117,9,604,Current
2026-10-01,117,9,635,Budget
2026-10-01,117,10,484,Current
2026-10-01,117,10,489,Budget
2026-10-01,117,11,486,Current
2026-10-01,117,11,501,Budget
2026-10-01,117,12,415,Current
2026-10-01,117,12,418,Budget
2026-10-01,117,13,211,Current
2026-10-01,117,13,218,Budget
2026-10-01,117,14,353,Current
2026-10-01,117,14,346,Budget
2026-10-01,117,15,292,Current
2026-10-01,117,15,302,Budget
2026-10-01,118,1,690,Current
2026-10-01,118,1,668,Budget
2026-10-01,118,2,372,Current
2026-10-01,118,2,394,Budget
2026-10-01,118,3,460,Current
2026-10-01,118,3,453,Budget
2026-10-01,118,4,489,Current
2026-10-01,118,4,471,Budget
2026-10-01,118,5,264,Current
2026-10-01,118,5,255,Budget
2026-10-01,118,6,314,Current
2026-10-01,118,6,329,Budget
2026-10-01,118,7,271,Current
2026-10-01,118,7,271,Budget
2026-10-01,118,8,329,Current
2026-10-01,118,8,324,Budget
2026-10-01,118,9,604,Current
2026-10-01,118,9,590,Budget
2026-10-01,118,10,484,Current
2026-10-01,118,10,473,Budget
2026-10-01,118,11,486,Current
2026-10-01,118,11,485,Budget
2026-10-01,118,12,415,Current
2026-10-01,118,12,425,Budget
2026-10-01,118,13,211,Current
2026-10-01,118,13,223,Budget
2026-10-01,118,14,353,Current
2026-10-01,118,14,362,Budget
2026-10-01,118,15,292,Current
2026-10-01,118,15,301,Budget
2026-10-01,119,1,690,Current
2026-10-01,119,1,727,Budget
2026-10-01,119,2,372,Current
2026-10-01,119,2,387,Budget
2026-10-01,119,3,460,Current
2026-10-01,119,3,463,Budget
2026-10-01,119,4,489,Current
2026-10-01,119,4,500,Budget
2026-10-01,119,5,264,Current
2026-10-01,119,5,276,Budget
2026-10-01,119,6,314,Current
2026-10-01,119,6,327,Budget
2026-10-01,119,7,271,Current
2026-10-01,119,7,282,Budget
2026-10-01,119,8,329,Current
2026-10-01,119,8,323,Budget
2026-10-01,119,9,604,Current
2026-10-01,119,9,609,Budget
2026-10-01,119,10,484,Current
2026-10-01,119,10,513,Budget
2026-10-01,119,11,486,Current
2026-10-01,119,11,485,Budget
2026-10-01,119,12,415,Current
2026-10-01,119,12,432,Budget
2026-10-01,119,13,211,Current
2026-10-01,119,13,219,Budget
2026-10-01,119,14,353,Current
2026-10-01,119,14,364,Budget
2026-10-01,119,15,292,Current
2026-10-01,119,15,294,Budget
2026-10-01,120,1,690,Current
2026-10-01,120,1,670,Budget
2026-10-01,120,2,372,Current
2026-10-01,120,2,373,Budget
2026-10-01,120,3,460,Current
2026-10-01,120,3,486,Budget
2026-10-01,120,4,489,Current
2026-10-01,120,4,491,Budget
2026-10-01,120,5,264,Current
2026-10-01,120,5,279,Budget
2026-10-01,120,6,314,Current
2026-10-01,120,6,315,Budget
2026-10-01,120,7,271,Current
2026-10-01,120,7,262,Budget
2026-10-01,120,8,329,Current
2026-10-01,120,8,322,Budget
2026-10-01,120,9,604,Current
2026-10-01,120,9,603,Budget
2026-10-01,120,10,484,Current
2026-10-01,120,10,469,Budget
2026-10-01,120,11,486,Current
2026-10-01,120,11,480,Budget
2026-10-01,120,12,415,Current
2026-10-01,120,12,416,Budget
2026-10-01,120,13,211,Current
2026-10-01,120,13,214,Budget
2026-10-01,120,14,353,Current
2026-10-01,120,14,353,Budget
2026-10-01,120,15,292,Current
2026-10-01,120,15,300,Budget
2026-10-01,121,1,690,Current
2026-10-01,121,1,702,Budget
2026-10-01,121,2,372,Current
2026-10-01,121,2,359,Budget
2026-10-01,121,3,460,Current
2026-10-01,121,3,462,Budget
2026-10-01,121,4,489,Current
2026-10-01,121,4,515,Budget
2026-10-01,121,5,264,Current
2026-10-01,121,5,280,Budget
2026-10-01,121,6,314,Current
2026-10-01,121,6,330,Budget
2026-10-01,121,7,271,Current
2026-10-01,121,7,287,Budget
2026-10-01,121,8,329,Current
2026-10-01,121,8,320,Budget
2026-10-01,121,9,604,Current
2026-10-01,121,9,584,Budget
2026-10-01,121,10,484,Current
2026-10-01,121,10,500,Budget
2026-10-01,121,11,486,Current
2026-10-01,121,11,473,Budget
2026-10-01,121,12,415,Current
2026-10-01,121,12,432,Budget
2026-10-01,121,13,211,Current
2026-10-01,121,13,205,Budget
2026-10-01,121,14,353,Current
2026-10-01,121,14,361,Budget
2026-10-01,121,15,292,Current
2026-10-01,121,15,293,Budget
2026-10-01,122,1,690,Current
2026-10-01,122,1,707,Budget
2026-10-01,122,2,372,Current
2026-10-01,122,2,358,Budget
2026-10-01,122,3,460,Current
2026-10-01,122,3,480,Budget
2026-10-01,122,4,489,Current
2026-10-01,122,4,506,Budget
2026-10-01,122,5,264,Current
2026-10-01,122,5,266,Budget
2026-10-01,122,6,314,Current
2026-10-01,122,6,305,Budget
2026-10-01,122,7,271,Current
2026-10-01,122,7,272,Budget
2026-10-01,122,8,329,Current
2026-10-01,122,8,323,Budget
2026-10-01,122,9,604,Current
2026-10-01,122,9,595,Budget
2026-10-01,122,10,484,Current
2026-10-01,122,10,492,Budget
2026-10-01,122,11,486,Current
2026-10-01,122,11,474,Budget
2026-10-01,122,12,415,Current
2026-10-01,122,12,433,Budget
2026-10-01,122,13,211,Current
2026-10-01,122,13,206,Budget
2026-10-01,122,14,353,Current
2026-10-01,122,14,356,Budget
2026-10-01,122,15,292,Current
2026-10-01,122,15,292,Budget
2026-10-01,123,1,690,Current
2026-10-01,123,1,669,Budget
2026-10-01,123,2,372,Current
2026-10-01,123,2,374,Budget
2026-10-01,123,3,460,Current
2026-10-01,123,3,480,Budget
2026-10-01,123,4,489,Current
2026-10-01,123,4,470,Budget
2026-10-01,123,5,264,Current
2026-10-01,123,5,261,Budget
2026-10-01,123,6,314,Current
2026-10-01,123,6,312,Budget
2026-10-01,123,7,271,Current
2026-10-01,123,7,287,Budget
2026-10-01,123,8,329,Current
2026-10-01,123,8,320,Budget
2026-10-01,123,9,604,Current
2026-10-01,123,9,581,Budget
2026-10-01,123,10,484,Current
2026-10-01,123,10,470,Budget
2026-10-01,123,11,486,Current
2026-10-01,123,11,502,Budget
2026-10-01,123,12,415,Current
2026-10-01,123,12,420,Budget
2026-10-01,123,13,211,Current
2026-10-01,123,13,213,Budget
2026-10-01,123,14,353,Current
2026-10-01,123,14,348,Budget
2026-10-01,123,15,292,Current
2026-10-01,123,15,281,Budget
2026-10-01,125,1,636,Current
2026-10-01,125,1,628,Budget
2026-10-01,125,2,342,Current
2026-10-01,125,2,349,Budget
2026-10-01,125,3,423,Current
2026-10-01,125,3,442,Budget
2026-10-01,125,4,451,Current
2026-10-01,125,4,471,Budget
2026-10-01,125,5,243,Current
2026-10-01,125,5,244,Budget
2026-10-01,125,6,289,Current
2026-10-01,125,6,280,Budget
2026-10-01,125,7,249,Current
2026-10-01,125,7,256,Budget
2026-10-01,125,8,303,Current
2026-10-01,125,8,302,Budget
2026-10-01,125,9,557,Current
2026-10-01,125,9,571,Budget
2026-10-01,125,10,446,Current
2026-10-01,125,10,471,Budget
2026-10-01,125,11,448,Current
2026-10-01,125,11,463,Budget
2026-10-01,125,12,382,Current
2026-10-01,125,12,372,Budget
2026-10-01,125,13,194,Current
2026-10-01,125,13,205,Budget
2026-10-01,125,14,325,Current
2026-10-01,125,14,344,Budget
2026-10-01,125,15,269,Current
2026-10-01,125,15,271,Budget
2026-10-01,126,1,636,Current
2026-10-01,126,1,661,Budget
2026-10-01,126,2,342,Current
2026-10-01,126,2,362,Budget
2026-10-01,126,3,423,Current
2026-10-01,126,3,412,Budget
2026-10-01,126,4,451,Current
2026-10-01,126,4,449,Budget
2026-10-01,126,5,243,Current
2026-10-01,126,5,246,Budget
2026-10-01,126,6,289,Current
2026-10-01,126,6,284,Budget
2026-10-01,126,7,249,Current
2026-10-01,126,7,264,Budget
2026-10-01,126,8,303,Current
2026-10-01,126,8,312,Budget
2026-10-01,126,9,557,Current
2026-10-01,126,9,539,Budget
2026-10-01,126,10,446,Current
2026-10-01,126,10,450,Budget
2026-10-01,126,11,448,Current
2026-10-01,126,11,463,Budget
2026-10-01,126,12,382,Current
2026-10-01,126,12,389,Budget
2026-10-01,126,13,194,Current
2026-10-01,126,13,194,Budget
2026-10-01,126,14,325,Current
2026-10-01,126,14,326,Budget
2026-10-01,126,15,269,Current
2026-10-01,126,15,280,Budget
2026-10-01,127,1,636,Current
2026-10-01,127,1,621,Budget
2026-10-01,127,2,342,Current
2026-10-01,127,2,339,Budget
2026-10-01,127,3,423,Current
2026-10-01,127,3,409,Budget
2026-10-01,127,4,451,Current
2026-10-01,127,4,466,Budget
2026-10-01,127,5,243,Current
2026-10-01,127,5,250,Budget
2026-10-01,127,6,289,Current
2026-10-01,127,6,289,Budget
2026-10-01,127,7,249,Current
2026-10-01,127,7,264,Budget
2026-10-01,127,8,303,Current
2026-10-01,127,8,309,Budget
2026-10-01,127,9,557,Current
2026-10-01,127,9,538,Budget
2026-10-01,127,10,446,Current
2026-10-01,127,10,434,Budget
2026-10-01,127,11,448,Current
2026-10-01,127,11,462,Budget
2026-10-01,127,12,382,Current
2026-10-01,127,12,385,Budget
2026-10-01,127,13,194,Current
2026-10-01,127,13,192,Budget
2026-10-01,127,14,325,Current
2026-10-01,127,14,333,Budget
2026-10-01,127,15,269,Current
2026-10-01,127,15,268,Budget
2026-10-01,128,1,636,Current
2026-10-01,128,1,649,Budget
2026-10-01,128,2,342,Current
2026-10-01,128,2,356,Budget
2026-10-01,128,3,423,Current
2026-10-01,128,3,436,Budget
2026-10-01,128,4,451,Current
2026-10-01,128,4,477,Budget
2026-10-01,128,5,243,Current
2026-10-01,128,5,244,Budget
2026-10-01,128,6,289,Current
2026-10-01,128,6,296,Budget
2026-10-01,128,7,249,Current
2026-10-01,128,7,251,Budget
2026-10-01,128,8,303,Current
2026-10-01,128,8,319,Budget
2026-10-01,128,9,557,Current
2026-10-01,128,9,543,Budget
2026-10-01,128,10,446,Current
2026-10-01,128,10,462,Budget
2026-10-01,128,11,448,Current
2026-10-01,128,11,467,Budget
2026-10-01,128,12,382,Current
2026-10-01,128,12,405,Budget
2026-10-01,128,13,194,Current
2026-10-01,128,13,189,Budget
2026-10-01,128,14,325,Current
2026-10-01,128,14,333,Budget
2026-10-01,128,15,269,Current
2026-10-01,128,15,279,Budget
2026-10-01,129,1,636,Current
2026-10-01,129,1,639,Budget
2026-10-01,129,2,342,Current
2026-10-01,129,2,329,Budget
2026-10-01,129,3,423,Current
2026-10-01,129,3,417,Budget
2026-10-01,129,4,451,Current
2026-10-01,129,4,439,Budget
2026-10-01,129,5,243,Current
2026-10-01,129,5,238,Budget
2026-10-01,129,6,289,Current
2026-10-01,129,6,296,Budget
2026-10-01,129,7,249,Current
2026-10-01,129,7,251,Budget
2026-10-01,129,8,303,Current
2026-10-01,129,8,309,Budget
2026-10-01,129,9,557,Current
2026-10-01,129,9,550,Budget
2026-10-01,129,10,446,Current
2026-10-01,129,10,441,Budget
2026-10-01,129,11,448,Current
2026-10-01,129,11,475,Budget
2026-10-01,129,12,382,Current
2026-10-01,129,12,384,Budget
2026-10-01,129,13,194,Current
2026-10-01,129,13,200,Budget
2026-10-01,129,14,325,Current
2026-10-01,129,14,341,Budget
2026-10-01,129,15,269,Current
2026-10-01,129,15,269,Budget
2026-10-01,130,1,636,Current
2026-10-01,130,1,659,Budget
2026-10-01,130,2,342,Current
2026-10-01,130,2,345,Budget
2026-10-01,130,3,423,Current
2026-10-01,130,3,425,Budget
2026-10-01,130,4,451,Current
2026-10-01,130,4,455,Budget
2026-10-01,130,5,243,Current
2026-10-01,130,5,251,Budget
2026-10-01,130,6,289,Current
2026-10-01,130,6,298,Budget
2026-10-01,130,7,249,Current
2026-10-01,130,7,252,Budget
2026-10-01,130,8,303,Current
2026-10-01,130,8,292,Budget
2026-10-01,130,9,557,Current
2026-10-01,130,9,552,Budget
2026-10-01,130,10,446,Current
2026-10-01,130,10,439,Budget
2026-10-01,130,11,448,Current
2026-10-01,130,11,474,Budget
2026-10-01,130,12,382,Current
2026-10-01,130,12,375,Budget
2026-10-01,130,13,194,Current
2026-10-01,130,13,200,Budget
2026-10-01,130,14,325,Current
2026-10-01,130,14,325,Budget
2026-10-01,130,15,269,Current
2026-10-01,130,15,269,Budget
2026-10-01,131,1,636,Current
2026-10-01,131,1,660,Budget
2026-10-01,131,2,342,Current
2026-10-01,131,2,353,Budget
2026-10-01,131,3,423,Current
2026-10-01,131,3,432,Budget
2026-10-01,131,4,451,Current
2026-10-01,131,4,472,Budget
2026-10-01,131,5,243,Current
2026-10-01,131,5,237,Budget
2026-10-01,131,6,289,Current
2026-10-01,131,6,286,Budget
2026-10-01,131,7,249,Current
2026-10-01,131,7,242,Budget
2026-10-01,131,8,303,Current
2026-10-01,131,8,321,Budget
2026-10-01,131,9,557,Current
2026-10-01,131,9,554,Budget
2026-10-01,131,10,446,Current
2026-10-01,131,10,446,Budget
2026-10-01,131,11,448,Current
2026-10-01,131,11,457,Budget
2026-10-01,131,12,382,Current
2026-10-01,131,12,369,Budget
2026-10-01,131,13,194,Current
2026-10-01,131,13,199,Budget
2026-10-01,131,14,325,Current
2026-10-01,131,14,338,Budget
2026-10-01,131,15,269,Current
2026-10-01,131,15,259,Budget
2026-10-01,133,1,709,Current
2026-10-01,133,1,720,Budget
2026-10-01,133,2,382,Current
2026-10-01,133,2,369,Budget
2026-10-01,133,3,472,Current
2026-10-01,133,3,473,Budget
2026-10-01,133,4,503,Current
2026-10-01,133,4,500,Budget
2026-10-01,133,5,271,Current
2026-10-01,133,5,276,Budget
2026-10-01,133,6,323,Current
2026-10-01,133,6,334,Budget
2026-10-01,133,7,278,Current
2026-10-01,133,7,286,Budget
2026-10-01,133,8,338,Current
2026-10-01,133,8,357,Budget
2026-10-01,133,9,621,Current
2026-10-01,133,9,636,Budget
2026-10-01,133,10,497,Current
2026-10-01,133,10,519,Budget
2026-10-01,133,11,500,Current
2026-10-01,133,11,514,Budget
2026-10-01,133,12,426,Current
2026-10-01,133,12,415,Budget
2026-10-01,133,13,216,Current
2026-10-01,133,13,211,Budget
2026-10-01,133,14,363,Current
2026-10-01,133,14,357,Budget
2026-10-01,133,15,300,Current
2026-10-01,133,15,298,Budget
2026-10-01,134,1,709,Current
2026-10-01,134,1,704,Budget
2026-10-01,134,2,382,Current
2026-10-01,134,2,395,Budget
2026-10-01,134,3,472,Current
2026-10-01,134,3,483,Budget
2026-10-01,134,4,503,Current
2026-10-01,134,4,493,Budget
2026-10-01,134,5,271,Current
2026-10-01,134,5,286,Budget
2026-10-01,134,6,323,Current
2026-10-01,134,6,333,Budget
2026-10-01,134,7,278,Current
2026-10-01,134,7,267,Budget
2026-10-01,134,8,338,Current
2026-10-01,134,8,330,Budget
2026-10-01,134,9,621,Current
2026-10-01,134,9,631,Budget
2026-10-01,134,10,497,Current
2026-10-01,134,10,522,Budget
2026-10-01,134,11,500,Current
2026-10-01,134,11,527,Budget
2026-10-01,134,12,426,Current
2026-10-01,134,12,448,Budget
2026-10-01,134,13,216,Current
2026-10-01,134,13,213,Budget
2026-10-01,134,14,363,Current
2026-10-01,134,14,350,Budget
2026-10-01,134,15,300,Current
2026-10-01,134,15,315,Budget
2026-10-01,135,1,709,Current
2026-10-01,135,1,717,Budget
2026-10-01,135,2,382,Current
2026-10-01,135,2,403,Budget
2026-10-01,135,3,472,Current
2026-10-01,135,3,492,Budget
2026-10-01,135,4,503,Current
2026-10-01,135,4,513,Budget
2026-10-01,135,5,271,Current
2026-10-01,135,5,287,Budget
2026-10-01,135,6,323,Current
2026-10-01,135,6,333,Budget
2026-10-01,135,7,278,Current
2026-10-01,135,7,281,Budget
2026-10-01,135,8,338,Current
2026-10-01,135,8,353,Budget
2026-10-01,135,9,621,Current
2026-10-01,135,9,600,Budget
2026-10-01,135,10,497,Current
2026-10-01,135,10,484,Budget
2026-10-01,135,11,500,Current
2026-10-01,135,11,518,Budget
2026-10-01,135,12,426,Current
2026-10-01,135,12,429,Budget
2026-10-01,135,13,216,Current
2026-10-01,135,13,224,Budget
2026-10-01,135,14,363,Current
2026-10-01,135,14,350,Budget
2026-10-01,135,15,300,Current
2026-10-01,135,15,298,Budget
2026-10-01,136,1,709,Current
2026-10-01,136,1,702,Budget
2026-10-01,136,2,382,Current
2026-10-01,136,2,395,Budget
2026-10-01,136,3,472,Current
2026-10-01,136,3,473,Budget
2026-10-01,136,4,503,Current
2026-10-01,136,4,530,Budget
2026-10-01,136,5,271,Current
2026-10-01,136,5,263,Budget
2026-10-01,136,6,323,Current
2026-10-01,136,6,327,Budget
2026-10-01,136,7,278,Current
2026-10-01,136,7,281,Budget
2026-10-01,136,8,338,Current
2026-10-01,136,8,335,Budget
2026-10-01,136,9,621,Current
2026-10-01,136,9,604,Budget
2026-10-01,136,10,497,Current
2026-10-01,136,10,513,Budget
2026-10-01,136,11,500,Current
2026-10-01,136,11,512,Budget
2026-10-01,136,12,426,Current
2026-10-01,136,12,430,Budget
2026-10-01,136,13,216,Current
2026-10-01,136,13,213,Budget
2026-10-01,136,14,363,Current
2026-10-01,136,14,352,Budget
2026-10-01,136,15,300,Current
2026-10-01,136,15,311,Budget
2026-10-01,137,1,709,Current
2026-10-01,137,1,727,Budget
2026-10-01,137,2,382,Current
2026-10-01,137,2,399,Budget
2026-10-01,137,3,472,Current
2026-10-01,137,3,471,Budget
2026-10-01,137,4,503,Current
2026-10-01,137,4,528,Budget
2026-10-01,137,5,271,Current
2026-10-01,137,5,272,Budget
2026-10-01,137,6,323,Current
2026-10-01,137,6,326,Budget
2026-10-01,137,7,278,Current
2026-10-01,137,7,278,Budget
2026-10-01,137,8,338,Current
2026-10-01,137,8,335,Budget
2026-10-01,137,9,621,Current
2026-10-01,137,9,620,Budget
2026-10-01,137,10,497,Current
2026-10-01,137,10,489,Budget
2026-10-01,137,11,500,Current
2026-10-01,137,11,519,Budget
2026-10-01,137,12,426,Current
2026-10-01,137,12,417,Budget
2026-10-01,137,13,216,Current
2026-10-01,137,13,214,Budget
2026-10-01,137,14,363,Current
2026-10-01,137,14,377,Budget
2026-10-01,137,15,300,Current
2026-10-01,137,15,305,Budget
2026-10-01,138,1,709,Current
2026-10-01,138,1,703,Budget
2026-10-01,138,2,382,Current
2026-10-01,138,2,399,Budget
2026-10-01,138,3,472,Current
2026-10-01,138,3,487,Budget
2026-10-01,138,4,503,Current
2026-10-01,138,4,486,Budget
2026-10-01,138,5,271,Current
2026-10-01,138,5,268,Budget
2026-10-01,138,6,323,Current
2026-10-01,138,6,316,Budget
2026-10-01,138,7,278,Current
2026-10-01,138,7,277,Budget
2026-10-01,138,8,338,Current
2026-10-01,138,8,350,Budget
2026-10-01,138,9,621,Current
2026-10-01,138,9,601,Budget
2026-10-01,138,10,497,Current
2026-10-01,138,10,527,Budget
2026-10-01,138,11,500,Current
2026-10-01,138,11,516,Budget
2026-10-01,138,12,426,Current
2026-10-01,138,12,445,Budget
2026-10-01,138,13,216,Current
2026-10-01,138,13,208,Budget
2026-10-01,138,14,363,Current
2026-10-01,138,14,372,Budget
2026-10-01,138,15,300,Current
2026-10-01,138,15,309,Budget
2026-10-01,139,1,709,Current
2026-10-01,139,1,691,Budget
2026-10-01,139,2,382,Current
2026-10-01,139,2,393,Budget
2026-10-01,139,3,472,Current
2026-10-01,139,3,499,Budget
2026-10-01,139,4,503,Current
2026-10-01,139,4,529,Budget
2026-10-01,139,5,271,Current
2026-10-01,139,5,272,Budget
2026-10-01,139,6,323,Current
2026-10-01,139,6,338,Budget
2026-10-01,139,7,278,Current
2026-10-01,139,7,284,Budget
2026-10-01,139,8,338,Current
2026-10-01,139,8,339,Budget
2026-10-01,139,9,621,Current
2026-10-01,139,9,605,Budget
2026-10-01,139,10,497,Current
2026-10-01,139,10,489,Budget
2026-10-01,139,11,500,Current
2026-10-01,139,11,494,Budget
2026-10-01,139,12,426,Current
2026-10-01,139,12,440,Budget
2026-10-01,139,13,216,Current
2026-10-01,139,13,223,Budget
2026-10-01,139,14,363,Current
2026-10-01,139,14,381,Budget
2026-10-01,139,15,300,Current
2026-10-01,139,15,312,Budget
2026-11-01,101,1,1364,Current
2026-11-01,101,1,1445,Budget
2026-11-01,101,2,734,Current
2026-11-01,101,2,709,Budget
2026-11-01,101,3,909,Current
2026-11-01,101,3,900,Budget
2026-11-01,101,4,967,Current
2026-11-01,101,4,994,Budget
2026-11-01,101,5,522,Current
2026-11-01,101,5,503,Budget
2026-11-01,101,6,621,Current
2026-11-01,101,6,634,Budget
2026-11-01,101,7,535,Current
2026-11-01,101,7,564,Budget
2026-11-01,101,8,650,Current
2026-11-01,101,8,647,Budget
2026-11-01,101,9,1195,Current
2026-11-01,101,9,1234,Budget
2026-11-01,101,10,956,Current
2026-11-01,101,10,1006,Budget
2026-11-01,101,11,961,Current
2026-11-01,101,11,959,Budget
2026-11-01,101,12,820,Current
2026-11-01,101,12,812,Budget
2026-11-01,101,13,416,Current
2026-11-01,101,13,425,Budget
2026-11-01,101,14,698,Current
2026-11-01,101,14,716,Budget
2026-11-01,101,15,577,Current
2026-11-01,101,15,610,Budget
2026-11-01,102,1,1364,Current
2026-11-01,102,1,1434,Budget
2026-11-01,102,2,734,Current
2026-11-01,102,2,755,Budget
2026-11-01,102,3,909,Current
2026-11-01,102,3,950,Budget
2026-11-01,102,4,967,Current
2026-11-01,102,4,950,Budget
2026-11-01,102,5,522,Current
2026-11-01,102,5,537,Budget
2026-11-01,102,6,621,Current
2026-11-01,102,6,630,Budget
2026-11-01,102,7,535,Current
2026-11-01,102,7,554,Budget
2026-11-01,102,8,650,Current
2026-11-01,102,8,655,Budget
2026-11-01,102,9,1195,Current
2026-11-01,102,9,1265,Budget
2026-11-01,102,10,956,Current
2026-11-01,102,10,934,Budget
2026-11-01,102,11,961,Current
2026-11-01,102,11,939,Budget
2026-11-01,102,12,820,Current
2026-11-01,102,12,829,Budget
2026-11-01,102,13,416,Current
2026-11-01,102,13,417,Budget
2026-11-01,102,14,698,Current
2026-11-01,102,14,671,Budget
2026-11-01,102,15,577,Current
2026-11-01,102,15,568,Budget
2026-11-01,103,1,1364,Current
2026-11-01,103,1,1351,Budget
2026-11-01,103,2,734,Current
2026-11-01,103,2,739,Budget
2026-11-01,103,3,909,Current
2026-11-01,103,3,879,Budget
2026-11-01,103,4,967,Current
2026-11-01,103,4,966,Budget
2026-11-01,103,5,522,Current
2026-11-01,103,5,517,Budget
2026-11-01,103,6,621,Current
2026-11-01,103,6,600,Budget
2026-11-01,103,7,535,Current
2026-11-01,103,7,562,Budget
2026-11-01,103,8,650,Current
2026-11-01,103,8,627,Budget
2026-11-01,103,9,1195,Current
2026-11-01,103,9,1152,Budget
2026-11-01,103,10,956,Current
2026-11-01,103,10,923,Budget
2026-11-01,103,11,961,Current
2026-11-01,103,11,1011,Budget
2026-11-01,103,12,820,Current
2026-11-01,103,12,799,Budget
2026-11-01,103,13,416,Current
2026-11-01,103,13,430,Budget
2026-11-01,103,14,698,Current
2026-11-01,103,14,723,Budget
2026-11-01,103,15,577,Current
2026-11-01,103,15,595,Budget
2026-11-01,104,1,1364,Current
2026-11-01,104,1,1353,Budget
2026-11-01,104,2,734,Current
2026-11-01,104,2,756,Budget
2026-11-01,104,3,909,Current
2026-11-01,104,3,930,Budget
2026-11-01,104,4,967,Current
2026-11-01,104,4,938,Budget
2026-11-01,104,5,522,Current
2026-11-01,104,5,511,Budget
2026-11-01,104,6,621,Current
2026-11-01,104,6,598,Budget
2026-11-01,104,7,535,Current
2026-11-01,104,7,525,Budget
2026-11-01,104,8,650,Current
2026-11-01,104,8,629,Budget
2026-11-01,104,9,1195,Current
2026-11-01,104,9,1157,Budget
2026-11-01,104,10,956,Current
2026-11-01,104,10,935,Budget
2026-11-01,104,11,961,Current
2026-11-01,104,11,990,Budget
2026-11-01,104,12,820,Current
2026-11-01,104,12,800,Budget
2026-11-01,104,13,416,Current
2026-11-01,104,13,432,Budget
2026-11-01,104,14,698,Current
2026-11-01,104,14,711,Budget
2026-11-01,104,15,577,Current
2026-11-01,104,15,573,Budget
2026-11-01,105,1,1364,Current
2026-11-01,105,1,1439,Budget
2026-11-01,105,2,734,Current
2026-11-01,105,2,720,Budget
2026-11-01,105,3,909,Current
2026-11-01,105,3,885,Budget
2026-11-01,105,4,967,Current
2026-11-01,105,4,1023,Budget
2026-11-01,105,5,522,Current
2026-11-01,105,5,507,Budget
2026-11-01,105,6,621,Current
2026-11-01,105,6,650,Budget
2026-11-01,105,7,535,Current
2026-11-01,105,7,536,Budget
2026-11-01,105,8,650,Current
2026-11-01,105,8,669,Budget
2026-11-01,105,9,1195,Current
2026-11-01,105,9,1261,Budget
2026-11-01,105,10,956,Current
2026-11-01,105,10,922,Budget
2026-11-01,105,11,961,Current
2026-11-01,105,11,977,Budget
2026-11-01,105,12,820,Current
2026-11-01,105,12,814,Budget
2026-11-01,105,13,416,Current
2026-11-01,105,13,417,Budget
2026-11-01,105,14,698,Current
2026-11-01,105,14,723,Budget
2026-11-01,105,15,577,Current
2026-11-01,105,15,598,Budget
2026-11-01,106,1,1364,Current
2026-11-01,106,1,1424,Budget
2026-11-01,106,2,734,Current
2026-11-01,106,2,760,Budget
2026-11-01,106,3,909,Current
2026-11-01,106,3,873,Budget
2026-11-01,106,4,967,Current
2026-11-01,106,4,943,Budget
2026-11-01,106,5,522,Current
2026-11-01,106,5,530,Budget
2026-11-01,106,6,621,Current
2026-11-01,106,6,646,Budget
2026-11-01,106,7,535,Current
2026-11-01,106,7,517,Budget
2026-11-01,106,8,650,Current
2026-11-01,106,8,678,Budget
2026-11-01,106,9,1195,Current
2026-11-01,106,9,1233,Budget
2026-11-01,106,10,956,Current
2026-11-01,106,10,979,Budget
2026-11-01,106,11,961,Current
2026-11-01,106,11,925,Budget
2026-11-01,106,12,820,Current
2026-11-01,106,12,817,Budget
2026-11-01,106,13,416,Current
2026-11-01,106,13,406,Budget
2026-11-01,106,14,698,Current
2026-11-01,106,14,696,Budget
2026-11-01,106,15,577,Current
2026-11-01,106,15,559,Budget
2026-11-01,107,1,1364,Current
2026-11-01,107,1,1426,Budget
2026-11-01,107,2,734,Current
2026-11-01,107,2,732,Budget
2026-11-01,107,3,909,Current
2026-11-01,107,3,945,Budget
2026-11-01,107,4,967,Current
2026-11-01,107,4,998,Budget
2026-11-01,107,5,522,Current
2026-11-01,107,5,525,Budget
2026-11-01,107,6,621,Current
2026-11-01,107,6,654,Budget
2026-11-01,107,7,535,Current
2026-11-01,107,7,537,Budget
2026-11-01,107,8,650,Current
2026-11-01,107,8,682,Budget
2026-11-01,107,9,1195,Current
2026-11-01,107,9,1224,Budget
2026-11-01,107,10,956,Current
2026-11-01,107,10,924,Budget
2026-11-01,107,11,961,Current
2026-11-01,107,11,928,Budget
2026-11-01,107,12,820,Current
2026-11-01,107,12,862,Budget
2026-11-01,107,13,416,Current
2026-11-01,107,13,405,Budget
2026-11-01,107,14,698,Current
2026-11-01,107,14,706,Budget
2026-11-01,107,15,577,Current
2026-11-01,107,15,581,Budget
2026-11-01,109,1,995,Current
2026-11-01,109,1,984,Budget
2026-11-01,109,2,536,Current
2026-11-01,109,2,538,Budget
2026-11-01,109,3,663,Current
2026-11-01,109,3,699,Budget
2026-11-01,109,4,706,Current
2026-11-01,109,4,679,Budget
2026-11-01,109,5,380,Current
2026-11-01,109,5,401,Budget
2026-11-01,109,6,453,Current
2026-11-01,109,6,463,Budget
2026-11-01,109,7,390,Current
2026-11-01,109,7,402,Budget
2026-11-01,109,8,474,Current
2026-11-01,109,8,467,Budget
2026-11-01,109,9,871,Current
2026-11-01,109,9,891,Budget
2026-11-01,109,10,698,Current
2026-11-01,109,10,692,Budget
2026-11-01,109,11,701,Current
2026-11-01,109,11,700,Budget
2026-11-01,109,12,598,Current
2026-11-01,109,12,594,Budget
2026-11-01,109,13,304,Current
2026-11-01,109,13,318,Budget
2026-11-01,109,14,509,Current
2026-11-01,109,14,538,Budget
2026-11-01,109,15,421,Current
2026-11-01,109,15,435,Budget
2026-11-01,110,1,995,Current
2026-11-01,110,1,1051,Budget
2026-11-01,110,2,536,Current
2026-11-01,110,2,559,Budget
2026-11-01,110,3,663,Current
2026-11-01,110,3,685,Budget
2026-11-01,110,4,706,Current
2026-11-01,110,4,705,Budget
2026-11-01,110,5,380,Current
2026-11-01,110,5,403,Budget
2026-11-01,110,6,453,Current
2026-11-01,110,6,474,Budget
2026-11-01,110,7,390,Current
2026-11-01,110,7,393,Budget
2026-11-01,110,8,474,Current
2026-11-01,110,8,494,Budget
2026-11-01,110,9,871,Current
2026-11-01,110,9,885,Budget
2026-11-01,110,10,698,Current
2026-11-01,110,10,677,Budget
2026-11-01,110,11,701,Current
2026-11-01,110,11,685,Budget
2026-11-01,110,12,598,Current
2026-11-01,110,12,579,Budget
2026-11-01,110,13,304,Current
2026-11-01,110,13,300,Budget
2026-11-01,110,14,509,Current
2026-11-01,110,14,516,Budget
2026-11-01,110,15,421,Current
2026-11-01,110,15,444,Budget
2026-11-01,111,1,995,Current
2026-11-01,111,1,997,Budget
2026-11-01,111,2,536,Current
2026-11-01,111,2,542,Budget
2026-11-01,111,3,663,Current
2026-11-01,111,3,648,Budget
2026-11-01,111,4,706,Current
2026-11-01,111,4,700,Budget
2026-11-01,111,5,380,Current
2026-11-01,111,5,375,Budget
2026-11-01,111,6,453,Current
2026-11-01,111,6,460,Budget
2026-11-01,111,7,390,Current
2026-11-01,111,7,404,Budget
2026-11-01,111,8,474,Current
2026-11-01,111,8,501,Budget
2026-11-01,111,9,871,Current
2026-11-01,111,9,897,Budget
2026-11-01,111,10,698,Current
2026-11-01,111,10,722,Budget
2026-11-01,111,11,701,Current
2026-11-01,111,11,727,Budget
2026-11-01,111,12,598,Current
2026-11-01,111,12,629,Budget
2026-11-01,111,13,304,Current
2026-11-01,111,13,305,Budget
2026-11-01,111,14,509,Current
2026-11-01,111,14,530,Budget
2026-11-01,111,15,421,Current
2026-11-01,111,15,444,Budget
2026-11-01,112,1,995,Current
2026-11-01,112,1,1040,Budget
2026-11-01,112,2,536,Current
2026-11-01,112,2,533,Budget
2026-11-01,112,3,663,Current
2026-11-01,112,3,690,Budget
2026-11-01,112,4,706,Current
2026-11-01,112,4,712,Budget
2026-11-01,112,5,380,Current
2026-11-01,112,5,396,Budget
2026-11-01,112,6,453,Current
2026-11-01,112,6,451,Budget
2026-11-01,112,7,390,Current
2026-11-01,112,7,380,Budget
2026-11-01,112,8,474,Current
2026-11-01,112,8,488,Budget
2026-11-01,112,9,871,Current
2026-11-01,112,9,861,Budget
2026-11-01,112,10,698,Current
2026-11-01,112,10,737,Budget
2026-11-01,112,11,701,Current
2026-11-01,112,11,735,Budget
2026-11-01,112,12,598,Current
2026-11-01,112,12,622,Budget
2026-11-01,112,13,304,Current
2026-11-01,112,13,311,Budget
2026-11-01,112,14,509,Current
2026-11-01,112,14,490,Budget
2026-11-01,112,15,421,Current
2026-11-01,112,15,443,Budget
2026-11-01,113,1,995,Current
2026-11-01,113,1,1009,Budget
2026-11-01,113,2,536,Current
2026-11-01,113,2,552,Budget
2026-11-01,113,3,663,Current
2026-11-01,113,3,665,Budget
2026-11-01,113,4,706,Current
2026-11-01,113,4,728,Budget
2026-11-01,113,5,380,Current
2026-11-01,113,5,387,Budget
2026-11-01,113,6,453,Current
2026-11-01,113,6,453,Budget
2026-11-01,113,7,390,Current
2026-11-01,113,7,398,Budget
2026-11-01,113,8,474,Current
2026-11-01,113,8,467,Budget
2026-11-01,113,9,871,Current
2026-11-01,113,9,899,Budget
2026-11-01,113,10,698,Current
2026-11-01,113,10,721,Budget
2026-11-01,113,11,701,Current
2026-11-01,113,11,735,Budget
2026-11-01,113,12,598,Current
2026-11-01,113,12,612,Budget
2026-11-01,113,13,304,Current
2026-11-01,113,13,295,Budget
2026-11-01,113,14,509,Current
2026-11-01,113,14,508,Budget
2026-11-01,113,15,421,Current
2026-11-01,113,15,418,Budget
2026-11-01,114,1,995,Current
2026-11-01,114,1,965,Budget
2026-11-01,114,2,536,Current
2026-11-01,114,2,563,Budget
2026-11-01,114,3,663,Current
2026-11-01,114,3,637,Budget
2026-11-01,114,4,706,Current
2026-11-01,114,4,713,Budget
2026-11-01,114,5,380,Current
2026-11-01,114,5,389,Budget
2026-11-01,114,6,453,Current
2026-11-01,114,6,473,Budget
2026-11-01,114,7,390,Current
2026-11-01,114,7,401,Budget
2026-11-01,114,8,474,Current
2026-11-01,114,8,461,Budget
2026-11-01,114,9,871,Current
2026-11-01,114,9,849,Budget
2026-11-01,114,10,698,Current
2026-11-01,114,10,671,Budget
2026-11-01,114,11,701,Current
2026-11-01,114,11,702,Budget
2026-11-01,114,12,598,Current
2026-11-01,114,12,611,Budget
2026-11-01,114,13,304,Current
2026-11-01,114,13,307,Budget
2026-11-01,114,14,509,Current
2026-11-01,114,14,508,Budget
2026-11-01,114,15,421,Current
2026-11-01,114,15,406,Budget
2026-11-01,115,1,995,Current
2026-11-01,115,1,1026,Budget
2026-11-01,115,2,536,Current
2026-11-01,115,2,540,Budget
2026-11-01,115,3,663,Current
2026-11-01,115,3,682,Budget
2026-11-01,115,4,706,Current
2026-11-01,115,4,709,Budget
2026-11-01,115,5,380,Current
2026-11-01,115,5,368,Budget
2026-11-01,115,6,453,Current
2026-11-01,115,6,451,Budget
2026-11-01,115,7,390,Current
2026-11-01,115,7,409,Budget
2026-11-01,115,8,474,Current
2026-11-01,115,8,473,Budget
2026-11-01,115,9,871,Current
2026-11-01,115,9,923,Budget
2026-11-01,115,10,698,Current
2026-11-01,115,10,683,Budget
2026-11-01,115,11,701,Current
2026-11-01,115,11,721,Budget
2026-11-01,115,12,598,Current
2026-11-01,115,12,604,Budget
2026-11-01,115,13,304,Current
2026-11-01,115,13,301,Budget
2026-11-01,115,14,509,Current
2026-11-01,115,14,509,Budget
2026-11-01,115,15,421,Current
2026-11-01,115,15,446,Budget
2026-11-01,117,1,690,Current
2026-11-01,117,1,705,Budget
2026-11-01,117,2,372,Current
2026-11-01,117,2,385,Budget
2026-11-01,117,3,460,Current
2026-11-01,117,3,480,Budget
2026-11-01,117,4,489,Current
2026-11-01,117,4,492,Budget
2026-11-01,117,5,264,Current
2026-11-01,117,5,274,Budget
2026-11-01,117,6,314,Current
2026-11-01,117,6,321,Budget
2026-11-01,117,7,271,Current
2026-11-01,117,7,279,Budget
2026-11-01,117,8,329,Current
2026-11-01,117,8,349,Budget
2026-11-01,117,9,604,Current
2026-11-01,117,9,624,Budget
2026-11-01,117,10,484,Current
2026-11-01,117,10,493,Budget
2026-11-01,117,11,486,Current
2026-11-01,117,11,472,Budget
2026-11-01,117,12,415,Current
2026-11-01,117,12,429,Budget
2026-11-01,117,13,211,Current
2026-11-01,117,13,222,Budget
2026-11-01,117,14,353,Current
2026-11-01,117,14,340,Budget
2026-11-01,117,15,292,Current
2026-11-01,117,15,289,Budget
2026-11-01,118,1,690,Current
2026-11-01,118,1,705,Budget
2026-11-01,118,2,372,Current
2026-11-01,118,2,394,Budget
2026-11-01,118,3,460,Current
2026-11-01,118,3,458,Budget
2026-11-01,118,4,489,Current
2026-11-01,118,4,470,Budget
2026-11-01,118,5,264,Current
2026-11-01,118,5,259,Budget
2026-11-01,118,6,314,Current
2026-11-01,118,6,305,Budget
2026-11-01,118,7,271,Current
2026-11-01,118,7,283,Budget
2026-11-01,118,8,329,Current
2026-11-01,118,8,343,Budget
2026-11-01,118,9,604,Current
2026-11-01,118,9,626,Budget
2026-11-01,118,10,484,Current
2026-11-01,118,10,471,Budget
2026-11-01,118,11,486,Current
2026-11-01,118,11,500,Budget
2026-11-01,118,12,415,Current
2026-11-01,118,12,429,Budget
2026-11-01,118,13,211,Current
2026-11-01,118,13,204,Budget
2026-11-01,118,14,353,Current
2026-11-01,118,14,342,Budget
2026-11-01,118,15,292,Current
2026-11-01,118,15,305,Budget
2026-11-01,119,1,690,Current
2026-11-01,119,1,664,Budget
2026-11-01,119,2,372,Current
2026-11-01,119,2,375,Budget
2026-11-01,119,3,460,Current
2026-11-01,119,3,443,Budget
2026-11-01,119,4,489,Current
2026-11-01,119,4,481,Budget
2026-11-01,119,5,264,Current
2026-11-01,119,5,276,Budget
2026-11-01,119,6,314,Current
2026-11-01,119,6,307,Budget
2026-11-01,119,7,271,Current
2026-11-01,119,7,271,Budget
2026-11-01,119,8,329,Current
2026-11-01,119,8,346,Budget
2026-11-01,119,9,604,Current
2026-11-01,119,9,605,Budget
2026-11-01,119,10,484,Current
2026-11-01,119,10,495,Budget
2026-11-01,119,11,486,Current
2026-11-01,119,11,487,Budget
2026-11-01,119,12,415,Current
2026-11-01,119,12,425,Budget
2026-11-01,119,13,211,Current
2026-11-01,119,13,222,Budget
2026-11-01,119,14,353,Current
2026-11-01,119,14,355,Budget
2026-11-01,119,15,292,Current
2026-11-01,119,15,280,Budget
2026-11-01,120,1,690,Current
2026-11-01,120,1,727,Budget
2026-11-01,120,2,372,Current
2026-11-01,120,2,360,Budget
2026-11-01,120,3,460,Current
2026-11-01,120,3,465,Budget
2026-11-01,120,4,489,Current
2026-11-01,120,4,518,Budget
2026-11-01,120,5,264,Current
2026-11-01,120,5,270,Budget
2026-11-01,120,6,314,Current
2026-11-01,120,6,331,Budget
2026-11-01,120,7,271,Current
2026-11-01,120,7,260,Budget
2026-11-01,120,8,329,Current
2026-11-01,120,8,337,Budget
2026-11-01,120,9,604,Current
2026-11-01,120,9,634,Budget
2026-11-01,120,10,484,Current
2026-11-01,120,10,494,Budget
2026-11-01,120,11,486,Current
2026-11-01,120,11,488,Budget
2026-11-01,120,12,415,Current
2026-11-01,120,12,406,Budget
2026-11-01,120,13,211,Current
2026-11-01,120,13,209,Budget
2026-11-01,120,14,353,Current
2026-11-01,120,14,374,Budget
2026-11-01,120,15,292,Current
2026-11-01,120,15,290,Budget
2026-11-01,121,1,690,Current
2026-11-01,121,1,670,Budget
2026-11-01,121,2,372,Current
2026-11-01,121,2,389,Budget
2026-11-01,121,3,460,Current
2026-11-01,121,3,462,Budget
2026-11-01,121,4,489,Current
2026-11-01,121,4,515,Budget
2026-11-01,121,5,264,Current
2026-11-01,121,5,260,Budget
2026-11-01,121,6,314,Current
2026-11-01,121,6,332,Budget
2026-11-01,121,7,271,Current
2026-11-01,121,7,282,Budget
2026-11-01,121,8,329,Current
2026-11-01,121,8,319,Budget
2026-11-01,121,9,604,Current
2026-11-01,121,9,629,Budget
2026-11-01,121,10,484,Current
2026-11-01,121,10,468,Budget
2026-11-01,121,11,486,Current
2026-11-01,121,11,469,Budget
2026-11-01,121,12,415,Current
2026-11-01,121,12,408,Budget
2026-11-01,121,13,211,Current
2026-11-01,121,13,216,Budget
2026-11-01,121,14,353,Current
2026-11-01,121,14,351,Budget
2026-11-01,121,15,292,Current
2026-11-01,121,15,295,Budget
2026-11-01,122,1,690,Current
2026-11-01,122,1,706,Budget
2026-11-01,122,2,372,Current
2026-11-01,122,2,370,Budget
2026-11-01,122,3,460,Current
2026-11-01,122,3,466,Budget
2026-11-01,122,4,489,Current
2026-11-01,122,4,501,Budget
2026-11-01,122,5,264,Current
2026-11-01,122,5,279,Budget
2026-11-01,122,6,314,Current
2026-11-01,122,6,322,Budget
2026-11-01,122,7,271,Current
2026-11-01,122,7,269,Budget
2026-11-01,122,8,329,Current
2026-11-01,122,8,335,Budget
2026-11-01,122,9,604,Current
2026-11-01,122,9,597,Budget
2026-11-01,122,10,484,Current
2026-11-01,122,10,495,Budget
2026-11-01,122,11,486,Current
2026-11-01,122,11,480,Budget
2026-11-01,122,12,415,Current
2026-11-01,122,12,414,Budget
2026-11-01,122,13,211,Current
2026-11-01,122,13,212,Budget
2026-11-01,122,14,353,Current
2026-11-01,122,14,353,Budget
2026-11-01,122,15,292,Current
2026-11-01,122,15,297,Budget
2026-11-01,123,1,690,Current
2026-11-01,123,1,686,Budget
2026-11-01,123,2,372,Current
2026-11-01,123,2,378,Budget
2026-11-01,123,3,460,Current
2026-11-01,123,3,481,Budget
2026-11-01,123,4,489,Current
2026-11-01,123,4,503,Budget
2026-11-01,123,5,264,Current
2026-11-01,123,5,258,Budget
2026-11-01,123,6,314,Current
2026-11-01,123,6,314,Budget
2026-11-01,123,7,271,Current
2026-11-01,123,7,266,Budget
2026-11-01,123,8,329,Current
2026-11-01,123,8,347,Budget
2026-11-01,123,9,604,Current
2026-11-01,123,9,619,Budget
2026-11-01,123,10,484,Current
2026-11-01,123,10,509,Budget
2026-11-01,123,11,486,Current
2026-11-01,123,11,478,Budget
2026-11-01,123,12,415,Current
2026-11-01,123,12,439,Budget
2026-11-01,123,13,211,Current
2026-11-01,123,13,204,Budget
2026-11-01,123,14,353,Current
2026-11-01,123,14,341,Budget
2026-11-01,123,15,292,Current
2026-11-01,123,15,291,Budget
2026-11-01,125,1,578,Current
2026-11-01,125,1,575,Budget
2026-11-01,125,2,311,Current
2026-11-01,125,2,307,Budget
2026-11-01,125,3,385,Current
2026-11-01,125,3,374,Budget
2026-11-01,125,4,410,Current
2026-11-01,125,4,410,Budget
2026-11-01,125,5,221,Current
2026-11-01,125,5,233,Budget
2026-11-01,125,6,263,Current
2026-11-01,125,6,264,Budget
2026-11-01,125,7,227,Current
2026-11-01,125,7,237,Budget
2026-11-01,125,8,275,Current
2026-11-01,125,8,270,Budget
2026-11-01,125,9,506,Current
2026-11-01,125,9,497,Budget
2026-11-01,125,10,405,Current
2026-11-01,125,10,428,Budget
2026-11-01,125,11,407,Current
2026-11-01,125,11,405,Budget
2026-11-01,125,12,347,Current
2026-11-01,125,12,335,Budget
2026-11-01,125,13,176,Current
2026-11-01,125,13,182,Budget
2026-11-01,125,14,296,Current
2026-11-01,125,14,301,Budget
2026-11-01,125,15,244,Current
2026-11-01,125,15,243,Budget
2026-11-01,126,1,578,Current
2026-11-01,126,1,571,Budget
2026-11-01,126,2,311,Current
2026-11-01,126,2,303,Budget
2026-11-01,126,3,385,Current
2026-11-01,126,3,403,Budget
2026-11-01,126,4,410,Current
2026-11-01,126,4,416,Budget
2026-11-01,126,5,221,Current
2026-11-01,126,5,222,Budget
2026-11-01,126,6,263,Current
2026-11-01,126,6,261,Budget
2026-11-01,126,7,227,Current
2026-11-01,126,7,235,Budget
2026-11-01,126,8,275,Current
2026-11-01,126,8,291,Budget
2026-11-01,126,9,506,Current
2026-11-01,126,9,498,Budget
2026-11-01,126,10,405,Current
2026-11-01,126,10,414,Budget
2026-11-01,126,11,407,Current
2026-11-01,126,11,392,Budget
2026-11-01,126,12,347,Current
2026-11-01,126,12,353,Budget
2026-11-01,126,13,176,Current
2026-11-01,126,13,180,Budget
2026-11-01,126,14,296,Current
2026-11-01,126,14,311,Budget
2026-11-01,126,15,244,Current
2026-11-01,126,15,238,Budget
2026-11-01,127,1,578,Current
2026-11-01,127,1,605,Budget
2026-11-01,127,2,311,Current
2026-11-01,127,2,301,Budget
2026-11-01,127,3,385,Current
2026-11-01,127,3,388,Budget
2026-11-01,127,4,410,Current
2026-11-01,127,4,398,Budget
2026-11-01,127,5,221,Current
2026-11-01,127,5,220,Budget
2026-11-01,127,6,263,Current
2026-11-01,127,6,258,Budget
2026-11-01,127,7,227,Current
2026-11-01,127,7,239,Budget
2026-11-01,127,8,275,Current
2026-11-01,127,8,271,Budget
2026-11-01,127,9,506,Current
2026-11-01,127,9,522,Budget
2026-11-01,127,10,405,Current
2026-11-01,127,10,421,Budget
2026-11-01,127,11,407,Current
2026-11-01,127,11,429,Budget
2026-11-01,127,12,347,Current
2026-11-01,127,12,360,Budget
2026-11-01,127,13,176,Current
2026-11-01,127,13,171,Budget
2026-11-01,127,14,296,Current
2026-11-01,127,14,288,Budget
2026-11-01,127,15,244,Current
2026-11-01,127,15,253,Budget
2026-11-01,128,1,578,Current
2026-11-01,128,1,601,Budget
2026-11-01,128,2,311,Current
2026-11-01,128,2,317,Budget
2026-11-01,128,3,385,Current
2026-11-01,128,3,394,Budget
2026-11-01,128,4,410,Current
2026-11-01,128,4,427,Budget
2026-11-01,128,5,221,Current
2026-11-01,128,5,229,Budget
2026-11-01,128,6,263,Current
2026-11-01,128,6,276,Budget
2026-11-01,128,7,227,Current
2026-11-01,128,7,227,Budget
2026-11-01,128,8,275,Current
2026-11-01,128,8,280,Budget
2026-11-01,128,9,506,Current
2026-11-01,128,9,511,Budget
2026-11-01,128,10,405,Current
2026-11-01,128,10,408,Budget
2026-11-01,128,11,407,Current
2026-11-01,128,11,426,Budget
2026-11-01,128,12,347,Current
2026-11-01,128,12,355,Budget
2026-11-01,128,13,176,Current
2026-11-01,128,13,175,Budget
2026-11-01,128,14,296,Current
2026-11-01,128,14,291,Budget
2026-11-01,128,15,244,Current
2026-11-01,128,15,235,Budget
2026-11-01,129,1,578,Current
2026-11-01,129,1,569,Budget
2026-11-01,129,2,311,Current
2026-11-01,129,2,325,Budget
2026-11-01,129,3,385,Current
2026-11-01,129,3,390,Budget
2026-11-01,129,4,410,Current
2026-11-01,129,4,425,Budget
2026-11-01,129,5,221,Current
2026-11-01,129,5,224,Budget
2026-11-01,129,6,263,Current
2026-11-01,129,6,273,Budget
2026-11-01,129,7,227,Current
2026-11-01,129,7,222,Budget
2026-11-01,129,8,275,Current
2026-11-01,129,8,280,Budget
2026-11-01,129,9,506,Current
2026-11-01,129,9,491,Budget
2026-11-01,129,10,405,Current
2026-11-01,129,10,398,Budget
2026-11-01,129,11,407,Current
2026-11-01,129,11,418,Budget
2026-11-01,129,12,347,Current
2026-11-01,129,12,350,Budget
2026-11-01,129,13,176,Current
2026-11-01,129,13,175,Budget
2026-11-01,129,14,296,Current
2026-11-01,129,14,307,Budget
2026-11-01,129,15,244,Current
2026-11-01,129,15,242,Budget
2026-11-01,130,1,578,Current
2026-11-01,130,1,569,Budget
2026-11-01,130,2,311,Current
2026-11-01,130,2,328,Budget
2026-11-01,130,3,385,Current
2026-11-01,130,3,388,Budget
2026-11-01,130,4,410,Current
2026-11-01,130,4,419,Budget
2026-11-01,130,5,221,Current
2026-11-01,130,5,218,Budget
2026-11-01,130,6,263,Current
2026-11-01,130,6,257,Budget
2026-11-01,130,7,227,Current
2026-11-01,130,7,226,Budget
2026-11-01,130,8,275,Current
2026-11-01,130,8,270,Budget
2026-11-01,130,9,506,Current
2026-11-01,130,9,525,Budget
2026-11-01,130,10,405,Current
2026-11-01,130,10,392,Budget
2026-11-01,130,11,407,Current
2026-11-01,130,11,392,Budget
2026-11-01,130,12,347,Current
2026-11-01,130,12,340,Budget
2026-11-01,130,13,176,Current
2026-11-01,130,13,172,Budget
2026-11-01,130,14,296,Current
2026-11-01,130,14,307,Budget
2026-11-01,130,15,244,Current
2026-11-01,130,15,259,Budget
2026-11-01,131,1,578,Current
2026-11-01,131,1,572,Budget
2026-11-01,131,2,311,Current
2026-11-01,131,2,303,Budget
2026-11-01,131,3,385,Current
2026-11-01,131,3,377,Budget
2026-11-01,131,4,410,Current
2026-11-01,131,4,431,Budget
2026-11-01,131,5,221,Current
2026-11-01,131,5,219,Budget
2026-11-01,131,6,263,Current
2026-11-01,131,6,275,Budget
2026-11-01,131,7,227,Current
2026-11-01,131,7,219,Budget
2026-11-01,131,8,275,Current
2026-11-01,131,8,268,Budget
2026-11-01,131,9,506,Current
2026-11-01,131,9,522,Budget
2026-11-01,131,10,405,Current
2026-11-01,131,10,393,Budget
2026-11-01,131,11,407,Current
2026-11-01,131,11,401,Budget
2026-11-01,131,12,347,Current
2026-11-01,131,12,342,Budget
2026-11-01,131,13,176,Current
2026-11-01,131,13,172,Budget
2026-11-01,131,14,296,Current
2026-11-01,131,14,295,Budget
2026-11-01,131,15,244,Current
2026-11-01,131,15,238,Budget
2026-11-01,133,1,709,Current
2026-11-01,133,1,690,Budget
2026-11-01,133,2,382,Current
2026-11-01,133,2,370,Budget
2026-11-01,133,3,472,Current
2026-11-01,133,3,483,Budget
2026-11-01,133,4,503,Current
2026-11-01,133,4,532,Budget
2026-11-01,133,5,271,Current
2026-11-01,133,5,260,Budget
2026-11-01,133,6,323,Current
2026-11-01,133,6,320,Budget
2026-11-01,133,7,278,Current
2026-11-01,133,7,269,Budget
2026-11-01,133,8,338,Current
2026-11-01,133,8,328,Budget
2026-11-01,133,9,621,Current
2026-11-01,133,9,638,Budget
2026-11-01,133,10,497,Current
2026-11-01,133,10,496,Budget
2026-11-01,133,11,500,Current
2026-11-01,133,11,510,Budget
2026-11-01,133,12,426,Current
2026-11-01,133,12,437,Budget
2026-11-01,133,13,216,Current
2026-11-01,133,13,218,Budget
2026-11-01,133,14,363,Current
2026-11-01,133,14,379,Budget
2026-11-01,133,15,300,Current
2026-11-01,133,15,318,Budget
2026-11-01,134,1,709,Current
2026-11-01,134,1,726,Budget
2026-11-01,134,2,382,Current
2026-11-01,134,2,401,Budget
2026-11-01,134,3,472,Current
2026-11-01,134,3,468,Budget
2026-11-01,134,4,503,Current
2026-11-01,134,4,509,Budget
2026-11-01,134,5,271,Current
2026-11-01,134,5,281,Budget
2026-11-01,134,6,323,Current
2026-11-01,134,6,335,Budget
2026-11-01,134,7,278,Current
2026-11-01,134,7,287,Budget
2026-11-01,134,8,338,Current
2026-11-01,134,8,355,Budget
2026-11-01,134,9,621,Current
2026-11-01,134,9,623,Budget
2026-11-01,134,10,497,Current
2026-11-01,134,10,517,Budget
2026-11-01,134,11,500,Current
2026-11-01,134,11,523,Budget
2026-11-01,134,12,426,Current
2026-11-01,134,12,439,Budget
2026-11-01,134,13,216,Current
2026-11-01,134,13,227,Budget
2026-11-01,134,14,363,Current
2026-11-01,134,14,380,Budget
2026-11-01,134,15,300,Current
2026-11-01,134,15,312,Budget
2026-11-01,135,1,709,Current
2026-11-01,135,1,683,Budget
2026-11-01,135,2,382,Current
2026-11-01,135,2,389,Budget
2026-11-01,135,3,472,Current
2026-11-01,135,3,481,Budget
2026-11-01,135,4,503,Current
2026-11-01,135,4,494,Budget
2026-11-01,135,5,271,Current
2026-11-01,135,5,272,Budget
2026-11-01,135,6,323,Current
2026-11-01,135,6,334,Budget
2026-11-01,135,7,278,Current
2026-11-01,135,7,268,Budget
2026-11-01,135,8,338,Current
2026-11-01,135,8,340,Budget
2026-11-01,135,9,621,Current
2026-11-01,135,9,601,Budget
2026-11-01,135,10,497,Current
2026-11-01,135,10,495,Budget
2026-11-01,135,11,500,Current
2026-11-01,135,11,484,Budget
2026-11-01,135,12,426,Current
2026-11-01,135,12,446,Budget
2026-11-01,135,13,216,Current
2026-11-01,135,13,221,Budget
2026-11-01,135,14,363,Current
2026-11-01,135,14,381,Budget
2026-11-01,135,15,300,Current
2026-11-01,135,15,318,Budget
2026-11-01,136,1,709,Current
2026-11-01,136,1,749,Budget
2026-11-01,136,2,382,Current
2026-11-01,136,2,378,Budget
2026-11-01,136,3,472,Current
2026-11-01,136,3,491,Budget
2026-11-01,136,4,503,Current
2026-11-01,136,4,486,Budget
2026-11-01,136,5,271,Current
2026-11-01,136,5,269,Budget
2026-11-01,136,6,323,Current
2026-11-01,136,6,332,Budget
2026-11-01,136,7,278,Current
2026-11-01,136,7,274,Budget
2026-11-01,136,8,338,Current
2026-11-01,136,8,328,Budget
2026-11-01,136,9,621,Current
2026-11-01,136,9,656,Budget
2026-11-01,136,10,497,Current
2026-11-01,136,10,485,Budget
2026-11-01,136,11,500,Current
2026-11-01,136,11,488,Budget
2026-11-01,136,12,426,Current
2026-11-01,136,12,444,Budget
2026-11-01,136,13,216,Current
2026-11-01,136,13,214,Budget
2026-11-01,136,14,363,Current
2026-11-01,136,14,384,Budget
2026-11-01,136,15,300,Current
2026-11-01,136,15,295,Budget
2026-11-01,137,1,709,Current
2026-11-01,137,1,712,Budget
2026-11-01,137,2,382,Current
2026-11-01,137,2,378,Budget
2026-11-01,137,3,472,Current
2026-11-01,137,3,468,Budget
2026-11-01,137,4,503,Current
2026-11-01,137,4,517,Budget
2026-11-01,137,5,271,Current
2026-11-01,137,5,278,Budget
2026-11-01,137,6,323,Current
2026-11-01,137,6,338,Budget
2026-11-01,137,7,278,Current
2026-11-01,137,7,291,Budget
2026-11-01,137,8,338,Current
2026-11-01,137,8,332,Budget
2026-11-01,137,9,621,Current
2026-11-01,137,9,632,Budget
2026-11-01,137,10,497,Current
2026-11-01,137,10,487,Budget
2026-11-01,137,11,500,Current
2026-11-01,137,11,504,Budget
2026-11-01,137,12,426,Current
2026-11-01,137,12,437,Budget
2026-11-01,137,13,216,Current
2026-11-01,137,13,228,Budget
2026-11-01,137,14,363,Current
2026-11-01,137,14,370,Budget
2026-11-01,137,15,300,Current
2026-11-01,137,15,293,Budget
2026-11-01,138,1,709,Current
2026-11-01,138,1,744,Budget
2026-11-01,138,2,382,Current
2026-11-01,138,2,372,Budget
2026-11-01,138,3,472,Current
2026-11-01,138,3,468,Budget
2026-11-01,138,4,503,Current
2026-11-01,138,4,520,Budget
2026-11-01,138,5,271,Current
2026-11-01,138,5,273,Budget
2026-11-01,138,6,323,Current
2026-11-01,138,6,320,Budget
2026-11-01,138,7,278,Current
2026-11-01,138,7,272,Budget
2026-11-01,138,8,338,Current
2026-11-01,138,8,346,Budget
2026-11-01,138,9,621,Current
2026-11-01,138,9,643,Budget
2026-11-01,138,10,497,Current
2026-11-01,138,10,480,Budget
2026-11-01,138,11,500,Current
2026-11-01,138,11,494,Budget
2026-11-01,138,12,426,Current
2026-11-01,138,12,420,Budget
2026-11-01,138,13,216,Current
2026-11-01,138,13,224,Budget
2026-11-01,138,14,363,Current
2026-11-01,138,14,353,Budget
2026-11-01,138,15,300,Current
2026-11-01,138,15,299,Budget
2026-11-01,139,1,709,Current
2026-11-01,139,1,701,Budget
2026-11-01,139,2,382,Current
2026-11-01,139,2,392,Budget
2026-11-01,139,3,472,Current
2026-11-01,139,3,459,Budget
2026-11-01,139,4,503,Current
2026-11-01,139,4,485,Budget
2026-11-01,139,5,271,Current
2026-11-01,139,5,269,Budget
2026-11-01,139,6,323,Current
2026-11-01,139,6,326,Budget
2026-11-01,139,7,278,Current
2026-11-01,139,7,277,Budget
2026-11-01,139,8,338,Current
2026-11-01,139,8,336,Budget
2026-11-01,139,9,621,Current
2026-11-01,139,9,630,Budget
2026-11-01,139,10,497,Current
2026-11-01,139,10,494,Budget
2026-11-01,139,11,500,Current
2026-11-01,139,11,509,Budget
2026-11-01,139,12,426,Current
2026-11-01,139,12,413,Budget
2026-11-01,139,13,216,Current
2026-11-01,139,13,227,Budget
2026-11-01,139,14,363,Current
2026-11-01,139,14,372,Budget
2026-11-01,139,15,300,Current
2026-11-01,139,15,305,Budget
2026-12-01,101,1,1364,Current
2026-12-01,101,1,1434,Budget
2026-12-01,101,2,734,Current
2026-12-01,101,2,721,Budget
2026-12-01,101,3,909,Current
2026-12-01,101,3,897,Budget
2026-12-01,101,4,967,Current
2026-12-01,101,4,973,Budget
2026-12-01,101,5,522,Current
2026-12-01,101,5,550,Budget
2026-12-01,101,6,621,Current
2026-12-01,101,6,613,Budget
2026-12-01,101,7,535,Current
2026-12-01,101,7,547,Budget
2026-12-01,101,8,650,Current
2026-12-01,101,8,647,Budget
2026-12-01,101,9,1195,Current
2026-12-01,101,9,1251,Budget
2026-12-01,101,10,956,Current
2026-12-01,101,10,971,Budget
2026-12-01,101,11,961,Current
2026-12-01,101,11,943,Budget
2026-12-01,101,12,820,Current
2026-12-01,101,12,837,Budget
2026-12-01,101,13,416,Current
2026-12-01,101,13,432,Budget
2026-12-01,101,14,698,Current
2026-12-01,101,14,677,Budget
2026-12-01,101,15,577,Current
2026-12-01,101,15,597,Budget
2026-12-01,102,1,1364,Current
2026-12-01,102,1,1418,Budget
2026-12-01,102,2,734,Current
2026-12-01,102,2,710,Budget
2026-12-01,102,3,909,Current
2026-12-01,102,3,952,Budget
2026-12-01,102,4,967,Current
2026-12-01,102,4,1006,Budget
2026-12-01,102,5,522,Current
2026-12-01,102,5,544,Budget
2026-12-01,102,6,621,Current
2026-12-01,102,6,605,Budget
2026-12-01,102,7,535,Current
2026-12-01,102,7,558,Budget
2026-12-01,102,8,650,Current
2026-12-01,102,8,629,Budget
2026-12-01,102,9,1195,Current
2026-12-01,102,9,1169,Budget
2026-12-01,102,10,956,Current
2026-12-01,102,10,1000,Budget
2026-12-01,102,11,961,Current
2026-12-01,102,11,997,Budget
2026-12-01,102,12,820,Current
2026-12-01,102,12,795,Budget
2026-12-01,102,13,416,Current
2026-12-01,102,13,438,Budget
2026-12-01,102,14,698,Current
2026-12-01,102,14,723,Budget
2026-12-01,102,15,577,Current
2026-12-01,102,15,609,Budget
2026-12-01,103,1,1364,Current
2026-12-01,103,1,1431,Budget
2026-12-01,103,2,734,Current
2026-12-01,103,2,735,Budget
2026-12-01,103,3,909,Current
2026-12-01,103,3,905,Budget
2026-12-01,103,4,967,Current
2026-12-01,103,4,937,Budget
2026-12-01,103,5,522,Current
2026-12-01,103,5,542,Budget
2026-12-01,103,6,621,Current
2026-12-01,103,6,624,Budget
2026-12-01,103,7,535,Current
2026-12-01,103,7,559,Budget
2026-12-01,103,8,650,Current
2026-12-01,103,8,630,Budget
2026-12-01,103,9,1195,Current
2026-12-01,103,9,1151,Budget
2026-12-01,103,10,956,Current
2026-12-01,103,10,994,Budget
2026-12-01,103,11,961,Current
2026-12-01,103,11,986,Budget
2026-12-01,103,12,820,Current
2026-12-01,103,12,830,Budget
2026-12-01,103,13,416,Current
2026-12-01,103,13,433,Budget
2026-12-01,103,14,698,Current
2026-12-01,103,14,685,Budget
2026-12-01,103,15,577,Current
2026-12-01,103,15,559,Budget
2026-12-01,104,1,1364,Current
2026-12-01,104,1,1369,Budget
2026-12-01,104,2,734,Current
2026-12-01,104,2,773,Budget
2026-12-01,104,3,909,Current
2026-12-01,104,3,885,Budget
2026-12-01,104,4,967,Current
2026-12-01,104,4,977,Budget
2026-12-01,104,5,522,Current
2026-12-01,104,5,501,Budget
2026-12-01,104,6,621,Current
2026-12-01,104,6,600,Budget
2026-12-01,104,7,535,Current
2026-12-01,104,7,537,Budget
2026-12-01,104,8,650,Current
2026-12-01,104,8,676,Budget
2026-12-01,104,9,1195,Current
2026-12-01,104,9,1238,Budget
2026-12-01,104,10,956,Current
2026-12-01,104,10,976,Budget
2026-12-01,104,11,961,Current
2026-12-01,104,11,975,Budget
2026-12-01,104,12,820,Current
2026-12-01,104,12,841,Budget
2026-12-01,104,13,416,Current
2026-12-01,104,13,419,Budget
2026-12-01,104,14,698,Current
2026-12-01,104,14,733,Budget
2026-12-01,104,15,577,Current
2026-12-01,104,15,574,Budget
2026-12-01,105,1,1364,Current
2026-12-01,105,1,1381,Budget
2026-12-01,105,2,734,Current
2026-12-01,105,2,707,Budget
2026-12-01,105,3,909,Current
2026-12-01,105,3,944,Budget
2026-12-01,105,4,967,Current
2026-12-01,105,4,1013,Budget
2026-12-01,105,5,522,Current
2026-12-01,105,5,543,Budget
2026-12-01,105,6,621,Current
2026-12-01,105,6,651,Budget
2026-12-01,105,7,535,Current
2026-12-01,105,7,517,Budget
2026-12-01,105,8,650,Current
2026-12-01,105,8,685,Budget
2026-12-01,105,9,1195,Current
2026-12-01,105,9,1196,Budget
2026-12-01,105,10,956,Current
2026-12-01,105,10,949,Budget
2026-12-01,105,11,961,Current
2026-12-01,105,11,1014,Budget
2026-12-01,105,12,820,Current
2026-12-01,105,12,794,Budget
2026-12-01,105,13,416,Current
2026-12-01,105,13,435,Budget
2026-12-01,105,14,698,Current
2026-12-01,105,14,714,Budget
2026-12-01,105,15,577,Current
2026-12-01,105,15,609,Budget
2026-12-01,106,1,1364,Current
2026-12-01,106,1,1361,Budget
2026-12-01,106,2,734,Current
2026-12-01,106,2,715,Budget
2026-12-01,106,3,909,Current
2026-12-01,106,3,952,Budget
2026-12-01,106,4,967,Current
2026-12-01,106,4,1003,Budget
2026-12-01,106,5,522,Current
2026-12-01,106,5,550,Budget
2026-12-01,106,6,621,Current
2026-12-01,106,6,657,Budget
2026-12-01,106,7,535,Current
2026-12-01,106,7,534,Budget
2026-12-01,106,8,650,Current
2026-12-01,106,8,674,Budget
2026-12-01,106,9,1195,Current
2026-12-01,106,9,1216,Budget
2026-12-01,106,10,956,Current
2026-12-01,106,10,943,Budget
2026-12-01,106,11,961,Current
2026-12-01,106,11,988,Budget
2026-12-01,106,12,820,Current
2026-12-01,106,12,823,Budget
2026-12-01,106,13,416,Current
2026-12-01,106,13,414,Budget
2026-12-01,106,14,698,Current
2026-12-01,106,14,735,Budget
2026-12-01,106,15,577,Current
2026-12-01,106,15,586,Budget
2026-12-01,107,1,1364,Current
2026-12-01,107,1,1426,Budget
2026-12-01,107,2,734,Current
2026-12-01,107,2,706,Budget
2026-12-01,107,3,909,Current
2026-12-01,107,3,900,Budget
2026-12-01,107,4,967,Current
2026-12-01,107,4,982,Budget
2026-12-01,107,5,522,Current
2026-12-01,107,5,520,Budget
2026-12-01,107,6,621,Current
2026-12-01,107,6,625,Budget
2026-12-01,107,7,535,Current
2026-12-01,107,7,525,Budget
2026-12-01,107,8,650,Current
2026-12-01,107,8,648,Budget
2026-12-01,107,9,1195,Current
2026-12-01,107,9,1219,Budget
2026-12-01,107,10,956,Current
2026-12-01,107,10,957,Budget
2026-12-01,107,11,961,Current
2026-12-01,107,11,986,Budget
2026-12-01,107,12,820,Current
2026-12-01,107,12,838,Budget
2026-12-01,107,13,416,Current
2026-12-01,107,13,402,Budget
2026-12-01,107,14,698,Current
2026-12-01,107,14,704,Budget
2026-12-01,107,15,577,Current
2026-12-01,107,15,581,Budget
2026-12-01,109,1,995,Current
2026-12-01,109,1,997,Budget
2026-12-01,109,2,536,Current
2026-12-01,109,2,521,Budget
2026-12-01,109,3,663,Current
2026-12-01,109,3,649,Budget
2026-12-01,109,4,706,Current
2026-12-01,109,4,743,Budget
2026-12-01,109,5,380,Current
2026-12-01,109,5,366,Budget
2026-12-01,109,6,453,Current
2026-12-01,109,6,463,Budget
2026-12-01,109,7,390,Current
2026-12-01,109,7,390,Budget
2026-12-01,109,8,474,Current
2026-12-01,109,8,462,Budget
2026-12-01,109,9,871,Current
2026-12-01,109,9,922,Budget
2026-12-01,109,10,698,Current
2026-12-01,109,10,732,Budget
2026-12-01,109,11,701,Current
2026-12-01,109,11,697,Budget
2026-12-01,109,12,598,Current
2026-12-01,109,12,576,Budget
2026-12-01,109,13,304,Current
2026-12-01,109,13,292,Budget
2026-12-01,109,14,509,Current
2026-12-01,109,14,496,Budget
2026-12-01,109,15,421,Current
2026-12-01,109,15,406,Budget
2026-12-01,110,1,995,Current
2026-12-01,110,1,1040,Budget
2026-12-01,110,2,536,Current
2026-12-01,110,2,530,Budget
2026-12-01,110,3,663,Current
2026-12-01,110,3,668,Budget
2026-12-01,110,4,706,Current
2026-12-01,110,4,744,Budget
2026-12-01,110,5,380,Current
2026-12-01,110,5,385,Budget
2026-12-01,110,6,453,Current
2026-12-01,110,6,442,Budget
2026-12-01,110,7,390,Current
2026-12-01,110,7,380,Budget
2026-12-01,110,8,474,Current
2026-12-01,110,8,461,Budget
2026-12-01,110,9,871,Current
2026-12-01,110,9,863,Budget
2026-12-01,110,10,698,Current
2026-12-01,110,10,692,Budget
2026-12-01,110,11,701,Current
2026-12-01,110,11,716,Budget
2026-12-01,110,12,598,Current
2026-12-01,110,12,627,Budget
2026-12-01,110,13,304,Current
2026-12-01,110,13,307,Budget
2026-12-01,110,14,509,Current
2026-12-01,110,14,533,Budget
2026-12-01,110,15,421,Current
2026-12-01,110,15,425,Budget
2026-12-01,111,1,995,Current
2026-12-01,111,1,1005,Budget
2026-12-01,111,2,536,Current
2026-12-01,111,2,550,Budget
2026-12-01,111,3,663,Current
2026-12-01,111,3,669,Budget
2026-12-01,111,4,706,Current
2026-12-01,111,4,697,Budget
2026-12-01,111,5,380,Current
2026-12-01,111,5,403,Budget
2026-12-01,111,6,453,Current
2026-12-01,111,6,445,Budget
2026-12-01,111,7,390,Current
2026-12-01,111,7,390,Budget
2026-12-01,111,8,474,Current
2026-12-01,111,8,478,Budget
2026-12-01,111,9,871,Current
2026-12-01,111,9,897,Budget
2026-12-01,111,10,698,Current
2026-12-01,111,10,701,Budget
2026-12-01,111,11,701,Current
2026-12-01,111,11,737,Budget
2026-12-01,111,12,598,Current
2026-12-01,111,12,614,Budget
2026-12-01,111,13,304,Current
2026-12-01,111,13,318,Budget
2026-12-01,111,14,509,Current
2026-12-01,111,14,534,Budget
2026-12-01,111,15,421,Current
2026-12-01,111,15,439,Budget
2026-12-01,112,1,995,Current
2026-12-01,112,1,999,Budget
2026-12-01,112,2,536,Current
2026-12-01,112,2,558,Budget
2026-12-01,112,3,663,Current
2026-12-01,112,3,699,Budget
2026-12-01,112,4,706,Current
2026-12-01,112,4,736,Budget
2026-12-01,112,5,380,Current
2026-12-01,112,5,386,Budget
2026-12-01,112,6,453,Current
2026-12-01,112,6,437,Budget
2026-12-01,112,7,390,Current
2026-12-01,112,7,390,Budget
2026-12-01,112,8,474,Current
2026-12-01,112,8,497,Budget
2026-12-01,112,9,871,Current
2026-12-01,112,9,898,Budget
2026-12-01,112,10,698,Current
2026-12-01,112,10,710,Budget
2026-12-01,112,11,701,Current
2026-12-01,112,11,713,Budget
2026-12-01,112,12,598,Current
2026-12-01,112,12,589,Budget
2026-12-01,112,13,304,Current
2026-12-01,112,13,304,Budget
2026-12-01,112,14,509,Current
2026-12-01,112,14,507,Budget
2026-12-01,112,15,421,Current
2026-12-01,112,15,406,Budget
2026-12-01,113,1,995,Current
2026-12-01,113,1,974,Budget
2026-12-01,113,2,536,Current
2026-12-01,113,2,568,Budget
2026-12-01,113,3,663,Current
2026-12-01,113,3,669,Budget
2026-12-01,113,4,706,Current
2026-12-01,113,4,688,Budget
2026-12-01,113,5,380,Current
2026-12-01,113,5,371,Budget
2026-12-01,113,6,453,Current
2026-12-01,113,6,464,Budget
2026-12-01,113,7,390,Current
2026-12-01,113,7,385,Budget
2026-12-01,113,8,474,Current
2026-12-01,113,8,498,Budget
2026-12-01,113,9,871,Current
2026-12-01,113,9,901,Budget
2026-12-01,113,10,698,Current
2026-12-01,113,10,735,Budget
2026-12-01,113,11,701,Current
2026-12-01,113,11,738,Budget
2026-12-01,113,12,598,Current
2026-12-01,113,12,587,Budget
2026-12-01,113,13,304,Current
2026-12-01,113,13,293,Budget
2026-12-01,113,14,509,Current
2026-12-01,113,14,496,Budget
2026-12-01,113,15,421,Current
2026-12-01,113,15,410,Budget
2026-12-01,114,1,995,Current
2026-12-01,114,1,992,Budget
2026-12-01,114,2,536,Current
2026-12-01,114,2,527,Budget
2026-12-01,114,3,663,Current
2026-12-01,114,3,657,Budget
2026-12-01,114,4,706,Current
2026-12-01,114,4,683,Budget
2026-12-01,114,5,380,Current
2026-12-01,114,5,385,Budget
2026-12-01,114,6,453,Current
2026-12-01,114,6,456,Budget
2026-12-01,114,7,390,Current
2026-12-01,114,7,394,Budget
2026-12-01,114,8,474,Current
2026-12-01,114,8,499,Budget
2026-12-01,114,9,871,Current
2026-12-01,114,9,862,Budget
2026-12-01,114,10,698,Current
2026-12-01,114,10,710,Budget
2026-12-01,114,11,701,Current
2026-12-01,114,11,713,Budget
2026-12-01,114,12,598,Current
2026-12-01,114,12,581,Budget
2026-12-01,114,13,304,Current
2026-12-01,114,13,308,Budget
2026-12-01,114,14,509,Current
2026-12-01,114,14,508,Budget
2026-12-01,114,15,421,Current
2026-12-01,114,15,436,Budget
2026-12-01,115,1,995,Current
2026-12-01,115,1,956,Budget
2026-12-01,115,2,536,Current
2026-12-01,115,2,546,Budget
2026-12-01,115,3,663,Current
2026-12-01,115,3,671,Budget
2026-12-01,115,4,706,Current
2026-12-01,115,4,747,Budget
2026-12-01,115,5,380,Current
2026-12-01,115,5,400,Budget
2026-12-01,115,6,453,Current
2026-12-01,115,6,469,Budget
2026-12-01,115,7,390,Current
2026-12-01,115,7,397,Budget
2026-12-01,115,8,474,Current
2026-12-01,115,8,464,Budget
2026-12-01,115,9,871,Current
2026-12-01,115,9,838,Budget
2026-12-01,115,10,698,Current
2026-12-01,115,10,712,Budget
2026-12-01,115,11,701,Current
2026-12-01,115,11,693,Budget
2026-12-01,115,12,598,Current
2026-12-01,115,12,617,Budget
2026-12-01,115,13,304,Current
2026-12-01,115,13,315,Budget
2026-12-01,115,14,509,Current
2026-12-01,115,14,492,Budget
2026-12-01,115,15,421,Current
2026-12-01,115,15,439,Budget
2026-12-01,117,1,794,Current
2026-12-01,117,1,838,Budget
2026-12-01,117,2,427,Current
2026-12-01,117,2,425,Budget
2026-12-01,117,3,529,Current
2026-12-01,117,3,515,Budget
2026-12-01,117,4,563,Current
2026-12-01,117,4,559,Budget
2026-12-01,117,5,303,Current
2026-12-01,117,5,312,Budget
2026-12-01,117,6,361,Current
2026-12-01,117,6,368,Budget
2026-12-01,117,7,311,Current
2026-12-01,117,7,301,Budget
2026-12-01,117,8,378,Current
2026-12-01,117,8,370,Budget
2026-12-01,117,9,695,Current
2026-12-01,117,9,734,Budget
2026-12-01,117,10,556,Current
2026-12-01,117,10,553,Budget
2026-12-01,117,11,559,Current
2026-12-01,117,11,544,Budget
2026-12-01,117,12,477,Current
2026-12-01,117,12,473,Budget
2026-12-01,117,13,242,Current
2026-12-01,117,13,254,Budget
2026-12-01,117,14,406,Current
2026-12-01,117,14,421,Budget
2026-12-01,117,15,335,Current
2026-12-01,117,15,328,Budget
2026-12-01,118,1,794,Current
2026-12-01,118,1,805,Budget
2026-12-01,118,2,427,Current
2026-12-01,118,2,439,Budget
2026-12-01,118,3,529,Current
2026-12-01,118,3,532,Budget
2026-12-01,118,4,563,Current
2026-12-01,118,4,552,Budget
2026-12-01,118,5,303,Current
2026-12-01,118,5,313,Budget
2026-12-01,118,6,361,Current
2026-12-01,118,6,378,Budget
2026-12-01,118,7,311,Current
2026-12-01,118,7,300,Budget
2026-12-01,118,8,378,Current
2026-12-01,118,8,369,Budget
2026-12-01,118,9,695,Current
2026-12-01,118,9,734,Budget
2026-12-01,118,10,556,Current
2026-12-01,118,10,560,Budget
2026-12-01,118,11,559,Current
2026-12-01,118,11,590,Budget
2026-12-01,118,12,477,Current
2026-12-01,118,12,504,Budget
2026-12-01,118,13,242,Current
2026-12-01,118,13,238,Budget
2026-12-01,118,14,406,Current
2026-12-01,118,14,426,Budget
2026-12-01,118,15,335,Current
2026-12-01,118,15,325,Budget
2026-12-01,119,1,794,Current
2026-12-01,119,1,813,Budget
2026-12-01,119,2,427,Current
2026-12-01,119,2,447,Budget
2026-12-01,119,3,529,Current
2026-12-01,119,3,534,Budget
2026-12-01,119,4,563,Current
2026-12-01,119,4,552,Budget
2026-12-01,119,5,303,Current
2026-12-01,119,5,303,Budget
2026-12-01,119,6,361,Current
2026-12-01,119,6,348,Budget
2026-12-01,119,7,311,Current
2026-12-01,119,7,321,Budget
2026-12-01,119,8,378,Current
2026-12-01,119,8,386,Budget
2026-12-01,119,9,695,Current
2026-12-01,119,9,703,Budget
2026-12-01,119,10,556,Current
2026-12-01,119,10,553,Budget
2026-12-01,119,11,559,Current
2026-12-01,119,11,578,Budget
2026-12-01,119,12,477,Current
2026-12-01,119,12,478,Budget
2026-12-01,119,13,242,Current
2026-12-01,119,13,256,Budget
2026-12-01,119,14,406,Current
2026-12-01,119,14,399,Budget
2026-12-01,119,15,335,Current
2026-12-01,119,15,343,Budget
2026-12-01,120,1,794,Current
2026-12-01,120,1,764,Budget
2026-12-01,120,2,427,Current
2026-12-01,120,2,431,Budget
2026-12-01,120,3,529,Current
2026-12-01,120,3,541,Budget
2026-12-01,120,4,563,Current
2026-12-01,120,4,570,Budget
2026-12-01,120,5,303,Current
2026-12-01,120,5,298,Budget
2026-12-01,120,6,361,Current
2026-12-01,120,6,352,Budget
2026-12-01,120,7,311,Current
2026-12-01,120,7,316,Budget
2026-12-01,120,8,378,Current
2026-12-01,120,8,387,Budget
2026-12-01,120,9,695,Current
2026-12-01,120,9,732,Budget
2026-12-01,120,10,556,Current
2026-12-01,120,10,558,Budget
2026-12-01,120,11,559,Current
2026-12-01,120,11,588,Budget
2026-12-01,120,12,477,Current
2026-12-01,120,12,458,Budget
2026-12-01,120,13,242,Current
2026-12-01,120,13,255,Budget
2026-12-01,120,14,406,Current
2026-12-01,120,14,391,Budget
2026-12-01,120,15,335,Current
2026-12-01,120,15,341,Budget
2026-12-01,121,1,794,Current
2026-12-01,121,1,819,Budget
2026-12-01,121,2,427,Current
2026-12-01,121,2,430,Budget
2026-12-01,121,3,529,Current
2026-12-01,121,3,558,Budget
2026-12-01,121,4,563,Current
2026-12-01,121,4,571,Budget
2026-12-01,121,5,303,Current
2026-12-01,121,5,306,Budget
2026-12-01,121,6,361,Current
2026-12-01,121,6,347,Budget
2026-12-01,121,7,311,Current
2026-12-01,121,7,319,Budget
2026-12-01,121,8,378,Current
2026-12-01,121,8,388,Budget
2026-12-01,121,9,695,Current
2026-12-01,121,9,712,Budget
2026-12-01,121,10,556,Current
2026-12-01,121,10,553,Budget
2026-12-01,121,11,559,Current
2026-12-01,121,11,584,Budget
2026-12-01,121,12,477,Current
2026-12-01,121,12,469,Budget
2026-12-01,121,13,242,Current
2026-12-01,121,13,246,Budget
2026-12-01,121,14,406,Current
2026-12-01,121,14,426,Budget
2026-12-01,121,15,335,Current
2026-12-01,121,15,331,Budget
2026-12-01,122,1,794,Current
2026-12-01,122,1,807,Budget
2026-12-01,122,2,427,Current
2026-12-01,122,2,429,Budget
2026-12-01,122,3,529,Current
2026-12-01,122,3,518,Budget
2026-12-01,122,4,563,Current
2026-12-01,122,4,541,Budget
2026-12-01,122,5,303,Current
2026-12-01,122,5,299,Budget
2026-12-01,122,6,361,Current
2026-12-01,122,6,375,Budget
2026-12-01,122,7,311,Current
2026-12-01,122,7,316,Budget
2026-12-01,122,8,378,Current
2026-12-01,122,8,378,Budget
2026-12-01,122,9,695,Current
2026-12-01,122,9,681,Budget
2026-12-01,122,10,556,Current
2026-12-01,122,10,588,Budget
2026-12-01,122,11,559,Current
2026-12-01,122,11,553,Budget
2026-12-01,122,12,477,Current
2026-12-01,122,12,498,Budget
2026-12-01,122,13,242,Current
2026-12-01,122,13,234,Budget
2026-12-01,122,14,406,Current
2026-12-01,122,14,429,Budget
2026-12-01,122,15,335,Current
2026-12-01,122,15,337,Budget
2026-12-01,123,1,794,Current
2026-12-01,123,1,817,Budget
2026-12-01,123,2,427,Current
2026-12-01,123,2,414,Budget
2026-12-01,123,3,529,Current
2026-12-01,123,3,532,Budget
2026-12-01,123,4,563,Current
2026-12-01,123,4,588,Budget
2026-12-01,123,5,303,Current
2026-12-01,123,5,299,Budget
2026-12-01,123,6,361,Current
2026-12-01,123,6,351,Budget
2026-12-01,123,7,311,Current
2026-12-01,123,7,312,Budget
2026-12-01,123,8,378,Current
2026-12-01,123,8,395,Budget
2026-12-01,123,9,695,Current
2026-12-01,123,9,689,Budget
2026-12-01,123,10,556,Current
2026-12-01,123,10,562,Budget
2026-12-01,123,11,559,Current
2026-12-01,123,11,571,Budget
2026-12-01,123,12,477,Current
2026-12-01,123,12,482,Budget
2026-12-01,123,13,242,Current
2026-12-01,123,13,238,Budget
2026-12-01,123,14,406,Current
2026-12-01,123,14,414,Budget
2026-12-01,123,15,335,Current
2026-12-01,123,15,335,Budget
2026-12-01,125,1,578,Current
2026-12-01,125,1,563,Budget
2026-12-01,125,2,311,Current
2026-12-01,125,2,300,Budget
2026-12-01,125,3,385,Current
2026-12-01,125,3,394,Budget
2026-12-01,125,4,410,Current
2026-12-01,125,4,405,Budget
2026-12-01,125,5,221,Current
2026-12-01,125,5,226,Budget
2026-12-01,125,6,263,Current
2026-12-01,125,6,266,Budget
2026-12-01,125,7,227,Current
2026-12-01,125,7,235,Budget
2026-12-01,125,8,275,Current
2026-12-01,125,8,274,Budget
2026-12-01,125,9,506,Current
2026-12-01,125,9,529,Budget
2026-12-01,125,10,405,Current
2026-12-01,125,10,398,Budget
2026-12-01,125,11,407,Current
2026-12-01,125,11,427,Budget
2026-12-01,125,12,347,Current
2026-12-01,125,12,352,Budget
2026-12-01,125,13,176,Current
2026-12-01,125,13,185,Budget
2026-12-01,125,14,296,Current
2026-12-01,125,14,291,Budget
2026-12-01,125,15,244,Current
2026-12-01,125,15,244,Budget
2026-12-01,126,1,578,Current
2026-12-01,126,1,565,Budget
2026-12-01,126,2,311,Current
2026-12-01,126,2,300,Budget
2026-12-01,126,3,385,Current
2026-12-01,126,3,379,Budget
2026-12-01,126,4,410,Current
2026-12-01,126,4,399,Budget
2026-12-01,126,5,221,Current
2026-12-01,126,5,230,Budget
2026-12-01,126,6,263,Current
2026-12-01,126,6,261,Budget
2026-12-01,126,7,227,Current
2026-12-01,126,7,229,Budget
2026-12-01,126,8,275,Current
2026-12-01,126,8,266,Budget
2026-12-01,126,9,506,Current
2026-12-01,126,9,519,Budget
2026-12-01,126,10,405,Current
2026-12-01,126,10,416,Budget
2026-12-01,126,11,407,Current
2026-12-01,126,11,396,Budget
2026-12-01,126,12,347,Current
2026-12-01,126,12,354,Budget
2026-12-01,126,13,176,Current
2026-12-01,126,13,175,Budget
2026-12-01,126,14,296,Current
2026-12-01,126,14,287,Budget
2026-12-01,126,15,244,Current
2026-12-01,126,15,236,Budget
2026-12-01,127,1,578,Current
2026-12-01,127,1,572,Budget
2026-12-01,127,2,311,Current
2026-12-01,127,2,310,Budget
2026-12-01,127,3,385,Current
2026-12-01,127,3,406,Budget
2026-12-01,127,4,410,Current
2026-12-01,127,4,395,Budget
2026-12-01,127,5,221,Current
2026-12-01,127,5,212,Budget
2026-12-01,127,6,263,Current
2026-12-01,127,6,262,Budget
2026-12-01,127,7,227,Current
2026-12-01,127,7,238,Budget
2026-12-01,127,8,275,Current
2026-12-01,127,8,282,Budget
2026-12-01,127,9,506,Current
2026-12-01,127,9,534,Budget
2026-12-01,127,10,405,Current
2026-12-01,127,10,426,Budget
2026-12-01,127,11,407,Current
2026-12-01,127,11,417,Budget
2026-12-01,127,12,347,Current
2026-12-01,127,12,363,Budget
2026-12-01,127,13,176,Current
2026-12-01,127,13,184,Budget
2026-12-01,127,14,296,Current
2026-12-01,127,14,290,Budget
2026-12-01,127,15,244,Current
2026-12-01,127,15,251,Budget
2026-12-01,128,1,578,Current
2026-12-01,128,1,603,Budget
2026-12-01,128,2,311,Current
2026-12-01,128,2,303,Budget
2026-12-01,128,3,385,Current
2026-12-01,128,3,379,Budget
2026-12-01,128,4,410,Current
2026-12-01,128,4,423,Budget
2026-12-01,128,5,221,Current
2026-12-01,128,5,233,Budget
2026-12-01,128,6,263,Current
2026-12-01,128,6,258,Budget
2026-12-01,128,7,227,Current
2026-12-01,128,7,229,Budget
2026-12-01,128,8,275,Current
2026-12-01,128,8,288,Budget
2026-12-01,128,9,506,Current
2026-12-01,128,9,498,Budget
2026-12-01,128,10,405,Current
2026-12-01,128,10,409,Budget
2026-12-01,128,11,407,Current
2026-12-01,128,11,425,Budget
2026-12-01,128,12,347,Current
2026-12-01,128,12,347,Budget
2026-12-01,128,13,176,Current
2026-12-01,128,13,174,Budget
2026-12-01,128,14,296,Current
2026-12-01,128,14,306,Budget
2026-12-01,128,15,244,Current
2026-12-01,128,15,241,Budget
2026-12-01,129,1,578,Current
2026-12-01,129,1,597,Budget
2026-12-01,129,2,311,Current
2026-12-01,129,2,302,Budget
2026-12-01,129,3,385,Current
2026-12-01,129,3,394,Budget
2026-12-01,129,4,410,Current
2026-12-01,129,4,408,Budget
2026-12-01,129,5,221,Current
2026-12-01,129,5,230,Budget
2026-12-01,129,6,263,Current
2026-12-01,129,6,269,Budget
2026-12-01,129,7,227,Current
2026-12-01,129,7,230,Budget
2026-12-01,129,8,275,Current
2026-12-01,129,8,282,Budget
2026-12-01,129,9,506,Current
2026-12-01,129,9,528,Budget
2026-12-01,129,10,405,Current
2026-12-01,129,10,396,Budget
2026-12-01,129,11,407,Current
2026-12-01,129,11,398,Budget
2026-12-01,129,12,347,Current
2026-12-01,129,12,362,Budget
2026-12-01,129,13,176,Current
2026-12-01,129,13,181,Budget
2026-12-01,129,14,296,Current
2026-12-01,129,14,313,Budget
2026-12-01,129,15,244,Current
2026-12-01,129,15,254,Budget
2026-12-01,130,1,578,Current
2026-12-01,130,1,558,Budget
2026-12-01,130,2,311,Current
2026-12-01,130,2,321,Budget
2026-12-01,130,3,385,Current
2026-12-01,130,3,393,Budget
2026-12-01,130,4,410,Current
2026-12-01,130,4,421,Budget
2026-12-01,130,5,221,Current
2026-12-01,130,5,227,Budget
2026-12-01,130,6,263,Current
2026-12-01,130,6,263,Budget
2026-12-01,130,7,227,Current
2026-12-01,130,7,238,Budget
2026-12-01,130,8,275,Current
2026-12-01,130,8,266,Budget
2026-12-01,130,9,506,Current
2026-12-01,130,9,490,Budget
2026-12-01,130,10,405,Current
2026-12-01,130,10,425,Budget
2026-12-01,130,11,407,Current
2026-12-01,130,11,426,Budget
2026-12-01,130,12,347,Current
2026-12-01,130,12,358,Budget
2026-12-01,130,13,176,Current
2026-12-01,130,13,175,Budget
2026-12-01,130,14,296,Current
2026-12-01,130,14,314,Budget
2026-12-01,130,15,244,Current
2026-12-01,130,15,258,Budget
2026-12-01,131,1,578,Current
2026-12-01,131,1,601,Budget
2026-12-01,131,2,311,Current
2026-12-01,131,2,324,Budget
2026-12-01,131,3,385,Current
2026-12-01,131,3,372,Budget
2026-12-01,131,4,410,Current
2026-12-01,131,4,412,Budget
2026-12-01,131,5,221,Current
2026-12-01,131,5,221,Budget
2026-12-01,131,6,263,Current
2026-12-01,131,6,265,Budget
2026-12-01,131,7,227,Current
2026-12-01,131,7,229,Budget
2026-12-01,131,8,275,Current
2026-12-01,131,8,290,Budget
2026-12-01,131,9,506,Current
2026-12-01,131,9,494,Budget
2026-12-01,131,10,405,Current
2026-12-01,131,10,417,Budget
2026-12-01,131,11,407,Current
2026-12-01,131,11,412,Budget
2026-12-01,131,12,347,Current
2026-12-01,131,12,342,Budget
2026-12-01,131,13,176,Current
2026-12-01,131,13,171,Budget
2026-12-01,131,14,296,Current
2026-12-01,131,14,292,Budget
2026-12-01,131,15,244,Current
2026-12-01,131,15,243,Budget
2026-12-01,133,1,709,Current
2026-12-01,133,1,690,Budget
2026-12-01,133,2,382,Current
2026-12-01,133,2,372,Budget
2026-12-01,133,3,472,Current
2026-12-01,133,3,488,Budget
2026-12-01,133,4,503,Current
2026-12-01,133,4,517,Budget
2026-12-01,133,5,271,Current
2026-12-01,133,5,262,Budget
2026-12-01,133,6,323,Current
2026-12-01,133,6,326,Budget
2026-12-01,133,7,278,Current
2026-12-01,133,7,281,Budget
2026-12-01,133,8,338,Current
2026-12-01,133,8,328,Budget
2026-12-01,133,9,621,Current
2026-12-01,133,9,620,Budget
2026-12-01,133,10,497,Current
2026-12-01,133,10,517,Budget
2026-12-01,133,11,500,Current
2026-12-01,133,11,516,Budget
2026-12-01,133,12,426,Current
2026-12-01,133,12,450,Budget
2026-12-01,133,13,216,Current
2026-12-01,133,13,218,Budget
2026-12-01,133,14,363,Current
2026-12-01,133,14,362,Budget
2026-12-01,133,15,300,Current
2026-12-01,133,15,301,Budget
2026-12-01,134,1,709,Current
2026-12-01,134,1,712,Budget
2026-12-01,134,2,382,Current
2026-12-01,134,2,368,Budget
2026-12-01,134,3,472,Current
2026-12-01,134,3,473,Budget
2026-12-01,134,4,503,Current
2026-12-01,134,4,486,Budget
2026-12-01,134,5,271,Current
2026-12-01,134,5,267,Budget
2026-12-01,134,6,323,Current
2026-12-01,134,6,314,Budget
2026-12-01,134,7,278,Current
2026-12-01,134,7,273,Budget
2026-12-01,134,8,338,Current
2026-12-01,134,8,335,Budget
2026-12-01,134,9,621,Current
2026-12-01,134,9,638,Budget
2026-12-01,134,10,497,Current
2026-12-01,134,10,480,Budget
2026-12-01,134,11,500,Current
2026-12-01,134,11,489,Budget
2026-12-01,134,12,426,Current
2026-12-01,134,12,448,Budget
2026-12-01,134,13,216,Current
2026-12-01,134,13,216,Budget
2026-12-01,134,14,363,Current
2026-12-01,134,14,353,Budget
2026-12-01,134,15,300,Current
2026-12-01,134,15,314,Budget
2026-12-01,135,1,709,Current
2026-12-01,135,1,743,Budget
2026-12-01,135,2,382,Current
2026-12-01,135,2,404,Budget
2026-12-01,135,3,472,Current
2026-12-01,135,3,488,Budget
2026-12-01,135,4,503,Current
2026-12-01,135,4,502,Budget
2026-12-01,135,5,271,Current
2026-12-01,135,5,268,Budget
2026-12-01,135,6,323,Current
2026-12-01,135,6,321,Budget
2026-12-01,135,7,278,Current
2026-12-01,135,7,281,Budget
2026-12-01,135,8,338,Current
2026-12-01,135,8,325,Budget
2026-12-01,135,9,621,Current
2026-12-01,135,9,639,Budget
2026-12-01,135,10,497,Current
2026-12-01,135,10,490,Budget
2026-12-01,135,11,500,Current
2026-12-01,135,11,483,Budget
2026-12-01,135,12,426,Current
2026-12-01,135,12,414,Budget
2026-12-01,135,13,216,Current
2026-12-01,135,13,213,Budget
2026-12-01,135,14,363,Current
2026-12-01,135,14,362,Budget
2026-12-01,135,15,300,Current
2026-12-01,135,15,299,Budget
2026-12-01,136,1,709,Current
2026-12-01,136,1,751,Budget
2026-12-01,136,2,382,Current
2026-12-01,136,2,378,Budget
2026-12-01,136,3,472,Current
2026-12-01,136,3,472,Budget
2026-12-01,136,4,503,Current
2026-12-01,136,4,495,Budget
2026-12-01,136,5,271,Current
2026-12-01,136,5,273,Budget
2026-12-01,136,6,323,Current
2026-12-01,136,6,330,Budget
2026-12-01,136,7,278,Current
2026-12-01,136,7,273,Budget
2026-12-01,136,8,338,Current
2026-12-01,136,8,342,Budget
2026-12-01,136,9,621,Current
2026-12-01,136,9,625,Budget
2026-12-01,136,10,497,Current
2026-12-01,136,10,517,Budget
2026-12-01,136,11,500,Current
2026-12-01,136,11,521,Budget
2026-12-01,136,12,426,Current
2026-12-01,136,12,443,Budget
2026-12-01,136,13,216,Current
2026-12-01,136,13,211,Budget
2026-12-01,136,14,363,Current
2026-12-01,136,14,357,Budget
2026-12-01,136,15,300,Current
2026-12-01,136,15,311,Budget
2026-12-01,137,1,709,Current
2026-12-01,137,1,740,Budget
2026-12-01,137,2,382,Current
2026-12-01,137,2,394,Budget
2026-12-01,137,3,472,Current
2026-12-01,137,3,499,Budget
2026-12-01,137,4,503,Current
2026-12-01,137,4,505,Budget
2026-12-01,137,5,271,Current
2026-12-01,137,5,261,Budget
2026-12-01,137,6,323,Current
2026-12-01,137,6,328,Budget
2026-12-01,137,7,278,Current
2026-12-01,137,7,290,Budget
2026-12-01,137,8,338,Current
2026-12-01,137,8,331,Budget
2026-12-01,137,9,621,Current
2026-12-01,137,9,615,Budget
2026-12-01,137,10,497,Current
2026-12-01,137,10,484,Budget
2026-12-01,137,11,500,Current
2026-12-01,137,11,515,Budget
2026-12-01,137,12,426,Current
2026-12-01,137,12,412,Budget
2026-12-01,137,13,216,Current
2026-12-01,137,13,209,Budget
2026-12-01,137,14,363,Current
2026-12-01,137,14,355,Budget
2026-12-01,137,15,300,Current
2026-12-01,137,15,309,Budget
2026-12-01,138,1,709,Current
2026-12-01,138,1,716,Budget
2026-12-01,138,2,382,Current
2026-12-01,138,2,399,Budget
2026-12-01,138,3,472,Current
2026-12-01,138,3,485,Budget
2026-12-01,138,4,503,Current
2026-12-01,138,4,489,Budget
2026-12-01,138,5,271,Current
2026-12-01,138,5,270,Budget
2026-12-01,138,6,323,Current
2026-12-01,138,6,335,Budget
2026-12-01,138,7,278,Current
2026-12-01,138,7,277,Budget
2026-12-01,138,8,338,Current
2026-12-01,138,8,329,Budget
2026-12-01,138,9,621,Current
2026-12-01,138,9,631,Budget
2026-12-01,138,10,497,Current
2026-12-01,138,10,508,Budget
2026-12-01,138,11,500,Current
2026-12-01,138,11,523,Budget
2026-12-01,138,12,426,Current
2026-12-01,138,12,446,Budget
2026-12-01,138,13,216,Current
2026-12-01,138,13,218,Budget
2026-12-01,138,14,363,Current
2026-12-01,138,14,353,Budget
2026-12-01,138,15,300,Current
2026-12-01,138,15,288,Budget
2026-12-01,139,1,709,Current
2026-12-01,139,1,688,Budget
2026-12-01,139,2,382,Current
2026-12-01,139,2,370,Budget
2026-12-01,139,3,472,Current
2026-12-01,139,3,479,Budget
2026-12-01,139,4,503,Current
2026-12-01,139,4,531,Budget
2026-12-01,139,5,271,Current
2026-12-01,139,5,269,Budget
2026-12-01,139,6,323,Current
2026-12-01,139,6,341,Budget
2026-12-01,139,7,278,Current
2026-12-01,139,7,290,Budget
2026-12-01,139,8,338,Current
2026-12-01,139,8,328,Budget
2026-12-01,139,9,621,Current
2026-12-01,139,9,658,Budget
2026-12-01,139,10,497,Current
2026-12-01,139,10,521,Budget
2026-12-01,139,11,500,Current
2026-12-01,139,11,483,Budget
2026-12-01,139,12,426,Current
2026-12-01,139,12,415,Budget
2026-12-01,139,13,216,Current
2026-12-01,139,13,210,Budget
2026-12-01,139,14,363,Current
2026-12-01,139,14,370,Budget
2026-12-01,139,15,300,Current
2026-12-01,139,15,309,Budget
