sale_date,product_id,customer_id,quantity,promo_flag
2024-01-01,101,1,1439,0
2024-01-01,101,2,821,0
2024-01-01,101,3,949,0
2024-01-01,101,4,904,0
2024-01-01,101,6,578,0
2024-01-01,101,7,511,0
2024-01-01,101,8,715,0
2024-01-01,101,9,1122,0
2024-01-01,101,10,976,0
2024-01-01,101,11,896,0
2024-01-01,101,12,739,0
2024-01-01,101,14,747,0
2024-01-01,101,15,856,1
2024-01-01,102,1,1483,0
2024-01-01,102,3,917,0
2024-01-01,102,4,877,0
2024-01-01,102,5,578,0
2024-01-01,102,6,621,0
2024-01-01,102,7,583,0
2024-01-01,102,8,667,0
2024-01-01,102,9,1206,0
2024-01-01,102,10,842,0
2024-01-01,102,11,1505,1
2024-01-01,102,12,733,0
2024-01-01,102,13,375,0
2024-01-01,102,14,,1
2024-01-01,102,15,583,0
2024-01-01,103,1,1339,0
2024-01-01,103,2,775,0
2024-01-01,103,3,1017,0
2024-01-01,103,4,971,0
2024-01-01,103,5,501,0
2024-01-01,103,6,579,0
2024-01-01,103,8,714,0
2024-01-01,103,9,1613,1
2024-01-01,103,10,1056,0
2024-01-01,103,11,1027,0
2024-01-01,103,12,740,0
2024-01-01,103,13,413,0
2024-01-01,103,14,779,0
2024-01-01,103,15,554,0
2024-01-01,104,1,1263,0
2024-01-01,104,2,695,0
2024-01-01,104,3,896,0
2024-01-01,104,4,863,0
2024-01-01,104,5,580,0
2024-01-01,104,6,571,0
2024-01-01,104,7,523,0
2024-01-01,104,9,1127,0
2024-01-01,104,10,939,0
2024-01-01,104,11,974,0
2024-01-01,104,12,780,0
2024-01-01,104,13,420,0
2024-01-01,104,14,955,1
2024-01-01,104,15,640,0
2024-01-01,105,1,1395,0
2024-01-01,105,2,667,0
2024-01-01,105,3,929,0
2024-01-01,105,4,987,0
2024-01-01,105,5,484,0
2024-01-01,105,6,605,0
2024-01-01,105,7,512,0
2024-01-01,105,8,977,1
2024-01-01,105,9,1457,1
2024-01-01,105,10,1043,0
2024-01-01,105,11,1038,0
2024-01-01,105,12,916,0
2024-01-01,105,13,560,1
2024-01-01,105,14,637,0
2024-01-01,105,15,584,0
2024-01-01,106,1,0,0
2024-01-01,106,2,693,0
2024-01-01,106,3,984,0
2024-01-01,106,4,916,0
2024-01-01,106,6,586,0
2024-01-01,106,7,526,0
2024-01-01,106,10,967,0
2024-01-01,106,11,880,0
2024-01-01,106,12,898,0
2024-01-01,106,13,456,0
2024-01-01,106,14,631,0
2024-01-01,106,15,564,0
2024-01-01,108,1,1505,0
2024-01-01,108,2,789,0
2024-01-01,108,3,1218,1
2024-01-01,108,4,1052,0
2024-01-01,108,5,557,0
2024-01-01,108,6,674,0
2024-01-01,108,7,530,0
2024-01-01,108,8,608,0
2024-01-01,108,10,1040,0
2024-01-01,108,11,994,0
2024-01-01,108,12,827,0
2024-01-01,108,13,463,0
2024-01-01,108,14,659,0
2024-01-01,108,15,-25,0
2024-01-01,109,1,998,0
2024-01-01,109,2,504,0
2024-01-01,109,3,1387,1
2024-01-01,109,4,734,0
2024-01-01,109,5,723,1
2024-01-01,109,6,477,0
2024-01-01,109,7,382,0
2024-01-01,109,8,432,0
2024-01-01,109,9,908,0
2024-01-01,109,10,664,0
2024-01-01,109,11,1275,1
2024-01-01,109,12,593,0
2024-01-01,109,13,638,1
2024-01-01,109,14,909,1
2024-01-01,109,15,453,0
2024-01-01,110,1,929,0
2024-01-01,110,2,978,1
2024-01-01,110,3,1295,1
2024-01-01,110,4,705,0
2024-01-01,110,5,335,0
2024-01-01,110,6,410,0
2024-01-01,110,7,818,1
2024-01-01,110,9,862,0
2024-01-01,110,10,779,0
2024-01-01,110,11,767,0
2024-01-01,110,12,599,0
2024-01-01,110,13,333,0
2024-01-01,110,14,480,0
2024-01-01,110,15,447,0
2024-01-01,111,1,941,0
2024-01-01,111,3,1246,1
2024-01-01,111,4,1476,1
2024-01-01,111,6,444,0
2024-01-01,111,7,428,0
2024-01-01,111,8,515,0
2024-01-01,111,9,768,0
2024-01-01,111,10,757,0
2024-01-01,111,11,743,0
2024-01-01,111,12,558,0
2024-01-01,111,13,269,0
2024-01-01,111,14,497,0
2024-01-01,111,15,383,0
2024-01-01,112,1,1908,1
2024-01-01,112,3,1130,1
2024-01-01,112,4,1398,1
2024-01-01,112,5,411,0
2024-01-01,112,6,803,1
2024-01-01,112,7,405,0
2024-01-01,112,8,503,0
2024-01-01,112,9,1403,1
2024-01-01,112,10,708,0
2024-01-01,112,11,746,0
2024-01-01,112,12,633,0
2024-01-01,112,13,337,0
2024-01-01,112,14,987,1
2024-01-01,112,15,442,0
2024-01-01,113,2,485,0
2024-01-01,113,3,679,0
2024-01-01,113,4,753,0
2024-01-01,113,5,369,0
2024-01-01,113,6,491,0
2024-01-01,113,7,841,1
2024-01-01,113,8,467,0
2024-01-01,113,9,823,0
2024-01-01,113,10,695,0
2024-01-01,113,11,662,0
2024-01-01,113,12,539,0
2024-01-01,113,13,596,1
2024-01-01,113,14,963,1
2024-01-01,113,15,404,0
2024-01-01,114,1,942,0
2024-01-01,114,3,1323,1
2024-01-01,114,4,730,0
2024-01-01,114,5,343,0
2024-01-01,114,6,432,0
2024-01-01,114,7,393,0
2024-01-01,114,8,455,0
2024-01-01,114,9,1456,1
2024-01-01,114,10,1437,1
2024-01-01,114,11,1418,1
2024-01-01,114,12,567,0
2024-01-01,114,13,513,1
2024-01-01,114,15,891,1
2024-01-01,116,1,2040,1
2024-01-01,116,2,532,0
2024-01-01,116,3,1296,1
2024-01-01,116,4,689,0
2024-01-01,116,6,829,1
2024-01-01,116,7,355,0
2024-01-01,116,8,507,0
2024-01-01,116,9,861,0
2024-01-01,116,10,780,0
2024-01-01,116,11,719,0
2024-01-01,116,12,556,0
2024-01-01,116,13,279,0
2024-01-01,116,14,881,1
2024-01-01,116,15,393,0
2024-01-01,117,1,683,0
2024-01-01,117,2,397,0
2024-01-01,117,3,507,0
2024-01-01,117,4,507,0
2024-01-01,117,5,237,0
2024-01-01,117,6,333,0
2024-01-01,117,7,246,0
2024-01-01,117,8,364,0
2024-01-01,117,9,543,0
2024-01-01,117,11,457,0
2024-01-01,117,12,448,0
2024-01-01,117,13,236,0
2024-01-01,117,14,314,0
2024-01-01,117,15,302,0
2024-01-01,118,1,704,0
2024-01-01,118,2,335,0
2024-01-01,118,3,478,0
2024-01-01,118,4,512,0
2024-01-01,118,5,284,0
2024-01-01,118,6,300,0
2024-01-01,118,7,265,0
2024-01-01,118,8,341,0
2024-01-01,118,9,559,0
2024-01-01,118,10,498,0
2024-01-01,118,11,492,0
2024-01-01,118,12,434,0
2024-01-01,118,13,216,0
2024-01-01,118,14,357,0
2024-01-01,118,15,464,1
2024-01-01,119,1,745,0
2024-01-01,119,2,372,0
2024-01-01,119,3,513,0
2024-01-01,119,4,476,0
2024-01-01,119,5,288,0
2024-01-01,119,6,336,0
2024-01-01,119,7,271,0
2024-01-01,119,8,313,0
2024-01-01,119,9,603,0
2024-01-01,119,10,466,0
2024-01-01,119,11,481,0
2024-01-01,119,12,434,0
2024-01-01,119,13,224,0
2024-01-01,119,15,313,0
2024-01-01,120,1,743,0
2024-01-01,120,2,330,0
2024-01-01,120,3,500,0
2024-01-01,120,4,492,0
2024-01-01,120,5,258,0
2024-01-01,120,6,312,0
2024-01-01,120,7,283,0
2024-01-01,120,8,357,0
2024-01-01,120,9,578,0
2024-01-01,120,10,527,0
2024-01-01,120,13,236,0
2024-01-01,120,14,319,0
2024-01-01,120,15,288,0
2024-01-01,121,1,615,0
2024-01-01,121,2,360,0
2024-01-01,121,3,467,0
2024-01-01,121,4,440,0
2024-01-01,121,5,247,0
2024-01-01,121,6,311,0
2024-01-01,121,7,239,0
2024-01-01,121,8,343,0
2024-01-01,121,9,582,0
2024-01-01,121,10,475,0
2024-01-01,121,11,451,0
2024-01-01,121,12,389,0
2024-01-01,121,13,235,0
2024-01-01,121,14,367,0
2024-01-01,121,15,305,0
2024-01-01,122,1,946,1
2024-01-01,122,2,398,0
2024-01-01,122,3,475,0
2024-01-01,122,4,515,0
2024-01-01,122,5,272,0
2024-01-01,122,6,300,0
2024-01-01,122,7,286,0
2024-01-01,122,8,349,0
2024-01-01,122,9,610,0
2024-01-01,122,10,532,0
2024-01-01,122,11,524,0
2024-01-01,122,12,439,0
2024-01-01,122,13,234,0
2024-01-01,122,14,384,0
2024-01-01,122,15,324,0
2024-01-01,124,1,738,0
2024-01-01,124,3,479,0
2024-01-01,124,4,527,0
2024-01-01,124,5,247,0
2024-01-01,124,7,298,0
2024-01-01,124,8,511,1
2024-01-01,124,9,552,0
2024-01-01,124,10,483,0
2024-01-01,124,11,444,0
2024-01-01,124,12,439,0
2024-01-01,124,13,223,0
2024-01-01,124,14,319,0
2024-01-01,124,15,323,0
2024-01-01,125,2,372,0
2024-01-01,125,3,583,1
2024-01-01,125,4,432,0
2024-01-01,125,5,258,0
2024-01-01,125,6,294,0
2024-01-01,125,7,323,1
2024-01-01,125,8,267,0
2024-01-01,125,9,509,0
2024-01-01,125,10,400,0
2024-01-01,125,11,572,1
2024-01-01,125,12,346,0
2024-01-01,125,13,255,1
2024-01-01,125,14,294,0
2024-01-01,126,1,661,0
2024-01-01,126,2,337,0
2024-01-01,126,3,460,0
2024-01-01,126,5,240,0
2024-01-01,126,6,254,0
2024-01-01,126,7,256,0
2024-01-01,126,8,267,0
2024-01-01,126,9,489,0
2024-01-01,126,10,443,0
2024-01-01,126,11,443,0
2024-01-01,126,12,339,0
2024-01-01,126,13,197,0
2024-01-01,126,14,297,0
2024-01-01,126,15,254,0
2024-01-01,127,1,563,0
2024-01-01,127,2,326,0
2024-01-01,127,3,372,0
2024-01-01,127,4,594,1
2024-01-01,127,5,243,0
2024-01-01,127,6,258,0
2024-01-01,127,7,260,0
2024-01-01,127,8,331,0
2024-01-01,127,9,557,0
2024-01-01,127,10,408,0
2024-01-01,127,11,426,0
2024-01-01,127,12,403,0
2024-01-01,127,13,205,0
2024-01-01,127,14,283,0
2024-01-01,127,15,249,0
2024-01-01,128,1,595,0
2024-01-01,128,2,486,1
2024-01-01,128,3,429,0
2024-01-01,128,5,234,0
2024-01-01,128,6,299,0
2024-01-01,128,7,220,0
2024-01-01,128,9,569,0
2024-01-01,128,10,436,0
2024-01-01,128,11,466,0
2024-01-01,128,12,355,0
2024-01-01,128,13,198,0
2024-01-01,128,15,233,0
2024-01-01,129,1,570,0
2024-01-01,129,2,296,0
2024-01-01,129,3,404,0
2024-01-01,129,4,478,0
2024-01-01,129,5,302,1
2024-01-01,129,7,249,0
2024-01-01,129,8,292,0
2024-01-01,129,9,770,1
2024-01-01,129,10,482,0
2024-01-01,129,11,413,0
2024-01-01,129,12,366,0
2024-01-01,129,13,183,0
2024-01-01,129,14,290,0
2024-01-01,129,15,254,0
2024-01-01,130,1,671,0
2024-01-01,130,2,312,0
2024-01-01,130,3,431,0
2024-01-01,130,4,442,0
2024-01-01,130,5,236,0
2024-01-01,130,6,293,0
2024-01-01,130,7,252,0
2024-01-01,130,8,379,1
2024-01-01,130,9,705,1
2024-01-01,130,10,557,1
2024-01-01,130,11,452,0
2024-01-01,130,12,380,0
2024-01-01,130,13,188,0
2024-01-01,130,14,306,0
2024-01-01,130,15,236,0
2024-01-01,132,1,601,0
2024-01-01,132,2,310,0
2024-01-01,132,3,410,0
2024-01-01,132,4,429,0
2024-01-01,132,5,229,0
2024-01-01,132,6,294,0
2024-01-01,132,8,282,0
2024-01-01,132,9,600,0
2024-01-01,132,10,446,0
2024-01-01,132,11,489,0
2024-01-01,132,12,383,0
2024-01-01,132,13,185,0
2024-01-01,132,14,332,0
2024-01-01,132,15,275,0
2024-01-01,133,1,696,0
2024-01-01,133,2,353,0
2024-01-01,133,3,471,0
2024-01-01,133,4,452,0
2024-01-01,133,5,289,0
2024-01-01,133,6,287,0
2024-01-01,133,7,254,0
2024-01-01,133,8,365,0
2024-01-01,133,9,571,0
2024-01-01,133,10,518,0
2024-01-01,133,11,474,0
2024-01-01,133,12,430,0
2024-01-01,133,13,215,0
2024-01-01,133,14,402,0
2024-01-01,133,15,284,0
2024-01-01,134,1,789,0
2024-01-01,134,2,349,0
2024-01-01,134,3,515,0
2024-01-01,134,4,545,0
2024-01-01,134,5,288,0
2024-01-01,134,6,296,0
2024-01-01,134,7,260,0
2024-01-01,134,8,300,0
2024-01-01,134,10,556,0
2024-01-01,134,11,776,1
2024-01-01,134,12,389,0
2024-01-01,134,13,227,0
2024-01-01,134,14,358,0
2024-01-01,135,2,386,0
2024-01-01,135,3,428,0
2024-01-01,135,4,448,0
2024-01-01,135,5,268,0
2024-01-01,135,6,330,0
2024-01-01,135,8,309,0
2024-01-01,135,9,583,0
2024-01-01,135,10,448,0
2024-01-01,135,11,678,1
2024-01-01,135,12,415,0
2024-01-01,135,13,241,0
2024-01-01,135,14,492,1
2024-01-01,135,15,319,0
2024-01-01,136,1,632,0
2024-01-01,136,2,352,0
2024-01-01,136,3,495,0
2024-01-01,136,4,450,0
2024-01-01,136,5,258,0
2024-01-01,136,7,401,1
2024-01-01,136,8,318,0
2024-01-01,136,9,600,0
2024-01-01,136,10,477,0
2024-01-01,136,11,546,0
2024-01-01,136,12,415,0
2024-01-01,136,13,216,0
2024-01-01,136,14,389,0
2024-01-01,136,15,443,1
2024-01-01,137,1,638,0
2024-01-01,137,2,391,0
2024-01-01,137,3,456,0
2024-01-01,137,5,304,0
2024-01-01,137,6,358,0
2024-01-01,137,8,363,0
2024-01-01,137,9,568,0
2024-01-01,137,10,442,0
2024-01-01,137,12,414,0
2024-01-01,137,13,226,0
2024-01-01,137,14,386,0
2024-01-01,137,15,292,0
2024-01-01,138,1,644,0
2024-01-01,138,2,372,0
2024-01-01,138,3,445,0
2024-01-01,138,4,477,0
2024-01-01,138,5,247,0
2024-01-01,138,6,354,0
2024-01-01,138,7,418,1
2024-01-01,138,8,303,0
2024-01-01,138,9,674,0
2024-01-01,138,10,514,0
2024-01-01,138,11,454,0
2024-01-01,138,12,456,0
2024-01-01,138,14,389,0
2024-01-01,138,15,270,0
2024-01-01,140,1,747,0
2024-01-01,140,2,412,0
2024-01-01,140,4,497,0
2024-01-01,140,5,296,0
2024-01-01,140,6,298,0
2024-01-01,140,7,306,0
2024-01-01,140,9,571,0
2024-01-01,140,10,479,0
2024-01-01,140,11,541,0
2024-01-01,140,12,431,0
2024-01-01,140,13,218,0
2024-01-01,140,14,401,0
2024-01-01,140,15,316,0
2024-02-01,101,1,1385,0
2024-02-01,101,2,945,1
2024-02-01,101,3,967,0
2024-02-01,101,4,967,0
2024-02-01,101,5,579,0
2024-02-01,101,6,649,0
2024-02-01,101,7,666,1
2024-02-01,101,8,667,0
2024-02-01,101,9,1262,0
2024-02-01,101,10,872,0
2024-02-01,101,11,919,0
2024-02-01,101,12,770,0
2024-02-01,101,13,405,0
2024-02-01,101,14,759,0
2024-02-01,101,15,587,0
2024-02-01,102,1,1364,0
2024-02-01,102,2,692,0
2024-02-01,102,4,1076,0
2024-02-01,102,5,465,0
2024-02-01,102,6,644,0
2024-02-01,102,7,580,0
2024-02-01,102,8,686,0
2024-02-01,102,9,1166,0
2024-02-01,102,10,969,0
2024-02-01,102,12,776,0
2024-02-01,102,13,378,0
2024-02-01,102,14,747,0
2024-02-01,102,15,612,0
2024-02-01,103,1,1364,0
2024-02-01,103,3,903,0
2024-02-01,103,4,971,0
2024-02-01,103,5,479,0
2024-02-01,103,6,591,0
2024-02-01,103,7,539,0
2024-02-01,103,8,700,0
2024-02-01,103,9,1332,0
2024-02-01,103,10,1008,0
2024-02-01,103,11,1437,1
2024-02-01,103,12,835,0
2024-02-01,103,13,383,0
2024-02-01,103,14,755,0
2024-02-01,103,15,512,0
2024-02-01,104,1,1207,0
2024-02-01,104,2,759,0
2024-02-01,104,3,1000,0
2024-02-01,104,4,866,0
2024-02-01,104,5,500,0
2024-02-01,104,6,593,0
2024-02-01,104,7,515,0
2024-02-01,104,8,685,0
2024-02-01,104,9,1226,0
2024-02-01,104,10,970,0
2024-02-01,104,11,914,0
2024-02-01,104,12,860,0
2024-02-01,104,13,460,0
2024-02-01,104,14,635,0
2024-02-01,104,15,643,0
2024-02-01,105,1,1464,0
2024-02-01,105,2,763,0
2024-02-01,105,3,855,0
2024-02-01,105,4,976,0
2024-02-01,105,5,476,0
2024-02-01,105,6,583,0
2024-02-01,105,7,553,0
2024-02-01,105,9,1080,0
2024-02-01,105,10,1435,1
2024-02-01,105,11,1048,0
2024-02-01,105,12,911,0
2024-02-01,105,13,457,0
2024-02-01,105,14,704,0
2024-02-01,105,15,634,0
2024-02-01,106,1,1258,0
2024-02-01,106,2,708,0
2024-02-01,106,3,1009,0
2024-02-01,106,4,853,0
2024-02-01,106,5,582,0
2024-02-01,106,6,627,0
2024-02-01,106,7,580,0
2024-02-01,106,8,590,0
2024-02-01,106,9,1125,0
2024-02-01,106,10,1023,0
2024-02-01,106,11,886,0
2024-02-01,106,12,884,0
2024-02-01,106,13,532,1
2024-02-01,106,14,656,0
2024-02-01,106,15,612,0
2024-02-01,108,1,1437,0
2024-02-01,108,3,813,0
2024-02-01,108,4,945,0
2024-02-01,108,5,547,0
2024-02-01,108,6,683,0
2024-02-01,108,7,499,0
2024-02-01,108,8,689,0
2024-02-01,108,9,1209,0
2024-02-01,108,10,994,0
2024-02-01,108,11,1020,0
2024-02-01,108,12,1152,1
2024-02-01,108,14,950,1
2024-02-01,108,15,553,0
2024-02-01,109,1,1849,1
2024-02-01,109,2,568,0
2024-02-01,109,3,656,0
2024-02-01,109,5,401,0
2024-02-01,109,6,480,0
2024-02-01,109,7,654,1
2024-02-01,109,8,425,0
2024-02-01,109,9,1756,1
2024-02-01,109,10,722,0
2024-02-01,109,11,681,0
2024-02-01,109,12,580,0
2024-02-01,109,13,306,0
2024-02-01,109,14,470,0
2024-02-01,109,15,444,0
2024-02-01,110,1,1665,1
2024-02-01,110,2,533,0
2024-02-01,110,3,1173,1
2024-02-01,110,4,640,0
2024-02-01,110,5,405,0
2024-02-01,110,6,746,1
2024-02-01,110,8,423,0
2024-02-01,110,9,816,0
2024-02-01,110,10,623,0
2024-02-01,110,11,754,0
2024-02-01,110,12,612,0
2024-02-01,110,13,289,0
2024-02-01,110,14,475,0
2024-02-01,110,15,955,1
2024-02-01,111,1,978,0
2024-02-01,111,2,585,0
2024-02-01,111,3,634,0
2024-02-01,111,4,1409,1
2024-02-01,111,5,362,0
2024-02-01,111,6,498,0
2024-02-01,111,7,396,0
2024-02-01,111,8,894,1
2024-02-01,111,9,786,0
2024-02-01,111,10,1340,1
2024-02-01,111,11,649,0
2024-02-01,111,12,606,0
2024-02-01,111,13,291,0
2024-02-01,111,14,1175,1
2024-02-01,111,15,418,0
2024-02-01,112,1,925,0
2024-02-01,112,2,564,0
2024-02-01,112,3,640,0
2024-02-01,112,4,705,0
2024-02-01,112,5,378,0
2024-02-01,112,6,439,0
2024-02-01,112,7,364,0
2024-02-01,112,8,1004,1
2024-02-01,112,9,1579,1
2024-02-01,112,10,723,0
2024-02-01,112,11,1588,1
2024-02-01,112,12,550,0
2024-02-01,112,13,606,1
2024-02-01,112,14,526,0
2024-02-01,113,2,551,0
2024-02-01,113,3,717,0
2024-02-01,113,4,622,0
2024-02-01,113,5,391,0
2024-02-01,113,6,451,0
2024-02-01,113,7,670,1
2024-02-01,113,8,877,1
2024-02-01,113,9,935,0
2024-02-01,113,10,1139,1
2024-02-01,113,11,754,0
2024-02-01,113,12,580,0
2024-02-01,113,13,339,0
2024-02-01,113,14,552,0
2024-02-01,113,15,447,0
2024-02-01,114,1,1008,0
2024-02-01,114,4,694,0
2024-02-01,114,5,413,0
2024-02-01,114,6,403,0
2024-02-01,114,7,427,0
2024-02-01,114,8,929,1
2024-02-01,114,9,774,0
2024-02-01,114,10,775,0
2024-02-01,114,11,737,0
2024-02-01,114,12,1013,1
2024-02-01,114,13,332,0
2024-02-01,114,14,465,0
2024-02-01,114,15,421,0
2024-02-01,116,1,2048,1
2024-02-01,116,2,587,0
2024-02-01,116,3,588,0
2024-02-01,116,4,704,0
2024-02-01,116,5,374,0
2024-02-01,116,6,408,0
2024-02-01,116,7,410,0
2024-02-01,116,8,979,1
2024-02-01,116,9,789,0
2024-02-01,116,11,662,0
2024-02-01,116,12,1155,1
2024-02-01,116,13,513,1
2024-02-01,116,14,495,0
2024-02-01,116,15,379,0
2024-02-01,117,1,769,0
2024-02-01,117,2,357,0
2024-02-01,117,3,459,0
2024-02-01,117,5,263,0
2024-02-01,117,7,279,0
2024-02-01,117,8,298,0
2024-02-01,117,9,580,0
2024-02-01,117,10,464,0
2024-02-01,117,11,528,0
2024-02-01,117,12,397,0
2024-02-01,117,13,201,0
2024-02-01,117,14,335,0
2024-02-01,117,15,297,0
2024-02-01,118,1,743,0
2024-02-01,118,2,373,0
2024-02-01,118,3,480,0
2024-02-01,118,4,485,0
2024-02-01,118,5,251,0
2024-02-01,118,6,336,0
2024-02-01,118,7,279,0
2024-02-01,118,8,346,0
2024-02-01,118,9,871,1
2024-02-01,118,10,533,0
2024-02-01,118,11,520,0
2024-02-01,118,12,418,0
2024-02-01,118,13,307,1
2024-02-01,118,14,314,0
2024-02-01,118,15,285,0
2024-02-01,119,1,679,0
2024-02-01,119,3,462,0
2024-02-01,119,4,483,0
2024-02-01,119,5,269,0
2024-02-01,119,6,278,0
2024-02-01,119,7,301,0
2024-02-01,119,8,301,0
2024-02-01,119,9,562,0
2024-02-01,119,10,477,0
2024-02-01,119,11,463,0
2024-02-01,119,12,449,0
2024-02-01,119,13,194,0
2024-02-01,119,14,326,0
2024-02-01,119,15,324,0
2024-02-01,120,1,638,0
2024-02-01,120,2,326,0
2024-02-01,120,3,470,0
2024-02-01,120,4,455,0
2024-02-01,120,5,236,0
2024-02-01,120,6,291,0
2024-02-01,120,7,255,0
2024-02-01,120,8,340,0
2024-02-01,120,9,617,0
2024-02-01,120,10,497,0
2024-02-01,120,11,463,0
2024-02-01,120,12,481,1
2024-02-01,120,13,220,0
2024-02-01,120,14,322,0
2024-02-01,120,15,301,0
2024-02-01,121,1,773,0
2024-02-01,121,2,335,0
2024-02-01,121,3,410,0
2024-02-01,121,4,672,1
2024-02-01,121,5,264,0
2024-02-01,121,6,340,0
2024-02-01,121,7,361,1
2024-02-01,121,8,332,0
2024-02-01,121,9,640,0
2024-02-01,121,10,439,0
2024-02-01,121,11,524,0
2024-02-01,121,12,369,0
2024-02-01,121,13,235,0
2024-02-01,121,14,374,0
2024-02-01,121,15,288,0
2024-02-01,122,1,680,0
2024-02-01,122,2,344,0
2024-02-01,122,3,443,0
2024-02-01,122,4,450,0
2024-02-01,122,5,245,0
2024-02-01,122,7,273,0
2024-02-01,122,8,312,0
2024-02-01,122,9,675,0
2024-02-01,122,10,746,1
2024-02-01,122,11,529,0
2024-02-01,122,12,390,0
2024-02-01,122,13,224,0
2024-02-01,122,14,360,0
2024-02-01,122,15,288,0
2024-02-01,124,1,623,0
2024-02-01,124,2,406,0
2024-02-01,124,3,441,0
2024-02-01,124,5,278,0
2024-02-01,124,6,303,0
2024-02-01,124,8,323,0
2024-02-01,124,9,652,0
2024-02-01,124,10,491,0
2024-02-01,124,11,507,0
2024-02-01,124,13,209,0
2024-02-01,124,14,348,0
2024-02-01,125,1,604,0
2024-02-01,125,2,282,0
2024-02-01,125,3,399,0
2024-02-01,125,4,449,0
2024-02-01,125,5,211,0
2024-02-01,125,6,273,0
2024-02-01,125,7,278,1
2024-02-01,125,8,243,0
2024-02-01,125,9,565,0
2024-02-01,125,10,363,0
2024-02-01,125,11,368,0
2024-02-01,125,12,317,0
2024-02-01,125,13,161,0
2024-02-01,125,14,298,0
2024-02-01,126,1,609,0
2024-02-01,126,2,301,0
2024-02-01,126,3,347,0
2024-02-01,126,4,419,0
2024-02-01,126,5,211,0
2024-02-01,126,6,237,0
2024-02-01,126,7,233,0
2024-02-01,126,8,298,0
2024-02-01,126,9,508,0
2024-02-01,126,10,385,0
2024-02-01,126,12,347,0
2024-02-01,126,13,180,0
2024-02-01,126,14,330,0
2024-02-01,126,15,265,0
2024-02-01,127,1,603,0
2024-02-01,127,2,327,0
2024-02-01,127,5,298,1
2024-02-01,127,6,263,0
2024-02-01,127,7,204,0
2024-02-01,127,8,261,0
2024-02-01,127,9,470,0
2024-02-01,127,10,394,0
2024-02-01,127,11,425,0
2024-02-01,127,13,191,0
2024-02-01,127,15,241,0
2024-02-01,128,1,611,0
2024-02-01,128,2,323,0
2024-02-01,128,3,427,0
2024-02-01,128,4,431,0
2024-02-01,128,5,236,0
2024-02-01,128,6,280,0
2024-02-01,128,8,247,0
2024-02-01,128,9,455,0
2024-02-01,128,10,405,0
2024-02-01,128,11,383,0
2024-02-01,128,12,366,0
2024-02-01,128,13,157,0
2024-02-01,128,14,294,0
2024-02-01,128,15,269,0
2024-02-01,129,1,635,0
2024-02-01,129,2,294,0
2024-02-01,129,3,364,0
2024-02-01,129,5,242,0
2024-02-01,129,6,293,0
2024-02-01,129,7,289,1
2024-02-01,129,8,279,0
2024-02-01,129,10,386,0
2024-02-01,129,11,416,0
2024-02-01,129,12,322,0
2024-02-01,129,13,165,0
2024-02-01,129,15,235,0
2024-02-01,130,1,640,0
2024-02-01,130,3,406,0
2024-02-01,130,4,384,0
2024-02-01,130,5,336,1
2024-02-01,130,6,288,0
2024-02-01,130,7,220,0
2024-02-01,130,8,319,1
2024-02-01,130,9,679,1
2024-02-01,130,10,382,0
2024-02-01,130,11,427,0
2024-02-01,130,12,328,0
2024-02-01,130,14,302,0
2024-02-01,130,15,242,0
2024-02-01,132,1,642,0
2024-02-01,132,2,290,0
2024-02-01,132,3,402,0
2024-02-01,132,4,365,0
2024-02-01,132,5,199,0
2024-02-01,132,6,264,0
2024-02-01,132,7,253,0
2024-02-01,132,9,536,0
2024-02-01,132,10,435,0
2024-02-01,132,11,643,1
2024-02-01,132,12,337,0
2024-02-01,132,13,180,0
2024-02-01,132,14,262,0
2024-02-01,133,1,646,0
2024-02-01,133,2,362,0
2024-02-01,133,4,512,0
2024-02-01,133,5,241,0
2024-02-01,133,6,301,0
2024-02-01,133,7,304,0
2024-02-01,133,9,591,0
2024-02-01,133,10,445,0
2024-02-01,133,11,464,0
2024-02-01,133,12,440,0
2024-02-01,133,13,242,0
2024-02-01,133,14,367,0
2024-02-01,133,15,300,0
2024-02-01,134,1,679,0
2024-02-01,134,2,403,0
2024-02-01,134,4,535,0
2024-02-01,134,5,245,0
2024-02-01,134,6,347,0
2024-02-01,134,7,376,1
2024-02-01,134,8,326,0
2024-02-01,134,9,573,0
2024-02-01,134,10,521,0
2024-02-01,134,11,769,1
2024-02-01,134,12,394,0
2024-02-01,134,13,216,0
2024-02-01,134,14,327,0
2024-02-01,134,15,302,0
2024-02-01,135,2,344,0
2024-02-01,135,3,511,0
2024-02-01,135,4,757,1
2024-02-01,135,5,295,0
2024-02-01,135,6,357,0
2024-02-01,135,7,265,0
2024-02-01,135,8,375,0
2024-02-01,135,9,643,0
2024-02-01,135,10,520,0
2024-02-01,135,11,467,0
2024-02-01,135,12,406,0
2024-02-01,135,13,228,0
2024-02-01,135,14,354,0
2024-02-01,135,15,266,0
2024-02-01,136,1,789,0
2024-02-01,136,2,417,0
2024-02-01,136,3,443,0
2024-02-01,136,4,550,0
2024-02-01,136,5,280,0
2024-02-01,136,6,305,0
2024-02-01,136,7,328,1
2024-02-01,136,9,691,0
2024-02-01,136,10,483,0
2024-02-01,136,11,497,0
2024-02-01,136,12,445,0
2024-02-01,136,13,292,1
2024-02-01,136,14,326,0
2024-02-01,136,15,316,0
2024-02-01,137,1,640,0
2024-02-01,137,2,376,0
2024-02-01,137,4,550,0
2024-02-01,137,5,252,0
2024-02-01,137,6,340,0
2024-02-01,137,7,264,0
2024-02-01,137,8,499,1
2024-02-01,137,9,610,0
2024-02-01,137,10,509,0
2024-02-01,137,11,610,1
2024-02-01,137,12,407,0
2024-02-01,137,13,225,0
2024-02-01,137,14,335,0
2024-02-01,137,15,296,0
2024-02-01,138,1,663,0
2024-02-01,138,2,550,1
2024-02-01,138,3,477,0
2024-02-01,138,4,509,0
2024-02-01,138,5,266,0
2024-02-01,138,6,321,0
2024-02-01,138,7,250,0
2024-02-01,138,8,338,0
2024-02-01,138,9,648,0
2024-02-01,138,10,528,0
2024-02-01,138,11,556,0
2024-02-01,138,12,418,0
2024-02-01,138,13,242,0
2024-02-01,138,14,342,0
2024-02-01,138,15,269,0
2024-02-01,140,1,680,0
2024-02-01,140,2,411,0
2024-02-01,140,3,475,0
2024-02-01,140,4,461,0
2024-02-01,140,5,300,0
2024-02-01,140,6,292,0
2024-02-01,140,7,268,0
2024-02-01,140,8,337,0
2024-02-01,140,9,741,1
2024-02-01,140,10,442,0
2024-02-01,140,11,468,0
2024-02-01,140,12,467,0
2024-02-01,140,14,344,0
2024-02-01,140,15,271,0
2024-03-01,101,1,1520,0
2024-03-01,101,2,677,0
2024-03-01,101,3,841,0
2024-03-01,101,4,1023,0
2024-03-01,101,5,562,0
2024-03-01,101,6,593,0
2024-03-01,101,7,580,0
2024-03-01,101,8,905,1
2024-03-01,101,9,1182,0
2024-03-01,101,10,904,0
2024-03-01,101,11,992,0
2024-03-01,101,12,1110,1
2024-03-01,101,13,425,0
2024-03-01,101,14,764,0
2024-03-01,101,15,547,0
2024-03-01,102,1,1388,0
2024-03-01,102,2,742,0
2024-03-01,102,3,889,0
2024-03-01,102,5,460,0
2024-03-01,102,6,636,0
2024-03-01,102,8,620,0
2024-03-01,102,9,1173,0
2024-03-01,102,10,899,0
2024-03-01,102,11,1036,0
2024-03-01,102,12,822,0
2024-03-01,102,13,404,0
2024-03-01,102,14,664,0
2024-03-01,102,15,863,1
2024-03-01,103,1,1433,0
2024-03-01,103,2,657,0
2024-03-01,103,3,975,0
2024-03-01,103,4,1005,0
2024-03-01,103,5,541,0
2024-03-01,103,6,609,0
2024-03-01,103,7,758,1
2024-03-01,103,8,607,0
2024-03-01,103,9,1311,0
2024-03-01,103,10,1036,0
2024-03-01,103,11,887,0
2024-03-01,103,12,772,0
2024-03-01,103,13,385,0
2024-03-01,103,14,629,0
2024-03-01,103,15,550,0
2024-03-01,104,1,1286,0
2024-03-01,104,2,712,0
2024-03-01,104,3,1005,0
2024-03-01,104,5,568,0
2024-03-01,104,6,555,0
2024-03-01,104,7,497,0
2024-03-01,104,8,714,0
2024-03-01,104,9,1256,0
2024-03-01,104,10,986,0
2024-03-01,104,11,847,0
2024-03-01,104,12,754,0
2024-03-01,104,13,443,0
2024-03-01,104,14,720,0
2024-03-01,104,15,560,0
2024-03-01,105,2,633,0
2024-03-01,105,3,841,0
2024-03-01,105,4,909,0
2024-03-01,105,5,475,0
2024-03-01,105,6,571,0
2024-03-01,105,7,508,0
2024-03-01,105,8,625,0
2024-03-01,105,9,1150,0
2024-03-01,105,10,885,0
2024-03-01,105,11,939,0
2024-03-01,105,12,747,0
2024-03-01,105,13,383,0
2024-03-01,105,14,620,0
2024-03-01,105,15,581,0
2024-03-01,106,2,743,0
2024-03-01,106,4,940,0
2024-03-01,106,5,478,0
2024-03-01,106,6,591,0
2024-03-01,106,7,506,0
2024-03-01,106,8,702,0
2024-03-01,106,9,1085,0
2024-03-01,106,10,887,0
2024-03-01,106,11,966,0
2024-03-01,106,12,779,0
2024-03-01,106,14,771,0
2024-03-01,106,15,876,1
2024-03-01,108,1,1249,0
2024-03-01,108,2,755,0
2024-03-01,108,3,850,0
2024-03-01,108,4,959,0
2024-03-01,108,5,464,0
2024-03-01,108,6,593,0
2024-03-01,108,7,669,1
2024-03-01,108,8,599,0
2024-03-01,108,9,1230,0
2024-03-01,108,10,1248,1
2024-03-01,108,11,908,0
2024-03-01,108,12,879,0
2024-03-01,108,13,378,0
2024-03-01,108,14,922,1
2024-03-01,108,15,618,0
2024-03-01,109,1,1810,1
2024-03-01,109,3,738,0
2024-03-01,109,4,640,0
2024-03-01,109,5,669,1
2024-03-01,109,6,482,0
2024-03-01,109,7,435,0
2024-03-01,109,8,477,0
2024-03-01,109,9,1623,1
2024-03-01,109,10,678,0
2024-03-01,109,11,783,0
2024-03-01,109,13,674,1
2024-03-01,109,14,918,1
2024-03-01,109,15,795,1
2024-03-01,110,1,2039,1
2024-03-01,110,2,516,0
2024-03-01,110,3,687,0
2024-03-01,110,4,715,0
2024-03-01,110,6,466,0
2024-03-01,110,7,363,0
2024-03-01,110,8,459,0
2024-03-01,110,10,708,0
2024-03-01,110,11,727,0
2024-03-01,110,12,1125,1
2024-03-01,110,13,337,0
2024-03-01,110,14,534,0
2024-03-01,111,1,2097,1
2024-03-01,111,2,484,0
2024-03-01,111,3,656,0
2024-03-01,111,4,639,0
2024-03-01,111,5,411,0
2024-03-01,111,6,448,0
2024-03-01,111,7,356,0
2024-03-01,111,8,423,0
2024-03-01,111,9,868,0
2024-03-01,111,10,644,0
2024-03-01,111,11,638,0
2024-03-01,111,12,653,0
2024-03-01,111,13,339,0
2024-03-01,111,14,481,0
2024-03-01,111,15,416,0
2024-03-01,112,1,1043,0
2024-03-01,112,2,548,0
2024-03-01,112,3,732,0
2024-03-01,112,4,1319,1
2024-03-01,112,5,424,0
2024-03-01,112,6,453,0
2024-03-01,112,7,354,0
2024-03-01,112,8,482,0
2024-03-01,112,9,923,0
2024-03-01,112,10,756,0
2024-03-01,112,11,621,0
2024-03-01,112,12,555,0
2024-03-01,112,13,528,1
2024-03-01,112,14,484,0
2024-03-01,112,15,774,1
2024-03-01,113,1,1082,0
2024-03-01,113,2,490,0
2024-03-01,113,3,629,0
2024-03-01,113,4,687,0
2024-03-01,113,5,363,0
2024-03-01,113,6,857,1
2024-03-01,113,7,421,0
2024-03-01,113,8,491,0
2024-03-01,113,9,893,0
2024-03-01,113,10,663,0
2024-03-01,113,11,648,0
2024-03-01,113,12,580,0
2024-03-01,113,13,277,0
2024-03-01,113,14,998,1
2024-03-01,113,15,699,1
2024-03-01,114,1,1034,0
2024-03-01,114,2,505,0
2024-03-01,114,3,618,0
2024-03-01,114,4,1332,1
2024-03-01,114,5,647,1
2024-03-01,114,6,422,0
2024-03-01,114,7,437,0
2024-03-01,114,8,418,0
2024-03-01,114,9,956,0
2024-03-01,114,10,774,0
2024-03-01,114,11,771,0
2024-03-01,114,12,604,0
2024-03-01,114,13,327,0
2024-03-01,114,14,502,0
2024-03-01,116,1,2127,1
2024-03-01,116,2,528,0
2024-03-01,116,5,414,0
2024-03-01,116,6,921,1
2024-03-01,116,7,404,0
2024-03-01,116,8,435,0
2024-03-01,116,9,785,0
2024-03-01,116,11,714,0
2024-03-01,116,12,1163,1
2024-03-01,116,13,608,1
2024-03-01,116,14,540,0
2024-03-01,116,15,377,0
2024-03-01,117,1,738,0
2024-03-01,117,2,501,1
2024-03-01,117,3,457,0
2024-03-01,117,4,477,0
2024-03-01,117,5,293,0
2024-03-01,117,6,345,0
2024-03-01,117,7,263,0
2024-03-01,117,8,333,0
2024-03-01,117,9,835,1
2024-03-01,117,10,513,0
2024-03-01,117,11,476,0
2024-03-01,117,12,381,0
2024-03-01,117,13,195,0
2024-03-01,117,14,383,0
2024-03-01,117,15,326,0
2024-03-01,118,1,656,0
2024-03-01,118,3,458,0
2024-03-01,118,4,508,0
2024-03-01,118,5,289,0
2024-03-01,118,6,323,0
2024-03-01,118,7,275,0
2024-03-01,118,8,323,0
2024-03-01,118,10,512,0
2024-03-01,118,11,444,0
2024-03-01,118,12,411,0
2024-03-01,118,13,213,0
2024-03-01,118,14,382,0
2024-03-01,118,15,294,0
2024-03-01,119,1,620,0
2024-03-01,119,4,653,1
2024-03-01,119,5,267,0
2024-03-01,119,6,312,0
2024-03-01,119,7,253,0
2024-03-01,119,8,313,0
2024-03-01,119,9,589,0
2024-03-01,119,10,524,0
2024-03-01,119,11,447,0
2024-03-01,119,12,383,0
2024-03-01,119,13,234,0
2024-03-01,119,14,341,0
2024-03-01,119,15,261,0
2024-03-01,120,1,979,1
2024-03-01,120,2,359,0
2024-03-01,120,4,513,0
2024-03-01,120,5,285,0
2024-03-01,120,6,290,0
2024-03-01,120,7,281,0
2024-03-01,120,8,319,0
2024-03-01,120,9,583,0
2024-03-01,120,10,482,0
2024-03-01,120,11,444,0
2024-03-01,120,12,532,1
2024-03-01,120,13,222,0
2024-03-01,120,14,379,0
2024-03-01,120,15,290,0
2024-03-01,121,1,745,0
2024-03-01,121,4,505,0
2024-03-01,121,6,378,1
2024-03-01,121,7,275,0
2024-03-01,121,9,573,0
2024-03-01,121,10,541,0
2024-03-01,121,11,525,0
2024-03-01,121,12,447,0
2024-03-01,121,13,199,0
2024-03-01,121,14,349,0
2024-03-01,121,15,284,0
2024-03-01,122,1,750,0
2024-03-01,122,2,332,0
2024-03-01,122,3,472,0
2024-03-01,122,5,240,0
2024-03-01,122,6,322,0
2024-03-01,122,7,289,0
2024-03-01,122,8,319,0
2024-03-01,122,10,519,0
2024-03-01,122,11,497,0
2024-03-01,122,12,434,0
2024-03-01,122,13,209,0
2024-03-01,122,14,335,0
2024-03-01,122,15,270,0
2024-03-01,124,1,703,0
2024-03-01,124,2,523,1
2024-03-01,124,3,422,0
2024-03-01,124,4,531,0
2024-03-01,124,5,250,0
2024-03-01,124,6,308,0
2024-03-01,124,7,262,0
2024-03-01,124,8,314,0
2024-03-01,124,9,639,0
2024-03-01,124,10,513,0
2024-03-01,124,11,447,0
2024-03-01,124,12,399,0
2024-03-01,124,13,221,0
2024-03-01,124,14,311,0
2024-03-01,124,15,321,0
2024-03-01,125,1,673,1
2024-03-01,125,3,395,0
2024-03-01,125,4,419,0
2024-03-01,125,5,228,0
2024-03-01,125,6,273,0
2024-03-01,125,7,201,0
2024-03-01,125,8,258,0
2024-03-01,125,9,578,1
2024-03-01,125,10,432,0
2024-03-01,125,11,415,0
2024-03-01,125,12,311,0
2024-03-01,125,13,190,0
2024-03-01,125,14,328,0
2024-03-01,125,15,226,0
2024-03-01,126,1,545,0
2024-03-01,126,2,272,0
2024-03-01,126,3,413,0
2024-03-01,126,4,440,0
2024-03-01,126,5,246,0
2024-03-01,126,6,279,0
2024-03-01,126,7,225,0
2024-03-01,126,8,314,1
2024-03-01,126,9,527,0
2024-03-01,126,10,449,0
2024-03-01,126,11,542,1
2024-03-01,126,12,374,0
2024-03-01,126,14,285,0
2024-03-01,126,15,270,0
2024-03-01,127,1,578,0
2024-03-01,127,2,331,0
2024-03-01,127,3,362,0
2024-03-01,127,4,371,0
2024-03-01,127,5,230,0
2024-03-01,127,6,266,0
2024-03-01,127,8,275,0
2024-03-01,127,9,551,0
2024-03-01,127,10,445,0
2024-03-01,127,11,415,0
2024-03-01,127,13,178,0
2024-03-01,127,14,309,0
2024-03-01,127,15,256,0
2024-03-01,128,1,510,0
2024-03-01,128,2,291,0
2024-03-01,128,3,389,0
2024-03-01,128,4,421,0
2024-03-01,128,5,206,0
2024-03-01,128,6,285,0
2024-03-01,128,7,207,0
2024-03-01,128,8,249,0
2024-03-01,128,9,498,0
2024-03-01,128,10,450,0
2024-03-01,128,11,375,0
2024-03-01,128,12,376,0
2024-03-01,128,13,188,0
2024-03-01,128,14,300,0
2024-03-01,128,15,218,0
2024-03-01,129,1,596,0
2024-03-01,129,2,293,0
2024-03-01,129,3,362,0
2024-03-01,129,5,245,0
2024-03-01,129,6,272,0
2024-03-01,129,7,219,0
2024-03-01,129,8,291,0
2024-03-01,129,9,480,0
2024-03-01,129,10,373,0
2024-03-01,129,11,420,0
2024-03-01,129,12,311,0
2024-03-01,129,13,169,0
2024-03-01,129,14,306,0
2024-03-01,129,15,265,0
2024-03-01,130,1,642,0
2024-03-01,130,2,269,0
2024-03-01,130,3,425,0
2024-03-01,130,4,476,1
2024-03-01,130,6,233,0
2024-03-01,130,7,204,0
2024-03-01,130,8,286,0
2024-03-01,130,9,475,0
2024-03-01,130,10,369,0
2024-03-01,130,11,611,1
2024-03-01,130,12,387,0
2024-03-01,130,13,174,0
2024-03-01,130,14,273,0
2024-03-01,130,15,252,0
2024-03-01,132,1,597,0
2024-03-01,132,2,306,0
2024-03-01,132,3,372,0
2024-03-01,132,4,361,0
2024-03-01,132,5,213,0
2024-03-01,132,6,418,1
2024-03-01,132,7,288,1
2024-03-01,132,8,357,1
2024-03-01,132,9,465,0
2024-03-01,132,10,393,0
2024-03-01,132,11,382,0
2024-03-01,132,12,373,0
2024-03-01,132,13,187,0
2024-03-01,132,14,321,0
2024-03-01,132,15,252,0
2024-03-01,133,1,730,0
2024-03-01,133,2,474,1
2024-03-01,133,3,446,0
2024-03-01,133,4,471,0
2024-03-01,133,5,261,0
2024-03-01,133,6,362,0
2024-03-01,133,7,267,0
2024-03-01,133,8,302,0
2024-03-01,133,9,773,1
2024-03-01,133,10,536,0
2024-03-01,133,11,470,0
2024-03-01,133,12,451,0
2024-03-01,133,14,365,0
2024-03-01,133,15,313,0
2024-03-01,134,1,731,0
2024-03-01,134,3,444,0
2024-03-01,134,4,550,0
2024-03-01,134,5,246,0
2024-03-01,134,6,297,0
2024-03-01,134,7,298,0
2024-03-01,134,10,509,0
2024-03-01,134,11,578,1
2024-03-01,134,12,477,0
2024-03-01,134,13,313,1
2024-03-01,134,14,340,0
2024-03-01,134,15,318,0
2024-03-01,135,1,657,0
2024-03-01,135,2,340,0
2024-03-01,135,3,465,0
2024-03-01,135,4,466,0
2024-03-01,135,5,286,0
2024-03-01,135,6,355,0
2024-03-01,135,7,339,1
2024-03-01,135,8,298,0
2024-03-01,135,9,574,0
2024-03-01,135,11,468,0
2024-03-01,135,12,430,0
2024-03-01,135,13,216,0
2024-03-01,135,14,347,0
2024-03-01,135,15,301,0
2024-03-01,136,2,406,0
2024-03-01,136,3,427,0
2024-03-01,136,4,522,0
2024-03-01,136,5,255,0
2024-03-01,136,6,290,0
2024-03-01,136,7,278,0
2024-03-01,136,8,427,1
2024-03-01,136,9,609,0
2024-03-01,136,10,536,0
2024-03-01,136,11,602,1
2024-03-01,136,12,385,0
2024-03-01,136,13,200,0
2024-03-01,136,14,374,0
2024-03-01,136,15,294,0
2024-03-01,137,1,685,0
2024-03-01,137,2,407,0
2024-03-01,137,3,461,0
2024-03-01,137,4,563,0
2024-03-01,137,5,259,0
2024-03-01,137,6,313,0
2024-03-01,137,7,293,0
2024-03-01,137,8,315,0
2024-03-01,137,9,585,0
2024-03-01,137,10,485,0
2024-03-01,137,11,511,0
2024-03-01,137,12,406,0
2024-03-01,137,13,235,0
2024-03-01,137,15,284,0
2024-03-01,138,1,782,0
2024-03-01,138,2,450,1
2024-03-01,138,3,442,0
2024-03-01,138,4,736,1
2024-03-01,138,5,290,0
2024-03-01,138,6,338,0
2024-03-01,138,7,285,0
2024-03-01,138,8,344,0
2024-03-01,138,11,538,0
2024-03-01,138,12,464,0
2024-03-01,138,13,222,0
2024-03-01,138,15,286,0
2024-03-01,140,2,373,0
2024-03-01,140,3,643,1
2024-03-01,140,4,504,0
2024-03-01,140,5,264,0
2024-03-01,140,6,393,1
2024-03-01,140,7,401,1
2024-03-01,140,8,343,0
2024-03-01,140,9,576,0
2024-03-01,140,10,467,0
2024-03-01,140,12,470,0
2024-03-01,140,13,212,0
2024-03-01,140,14,371,0
2024-04-01,101,1,1402,0
2024-04-01,101,2,648,0
2024-04-01,101,4,938,0
2024-04-01,101,5,473,0
2024-04-01,101,7,583,0
2024-04-01,101,8,819,1
2024-04-01,101,9,1557,1
2024-04-01,101,10,901,0
2024-04-01,101,11,878,0
2024-04-01,101,12,1164,1
2024-04-01,101,14,746,0
2024-04-01,101,15,702,1
2024-04-01,102,1,1480,0
2024-04-01,102,2,626,0
2024-04-01,102,3,850,0
2024-04-01,102,4,874,0
2024-04-01,102,5,525,0
2024-04-01,102,6,615,0
2024-04-01,102,7,701,1
2024-04-01,102,8,597,0
2024-04-01,102,9,1231,0
2024-04-01,102,10,957,0
2024-04-01,102,11,1048,0
2024-04-01,102,12,727,0
2024-04-01,102,13,381,0
2024-04-01,102,14,629,0
2024-04-01,102,15,592,0
2024-04-01,103,1,1279,0
2024-04-01,103,2,778,0
2024-04-01,103,3,845,0
2024-04-01,103,4,1037,0
2024-04-01,103,5,547,0
2024-04-01,103,6,695,0
2024-04-01,103,7,591,0
2024-04-01,103,8,659,0
2024-04-01,103,9,1142,0
2024-04-01,103,10,1017,0
2024-04-01,103,11,941,0
2024-04-01,103,12,897,0
2024-04-01,103,13,444,0
2024-04-01,103,14,742,0
2024-04-01,103,15,586,0
2024-04-01,104,1,1426,0
2024-04-01,104,2,704,0
2024-04-01,104,3,955,0
2024-04-01,104,4,965,0
2024-04-01,104,5,463,0
2024-04-01,104,6,793,1
2024-04-01,104,7,568,0
2024-04-01,104,9,1300,0
2024-04-01,104,10,947,0
2024-04-01,104,11,855,0
2024-04-01,104,12,783,0
2024-04-01,104,13,426,0
2024-04-01,104,14,746,0
2024-04-01,104,15,622,0
2024-04-01,105,2,690,0
2024-04-01,105,3,912,0
2024-04-01,105,4,1235,1
2024-04-01,105,5,517,0
2024-04-01,105,6,555,0
2024-04-01,105,7,578,0
2024-04-01,105,8,590,0
2024-04-01,105,9,1251,0
2024-04-01,105,10,945,0
2024-04-01,105,11,1010,0
2024-04-01,105,12,771,0
2024-04-01,105,13,446,0
2024-04-01,105,14,633,0
2024-04-01,105,15,580,0
2024-04-01,106,1,1368,0
2024-04-01,106,2,688,0
2024-04-01,106,3,923,0
2024-04-01,106,4,1053,0
2024-04-01,106,5,511,0
2024-04-01,106,6,613,0
2024-04-01,106,7,488,0
2024-04-01,106,8,612,0
2024-04-01,106,9,1207,0
2024-04-01,106,11,982,0
2024-04-01,106,12,737,0
2024-04-01,106,13,421,0
2024-04-01,106,14,752,0
2024-04-01,108,1,1213,0
2024-04-01,108,2,765,0
2024-04-01,108,3,810,0
2024-04-01,108,4,1007,0
2024-04-01,108,5,533,0
2024-04-01,108,6,614,0
2024-04-01,108,7,483,0
2024-04-01,108,8,631,0
2024-04-01,108,10,909,0
2024-04-01,108,11,909,0
2024-04-01,108,12,858,0
2024-04-01,108,13,439,0
2024-04-01,108,14,695,0
2024-04-01,108,15,644,0
2024-04-01,109,1,951,0
2024-04-01,109,2,498,0
2024-04-01,109,3,666,0
2024-04-01,109,4,651,0
2024-04-01,109,5,424,0
2024-04-01,109,8,1041,1
2024-04-01,109,9,837,0
2024-04-01,109,10,616,0
2024-04-01,109,11,750,0
2024-04-01,109,12,573,0
2024-04-01,109,14,537,0
2024-04-01,109,15,731,1
2024-04-01,110,1,1095,0
2024-04-01,110,2,514,0
2024-04-01,110,3,669,0
2024-04-01,110,4,691,0
2024-04-01,110,5,362,0
2024-04-01,110,6,457,0
2024-04-01,110,7,419,0
2024-04-01,110,8,528,0
2024-04-01,110,9,1880,1
2024-04-01,110,10,679,0
2024-04-01,110,11,743,0
2024-04-01,110,12,531,0
2024-04-01,110,13,284,0
2024-04-01,110,14,474,0
2024-04-01,110,15,908,1
2024-04-01,111,1,882,0
2024-04-01,111,2,478,0
2024-04-01,111,3,666,0
2024-04-01,111,4,1562,1
2024-04-01,111,5,347,0
2024-04-01,111,6,476,0
2024-04-01,111,7,847,1
2024-04-01,111,8,809,1
2024-04-01,111,9,832,0
2024-04-01,111,10,763,0
2024-04-01,111,11,1238,1
2024-04-01,111,12,1019,1
2024-04-01,111,14,473,0
2024-04-01,111,15,384,0
2024-04-01,112,1,934,0
2024-04-01,112,3,654,0
2024-04-01,112,4,735,0
2024-04-01,112,5,667,1
2024-04-01,112,6,490,0
2024-04-01,112,7,373,0
2024-04-01,112,8,494,0
2024-04-01,112,9,925,0
2024-04-01,112,10,1562,1
2024-04-01,112,11,732,0
2024-04-01,112,12,559,0
2024-04-01,112,13,312,0
2024-04-01,112,14,533,0
2024-04-01,112,15,459,0
2024-04-01,113,1,1839,1
2024-04-01,113,2,1069,1
2024-04-01,113,3,1445,1
2024-04-01,113,4,755,0
2024-04-01,113,5,372,0
2024-04-01,113,6,504,0
2024-04-01,113,7,420,0
2024-04-01,113,8,467,0
2024-04-01,113,9,816,0
2024-04-01,113,10,1474,1
2024-04-01,113,11,695,0
2024-04-01,113,12,551,0
2024-04-01,113,13,584,1
2024-04-01,113,14,508,0
2024-04-01,113,15,936,1
2024-04-01,114,1,876,0
2024-04-01,114,2,973,1
2024-04-01,114,3,1260,1
2024-04-01,114,4,672,0
2024-04-01,114,5,424,0
2024-04-01,114,6,887,1
2024-04-01,114,7,701,1
2024-04-01,114,8,1020,1
2024-04-01,114,9,948,0
2024-04-01,114,10,680,0
2024-04-01,114,11,681,0
2024-04-01,114,12,594,0
2024-04-01,114,13,335,0
2024-04-01,114,14,1112,1
2024-04-01,114,15,777,1
2024-04-01,116,1,1112,0
2024-04-01,116,2,506,0
2024-04-01,116,3,679,0
2024-04-01,116,4,1378,1
2024-04-01,116,5,352,0
2024-04-01,116,6,491,0
2024-04-01,116,7,382,0
2024-04-01,116,8,529,0
2024-04-01,116,9,790,0
2024-04-01,116,10,638,0
2024-04-01,116,11,782,0
2024-04-01,116,12,537,0
2024-04-01,116,13,615,1
2024-04-01,116,14,1076,1
2024-04-01,116,15,839,1
2024-04-01,117,1,685,0
2024-04-01,117,2,398,0
2024-04-01,117,3,408,0
2024-04-01,117,4,516,0
2024-04-01,117,5,327,1
2024-04-01,117,7,279,0
2024-04-01,117,8,482,1
2024-04-01,117,9,573,0
2024-04-01,117,10,567,1
2024-04-01,117,11,480,0
2024-04-01,117,12,435,0
2024-04-01,117,13,229,0
2024-04-01,117,14,499,1
2024-04-01,117,15,326,0
2024-04-01,118,1,680,0
2024-04-01,118,2,378,0
2024-04-01,118,3,488,0
2024-04-01,118,4,477,0
2024-04-01,118,5,280,0
2024-04-01,118,6,330,0
2024-04-01,118,7,295,0
2024-04-01,118,9,630,0
2024-04-01,118,10,431,0
2024-04-01,118,11,539,0
2024-04-01,118,12,450,0
2024-04-01,118,13,190,0
2024-04-01,118,14,376,0
2024-04-01,118,15,298,0
2024-04-01,119,1,722,0
2024-04-01,119,2,373,0
2024-04-01,119,3,528,1
2024-04-01,119,4,464,0
2024-04-01,119,5,370,1
2024-04-01,119,6,348,0
2024-04-01,119,7,246,0
2024-04-01,119,8,341,0
2024-04-01,119,9,672,0
2024-04-01,119,10,455,0
2024-04-01,119,11,502,0
2024-04-01,119,12,407,0
2024-04-01,119,13,202,0
2024-04-01,119,14,482,1
2024-04-01,119,15,397,1
2024-04-01,120,1,761,0
2024-04-01,120,2,357,0
2024-04-01,120,3,429,0
2024-04-01,120,4,515,0
2024-04-01,120,5,338,1
2024-04-01,120,6,288,0
2024-04-01,120,7,281,0
2024-04-01,120,8,361,0
2024-04-01,120,9,668,0
2024-04-01,120,10,524,0
2024-04-01,120,11,491,0
2024-04-01,120,13,210,0
2024-04-01,120,14,341,0
2024-04-01,120,15,301,0
2024-04-01,121,1,1040,1
2024-04-01,121,2,381,0
2024-04-01,121,3,409,0
2024-04-01,121,4,512,0
2024-04-01,121,5,255,0
2024-04-01,121,6,332,0
2024-04-01,121,7,285,0
2024-04-01,121,8,295,0
2024-04-01,121,9,609,0
2024-04-01,121,10,541,0
2024-04-01,121,13,288,1
2024-04-01,121,14,368,0
2024-04-01,121,15,297,0
2024-04-01,122,1,915,1
2024-04-01,122,2,319,0
2024-04-01,122,3,423,0
2024-04-01,122,5,261,0
2024-04-01,122,6,338,0
2024-04-01,122,7,290,0
2024-04-01,122,8,323,0
2024-04-01,122,9,630,0
2024-04-01,122,10,493,0
2024-04-01,122,11,520,0
2024-04-01,122,12,398,0
2024-04-01,122,13,206,0
2024-04-01,122,14,348,0
2024-04-01,122,15,401,1
2024-04-01,124,1,610,0
2024-04-01,124,2,415,1
2024-04-01,124,3,450,0
2024-04-01,124,4,512,0
2024-04-01,124,5,265,0
2024-04-01,124,6,322,0
2024-04-01,124,8,365,0
2024-04-01,124,9,582,0
2024-04-01,124,11,490,0
2024-04-01,124,12,441,0
2024-04-01,124,13,224,0
2024-04-01,124,14,327,0
2024-04-01,124,15,324,0
2024-04-01,125,1,601,0
2024-04-01,125,3,379,0
2024-04-01,125,4,435,0
2024-04-01,125,6,243,0
2024-04-01,125,7,206,0
2024-04-01,125,8,282,0
2024-04-01,125,9,527,0
2024-04-01,125,10,388,0
2024-04-01,125,11,443,0
2024-04-01,125,12,345,0
2024-04-01,125,13,161,0
2024-04-01,125,14,288,0
2024-04-01,125,15,252,0
2024-04-01,126,1,526,0
2024-04-01,126,2,415,1
2024-04-01,126,3,370,0
2024-04-01,126,4,438,0
2024-04-01,126,5,203,0
2024-04-01,126,6,237,0
2024-04-01,126,7,254,0
2024-04-01,126,8,261,0
2024-04-01,126,9,475,0
2024-04-01,126,10,443,0
2024-04-01,126,11,414,0
2024-04-01,126,13,252,1
2024-04-01,126,15,262,0
2024-04-01,127,1,542,0
2024-04-01,127,2,464,1
2024-04-01,127,3,398,0
2024-04-01,127,4,391,0
2024-04-01,127,5,234,0
2024-04-01,127,7,247,0
2024-04-01,127,8,267,0
2024-04-01,127,9,550,0
2024-04-01,127,11,361,0
2024-04-01,127,12,384,0
2024-04-01,127,13,188,0
2024-04-01,127,14,312,0
2024-04-01,128,1,632,0
2024-04-01,128,2,308,0
2024-04-01,128,3,390,0
2024-04-01,128,5,246,0
2024-04-01,128,6,262,0
2024-04-01,128,7,252,0
2024-04-01,128,8,257,0
2024-04-01,128,9,528,0
2024-04-01,128,10,532,1
2024-04-01,128,11,428,0
2024-04-01,128,12,330,0
2024-04-01,128,13,195,0
2024-04-01,128,14,265,0
2024-04-01,128,15,220,0
2024-04-01,129,1,641,0
2024-04-01,129,2,314,0
2024-04-01,129,3,387,0
2024-04-01,129,4,456,0
2024-04-01,129,5,213,0
2024-04-01,129,6,250,0
2024-04-01,129,8,305,0
2024-04-01,129,9,487,0
2024-04-01,129,10,414,0
2024-04-01,129,11,402,0
2024-04-01,129,12,371,0
2024-04-01,129,13,176,0
2024-04-01,129,14,263,0
2024-04-01,129,15,225,0
2024-04-01,130,1,548,0
2024-04-01,130,2,314,0
2024-04-01,130,3,361,0
2024-04-01,130,5,208,0
2024-04-01,130,6,234,0
2024-04-01,130,7,220,0
2024-04-01,130,8,262,0
2024-04-01,130,9,506,0
2024-04-01,130,10,388,0
2024-04-01,130,12,333,0
2024-04-01,130,13,167,0
2024-04-01,130,14,301,0
2024-04-01,130,15,268,0
2024-04-01,132,1,610,0
2024-04-01,132,2,304,0
2024-04-01,132,3,416,0
2024-04-01,132,4,534,1
2024-04-01,132,5,244,0
2024-04-01,132,6,352,1
2024-04-01,132,7,284,1
2024-04-01,132,8,305,0
2024-04-01,132,9,463,0
2024-04-01,132,10,393,0
2024-04-01,132,11,454,0
2024-04-01,132,12,478,1
2024-04-01,132,13,167,0
2024-04-01,132,14,290,0
2024-04-01,132,15,249,0
2024-04-01,133,1,705,0
2024-04-01,133,2,330,0
2024-04-01,133,3,426,0
2024-04-01,133,4,493,0
2024-04-01,133,5,288,0
2024-04-01,133,6,314,0
2024-04-01,133,7,426,1
2024-04-01,133,8,335,0
2024-04-01,133,11,540,0
2024-04-01,133,12,466,0
2024-04-01,133,13,226,0
2024-04-01,133,14,344,0
2024-04-01,133,15,428,1
2024-04-01,134,1,731,0
2024-04-01,134,2,335,0
2024-04-01,134,3,512,0
2024-04-01,134,4,721,1
2024-04-01,134,5,256,0
2024-04-01,134,6,312,0
2024-04-01,134,7,308,0
2024-04-01,134,8,312,0
2024-04-01,134,9,628,0
2024-04-01,134,10,519,0
2024-04-01,134,11,522,0
2024-04-01,134,12,459,0
2024-04-01,134,14,362,0
2024-04-01,134,15,271,0
2024-04-01,135,1,656,0
2024-04-01,135,2,397,0
2024-04-01,135,3,478,0
2024-04-01,135,4,498,0
2024-04-01,135,6,321,0
2024-04-01,135,7,300,0
2024-04-01,135,8,360,0
2024-04-01,135,9,551,0
2024-04-01,135,10,540,0
2024-04-01,135,11,455,0
2024-04-01,135,12,632,1
2024-04-01,135,14,323,0
2024-04-01,135,15,301,0
2024-04-01,136,2,330,0
2024-04-01,136,3,504,0
2024-04-01,136,4,551,0
2024-04-01,136,5,245,0
2024-04-01,136,6,358,0
2024-04-01,136,7,278,0
2024-04-01,136,8,344,0
2024-04-01,136,9,549,0
2024-04-01,136,10,471,0
2024-04-01,136,11,557,0
2024-04-01,136,12,427,0
2024-04-01,136,13,221,0
2024-04-01,136,14,335,0
2024-04-01,136,15,279,0
2024-04-01,137,1,792,0
2024-04-01,137,2,336,0
2024-04-01,137,3,479,0
2024-04-01,137,5,257,0
2024-04-01,137,6,360,0
2024-04-01,137,7,264,0
2024-04-01,137,8,303,0
2024-04-01,137,9,648,0
2024-04-01,137,10,496,0
2024-04-01,137,11,519,0
2024-04-01,137,12,416,0
2024-04-01,137,13,239,0
2024-04-01,137,14,504,1
2024-04-01,137,15,273,0
2024-04-01,138,1,672,0
2024-04-01,138,2,348,0
2024-04-01,138,3,461,0
2024-04-01,138,4,491,0
2024-04-01,138,5,289,0
2024-04-01,138,6,323,0
2024-04-01,138,7,252,0
2024-04-01,138,10,483,0
2024-04-01,138,11,514,0
2024-04-01,138,12,635,1
2024-04-01,138,13,225,0
2024-04-01,138,14,349,0
2024-04-01,138,15,332,0
2024-04-01,140,2,358,0
2024-04-01,140,3,468,0
2024-04-01,140,5,258,0
2024-04-01,140,6,295,0
2024-04-01,140,7,252,0
2024-04-01,140,8,353,0
2024-04-01,140,9,674,0
2024-04-01,140,10,497,0
2024-04-01,140,11,482,0
2024-04-01,140,12,378,0
2024-04-01,140,14,384,0
2024-05-01,101,1,1233,0
2024-05-01,101,2,674,0
2024-05-01,101,3,941,0
2024-05-01,101,4,866,0
2024-05-01,101,5,461,0
2024-05-01,101,6,675,0
2024-05-01,101,7,505,0
2024-05-01,101,8,726,0
2024-05-01,101,9,1215,0
2024-05-01,101,10,997,0
2024-05-01,101,11,1022,0
2024-05-01,101,12,793,0
2024-05-01,101,13,451,0
2024-05-01,101,14,704,0
2024-05-01,101,15,816,1
2024-05-01,102,1,1231,0
2024-05-01,102,2,825,1
2024-05-01,102,3,845,0
2024-05-01,102,4,921,0
2024-05-01,102,5,527,0
2024-05-01,102,6,640,0
2024-05-01,102,7,494,0
2024-05-01,102,9,1217,0
2024-05-01,102,10,1012,0
2024-05-01,102,11,969,0
2024-05-01,102,12,807,0
2024-05-01,102,13,418,0
2024-05-01,102,14,639,0
2024-05-01,102,15,568,0
2024-05-01,103,1,1222,0
2024-05-01,103,2,754,0
2024-05-01,103,3,931,0
2024-05-01,103,4,896,0
2024-05-01,103,5,517,0
2024-05-01,103,6,643,0
2024-05-01,103,8,613,0
2024-05-01,103,9,1102,0
2024-05-01,103,10,953,0
2024-05-01,103,12,1222,1
2024-05-01,103,13,403,0
2024-05-01,103,14,1058,1
2024-05-01,103,15,609,0
2024-05-01,104,1,1472,0
2024-05-01,104,2,658,0
2024-05-01,104,3,826,0
2024-05-01,104,4,987,0
2024-05-01,104,5,488,0
2024-05-01,104,6,573,0
2024-05-01,104,7,504,0
2024-05-01,104,8,631,0
2024-05-01,104,9,1173,0
2024-05-01,104,10,1043,0
2024-05-01,104,11,1011,0
2024-05-01,104,12,1213,1
2024-05-01,104,13,460,0
2024-05-01,104,14,654,0
2024-05-01,104,15,640,0
2024-05-01,105,1,1241,0
2024-05-01,105,2,680,0
2024-05-01,105,3,1013,0
2024-05-01,105,4,1281,1
2024-05-01,105,5,574,0
2024-05-01,105,6,661,0
2024-05-01,105,7,821,1
2024-05-01,105,8,637,0
2024-05-01,105,9,1303,0
2024-05-01,105,10,1002,0
2024-05-01,105,11,985,0
2024-05-01,105,12,810,0
2024-05-01,105,15,617,0
2024-05-01,106,1,1406,0
2024-05-01,106,2,900,1
2024-05-01,106,3,966,0
2024-05-01,106,4,1035,0
2024-05-01,106,5,551,0
2024-05-01,106,6,670,0
2024-05-01,106,7,524,0
2024-05-01,106,8,720,0
2024-05-01,106,9,1323,0
2024-05-01,106,10,985,0
2024-05-01,106,11,891,0
2024-05-01,106,12,800,0
2024-05-01,106,13,375,0
2024-05-01,106,14,634,0
2024-05-01,106,15,635,0
2024-05-01,108,1,1239,0
2024-05-01,108,2,760,0
2024-05-01,108,3,907,0
2024-05-01,108,4,991,0
2024-05-01,108,5,544,0
2024-05-01,108,6,568,0
2024-05-01,108,7,550,0
2024-05-01,108,8,679,0
2024-05-01,108,9,1460,1
2024-05-01,108,10,1005,0
2024-05-01,108,11,905,0
2024-05-01,108,12,1011,1
2024-05-01,108,13,460,0
2024-05-01,108,14,740,0
2024-05-01,109,1,948,0
2024-05-01,109,2,567,0
2024-05-01,109,3,625,0
2024-05-01,109,4,770,0
2024-05-01,109,5,383,0
2024-05-01,109,6,728,1
2024-05-01,109,7,414,0
2024-05-01,109,8,517,0
2024-05-01,109,9,822,0
2024-05-01,109,10,667,0
2024-05-01,109,11,642,0
2024-05-01,109,12,641,0
2024-05-01,109,14,846,1
2024-05-01,109,15,471,0
2024-05-01,110,1,1959,1
2024-05-01,110,2,552,0
2024-05-01,110,3,1286,1
2024-05-01,110,4,1286,1
2024-05-01,110,5,388,0
2024-05-01,110,6,461,0
2024-05-01,110,7,822,1
2024-05-01,110,8,984,1
2024-05-01,110,9,966,0
2024-05-01,110,10,1339,1
2024-05-01,110,11,778,0
2024-05-01,110,12,1296,1
2024-05-01,110,13,320,0
2024-05-01,110,14,518,0
2024-05-01,110,15,795,1
2024-05-01,111,3,647,0
2024-05-01,111,4,767,0
2024-05-01,111,5,350,0
2024-05-01,111,6,480,0
2024-05-01,111,7,738,1
2024-05-01,111,8,495,0
2024-05-01,111,9,941,0
2024-05-01,111,10,762,0
2024-05-01,111,11,688,0
2024-05-01,111,12,614,0
2024-05-01,111,13,270,0
2024-05-01,111,14,475,0
2024-05-01,111,15,834,1
2024-05-01,112,1,980,0
2024-05-01,112,2,467,0
2024-05-01,112,3,717,0
2024-05-01,112,4,629,0
2024-05-01,112,7,352,0
2024-05-01,112,8,446,0
2024-05-01,112,9,1523,1
2024-05-01,112,10,1233,1
2024-05-01,112,11,667,0
2024-05-01,112,12,622,0
2024-05-01,112,13,690,1
2024-05-01,112,14,1050,1
2024-05-01,112,15,718,1
2024-05-01,113,1,1996,1
2024-05-01,113,2,522,0
2024-05-01,113,3,738,0
2024-05-01,113,4,738,0
2024-05-01,113,5,346,0
2024-05-01,113,7,886,1
2024-05-01,113,8,491,0
2024-05-01,113,9,932,0
2024-05-01,113,10,691,0
2024-05-01,113,11,1162,1
2024-05-01,113,12,594,0
2024-05-01,113,13,282,0
2024-05-01,113,14,454,0
2024-05-01,114,1,1110,0
2024-05-01,114,2,522,0
2024-05-01,114,3,661,0
2024-05-01,114,4,724,0
2024-05-01,114,5,379,0
2024-05-01,114,6,444,0
2024-05-01,114,7,789,1
2024-05-01,114,8,524,0
2024-05-01,114,9,771,0
2024-05-01,114,10,1221,1
2024-05-01,114,11,674,0
2024-05-01,114,12,620,0
2024-05-01,114,13,319,0
2024-05-01,114,14,530,0
2024-05-01,114,15,451,0
2024-05-01,116,1,943,0
2024-05-01,116,2,465,0
2024-05-01,116,3,599,0
2024-05-01,116,4,672,0
2024-05-01,116,5,729,1
2024-05-01,116,6,1011,1
2024-05-01,116,9,792,0
2024-05-01,116,10,1259,1
2024-05-01,116,12,1127,1
2024-05-01,116,13,319,0
2024-05-01,116,14,504,0
2024-05-01,116,15,771,1
2024-05-01,117,1,818,0
2024-05-01,117,3,551,0
2024-05-01,117,4,511,0
2024-05-01,117,5,306,0
2024-05-01,117,6,332,0
2024-05-01,117,7,294,0
2024-05-01,117,8,340,0
2024-05-01,117,9,666,0
2024-05-01,117,10,565,0
2024-05-01,117,11,490,0
2024-05-01,117,12,426,0
2024-05-01,117,13,227,0
2024-05-01,117,14,416,0
2024-05-01,117,15,362,1
2024-05-01,118,1,684,0
2024-05-01,118,2,358,0
2024-05-01,118,4,557,0
2024-05-01,118,5,420,1
2024-05-01,118,6,329,0
2024-05-01,118,7,302,0
2024-05-01,118,8,397,0
2024-05-01,118,10,586,0
2024-05-01,118,11,497,0
2024-05-01,118,12,473,0
2024-05-01,118,13,247,0
2024-05-01,118,14,370,0
2024-05-01,119,1,803,0
2024-05-01,119,2,369,0
2024-05-01,119,3,508,0
2024-05-01,119,4,477,0
2024-05-01,119,5,272,0
2024-05-01,119,6,386,0
2024-05-01,119,7,407,1
2024-05-01,119,8,455,1
2024-05-01,119,9,657,0
2024-05-01,119,10,595,0
2024-05-01,119,11,551,0
2024-05-01,119,12,440,0
2024-05-01,119,13,244,0
2024-05-01,119,14,390,0
2024-05-01,119,15,327,0
2024-05-01,120,1,686,0
2024-05-01,120,2,350,0
2024-05-01,120,4,531,0
2024-05-01,120,5,296,0
2024-05-01,120,6,326,0
2024-05-01,120,7,294,0
2024-05-01,120,8,403,0
2024-05-01,120,9,605,0
2024-05-01,120,10,558,0
2024-05-01,120,11,498,0
2024-05-01,120,12,505,0
2024-05-01,120,13,237,0
2024-05-01,120,14,395,0
2024-05-01,121,1,849,0
2024-05-01,121,2,416,0
2024-05-01,121,3,451,0
2024-05-01,121,4,502,0
2024-05-01,121,5,264,0
2024-05-01,121,6,339,0
2024-05-01,121,7,326,0
2024-05-01,121,8,381,0
2024-05-01,121,9,666,0
2024-05-01,121,10,526,0
2024-05-01,121,11,573,0
2024-05-01,121,12,427,0
2024-05-01,121,13,257,0
2024-05-01,121,14,402,0
2024-05-01,121,15,326,0
2024-05-01,122,1,770,0
2024-05-01,122,2,360,0
2024-05-01,122,3,451,0
2024-05-01,122,4,535,0
2024-05-01,122,5,321,0
2024-05-01,122,6,457,1
2024-05-01,122,7,294,0
2024-05-01,122,8,353,0
2024-05-01,122,10,697,1
2024-05-01,122,11,504,0
2024-05-01,122,12,535,1
2024-05-01,122,13,297,1
2024-05-01,122,14,372,0
2024-05-01,124,2,381,0
2024-05-01,124,3,545,0
2024-05-01,124,4,571,0
2024-05-01,124,5,308,0
2024-05-01,124,6,309,0
2024-05-01,124,7,297,0
2024-05-01,124,8,395,0
2024-05-01,124,9,693,0
2024-05-01,124,10,569,0
2024-05-01,124,11,481,0
2024-05-01,124,12,507,0
2024-05-01,124,13,247,0
2024-05-01,124,14,427,0
2024-05-01,124,15,465,1
2024-05-01,125,1,509,0
2024-05-01,125,2,303,0
2024-05-01,125,3,371,0
2024-05-01,125,4,411,0
2024-05-01,125,6,250,0
2024-05-01,125,7,207,0
2024-05-01,125,8,271,0
2024-05-01,125,9,484,0
2024-05-01,125,10,382,0
2024-05-01,125,11,382,0
2024-05-01,125,12,344,0
2024-05-01,125,13,253,1
2024-05-01,125,15,254,0
2024-05-01,126,1,606,0
2024-05-01,126,2,317,0
2024-05-01,126,3,522,1
2024-05-01,126,4,395,0
2024-05-01,126,5,213,0
2024-05-01,126,6,275,0
2024-05-01,126,8,272,0
2024-05-01,126,9,728,1
2024-05-01,126,10,530,1
2024-05-01,126,11,406,0
2024-05-01,126,12,381,0
2024-05-01,126,13,163,0
2024-05-01,126,14,322,0
2024-05-01,126,15,247,0
2024-05-01,127,1,603,0
2024-05-01,127,2,338,1
2024-05-01,127,3,360,0
2024-05-01,127,4,379,0
2024-05-01,127,5,231,0
2024-05-01,127,6,267,0
2024-05-01,127,7,234,0
2024-05-01,127,8,390,1
2024-05-01,127,9,528,0
2024-05-01,127,10,430,0
2024-05-01,127,11,385,0
2024-05-01,127,12,306,0
2024-05-01,127,13,213,1
2024-05-01,127,14,290,0
2024-05-01,128,1,552,0
2024-05-01,128,2,428,1
2024-05-01,128,3,369,0
2024-05-01,128,4,384,0
2024-05-01,128,5,311,1
2024-05-01,128,6,271,0
2024-05-01,128,7,231,0
2024-05-01,128,8,331,1
2024-05-01,128,9,710,1
2024-05-01,128,10,417,0
2024-05-01,128,12,330,0
2024-05-01,128,13,231,1
2024-05-01,128,14,261,0
2024-05-01,128,15,266,0
2024-05-01,129,1,639,0
2024-05-01,129,2,284,0
2024-05-01,129,3,394,0
2024-05-01,129,5,225,0
2024-05-01,129,6,258,0
2024-05-01,129,7,213,0
2024-05-01,129,8,356,1
2024-05-01,129,9,483,0
2024-05-01,129,10,371,0
2024-05-01,129,11,394,0
2024-05-01,129,13,158,0
2024-05-01,129,14,321,0
2024-05-01,129,15,227,0
2024-05-01,130,1,556,0
2024-05-01,130,2,330,0
2024-05-01,130,3,392,0
2024-05-01,130,4,402,0
2024-05-01,130,5,236,0
2024-05-01,130,7,275,1
2024-05-01,130,8,291,0
2024-05-01,130,9,535,0
2024-05-01,130,10,453,0
2024-05-01,130,11,464,1
2024-05-01,130,12,354,0
2024-05-01,130,13,205,1
2024-05-01,130,14,311,0
2024-05-01,130,15,225,0
2024-05-01,132,2,262,0
2024-05-01,132,3,411,0
2024-05-01,132,4,391,0
2024-05-01,132,5,229,0
2024-05-01,132,6,294,0
2024-05-01,132,7,203,0
2024-05-01,132,8,295,0
2024-05-01,132,9,491,0
2024-05-01,132,10,380,0
2024-05-01,132,12,350,0
2024-05-01,132,13,157,0
2024-05-01,132,14,321,0
2024-05-01,132,15,227,0
2024-05-01,133,1,998,0
2024-05-01,133,3,661,0
2024-05-01,133,4,675,0
2024-05-01,133,5,384,0
2024-05-01,133,6,413,0
2024-05-01,133,7,384,0
2024-05-01,133,9,914,0
2024-05-01,133,10,736,0
2024-05-01,133,11,656,0
2024-05-01,133,12,519,0
2024-05-01,133,13,299,0
2024-05-01,133,14,482,0
2024-05-01,133,15,435,0
2024-05-01,134,1,886,0
2024-05-01,134,2,475,0
2024-05-01,134,3,641,0
2024-05-01,134,4,750,0
2024-05-01,134,5,428,1
2024-05-01,134,6,416,0
2024-05-01,134,7,356,0
2024-05-01,134,8,512,0
2024-05-01,134,9,924,0
2024-05-01,134,11,722,0
2024-05-01,134,12,588,0
2024-05-01,134,13,294,0
2024-05-01,134,14,479,0
2024-05-01,134,15,403,0
2024-05-01,135,1,1019,0
2024-05-01,135,2,526,0
2024-05-01,135,3,681,0
2024-05-01,135,4,672,0
2024-05-01,135,5,374,0
2024-05-01,135,6,385,0
2024-05-01,135,7,362,0
2024-05-01,135,8,447,0
2024-05-01,135,9,805,0
2024-05-01,135,11,620,0
2024-05-01,135,12,595,0
2024-05-01,135,13,319,0
2024-05-01,135,14,478,0
2024-05-01,135,15,368,0
2024-05-01,136,1,1051,0
2024-05-01,136,2,498,0
2024-05-01,136,4,629,0
2024-05-01,136,6,409,0
2024-05-01,136,7,477,1
2024-05-01,136,8,448,0
2024-05-01,136,9,848,0
2024-05-01,136,10,1055,1
2024-05-01,136,11,665,0
2024-05-01,136,12,591,0
2024-05-01,136,13,293,0
2024-05-01,136,14,433,0
2024-05-01,136,15,579,1
2024-05-01,137,1,1047,0
2024-05-01,137,2,520,0
2024-05-01,137,3,632,0
2024-05-01,137,4,647,0
2024-05-01,137,5,338,0
2024-05-01,137,6,461,0
2024-05-01,137,7,348,0
2024-05-01,137,8,507,0
2024-05-01,137,9,795,0
2024-05-01,137,10,740,0
2024-05-01,137,11,630,0
2024-05-01,137,12,584,0
2024-05-01,137,13,396,1
2024-05-01,137,14,462,0
2024-05-01,137,15,364,0
2024-05-01,138,1,932,0
2024-05-01,138,2,480,0
2024-05-01,138,4,652,0
2024-05-01,138,5,329,0
2024-05-01,138,6,484,0
2024-05-01,138,7,407,0
2024-05-01,138,8,552,1
2024-05-01,138,9,755,0
2024-05-01,138,10,617,0
2024-05-01,138,11,601,0
2024-05-01,138,12,604,0
2024-05-01,138,13,303,0
2024-05-01,138,14,478,0
2024-05-01,138,15,541,1
2024-05-01,140,1,931,0
2024-05-01,140,2,733,1
2024-05-01,140,3,665,0
2024-05-01,140,4,729,0
2024-05-01,140,5,338,0
2024-05-01,140,6,419,0
2024-05-01,140,7,350,0
2024-05-01,140,8,416,0
2024-05-01,140,9,775,0
2024-05-01,140,10,655,0
2024-05-01,140,11,990,1
2024-05-01,140,12,711,1
2024-05-01,140,13,265,0
2024-05-01,140,14,532,0
2024-05-01,140,15,415,0
2024-06-01,101,1,1423,0
2024-06-01,101,2,663,0
2024-06-01,101,3,869,0
2024-06-01,101,4,929,0
2024-06-01,101,5,507,0
2024-06-01,101,6,634,0
2024-06-01,101,7,550,0
2024-06-01,101,8,688,0
2024-06-01,101,9,1068,0
2024-06-01,101,10,876,0
2024-06-01,101,11,1411,1
2024-06-01,101,12,786,0
2024-06-01,101,13,442,0
2024-06-01,101,14,723,0
2024-06-01,101,15,785,1
2024-06-01,102,1,1498,0
2024-06-01,102,2,721,0
2024-06-01,102,3,883,0
2024-06-01,102,4,853,0
2024-06-01,102,5,694,1
2024-06-01,102,6,560,0
2024-06-01,102,7,591,0
2024-06-01,102,8,866,1
2024-06-01,102,9,1102,0
2024-06-01,102,10,944,0
2024-06-01,102,11,1026,0
2024-06-01,102,12,800,0
2024-06-01,102,13,417,0
2024-06-01,102,14,752,0
2024-06-01,102,15,830,1
2024-06-01,103,1,1396,0
2024-06-01,103,2,650,0
2024-06-01,103,3,881,0
2024-06-01,103,4,1227,1
2024-06-01,103,5,461,0
2024-06-01,103,6,620,0
2024-06-01,103,7,596,0
2024-06-01,103,8,672,0
2024-06-01,103,9,1062,0
2024-06-01,103,10,971,0
2024-06-01,103,11,905,0
2024-06-01,103,12,822,0
2024-06-01,103,13,436,0
2024-06-01,103,14,737,0
2024-06-01,103,15,840,1
2024-06-01,104,1,1412,0
2024-06-01,104,2,720,0
2024-06-01,104,3,1007,0
2024-06-01,104,4,1405,1
2024-06-01,104,5,532,0
2024-06-01,104,6,575,0
2024-06-01,104,7,504,0
2024-06-01,104,8,675,0
2024-06-01,104,9,1169,0
2024-06-01,104,10,862,0
2024-06-01,104,11,925,0
2024-06-01,104,12,904,0
2024-06-01,104,13,465,0
2024-06-01,104,14,924,1
2024-06-01,104,15,609,0
2024-06-01,105,1,1431,0
2024-06-01,105,2,765,0
2024-06-01,105,3,840,0
2024-06-01,105,5,491,0
2024-06-01,105,6,640,0
2024-06-01,105,7,492,0
2024-06-01,105,8,616,0
2024-06-01,105,9,1188,0
2024-06-01,105,10,856,0
2024-06-01,105,11,1467,1
2024-06-01,105,12,723,0
2024-06-01,105,13,442,0
2024-06-01,105,14,671,0
2024-06-01,105,15,631,0
2024-06-01,106,1,1509,0
2024-06-01,106,2,617,0
2024-06-01,106,3,821,0
2024-06-01,106,4,1020,0
2024-06-01,106,5,534,0
2024-06-01,106,6,651,0
2024-06-01,106,7,551,0
2024-06-01,106,8,637,0
2024-06-01,106,9,1326,0
2024-06-01,106,10,1126,1
2024-06-01,106,11,948,0
2024-06-01,106,12,842,0
2024-06-01,106,13,459,0
2024-06-01,106,14,758,0
2024-06-01,106,15,548,0
2024-06-01,108,1,1371,0
2024-06-01,108,2,691,0
2024-06-01,108,3,865,0
2024-06-01,108,4,1054,0
2024-06-01,108,5,473,0
2024-06-01,108,6,578,0
2024-06-01,108,7,483,0
2024-06-01,108,8,597,0
2024-06-01,108,9,1271,0
2024-06-01,108,10,951,0
2024-06-01,108,11,877,0
2024-06-01,108,12,739,0
2024-06-01,108,13,459,0
2024-06-01,108,14,722,0
2024-06-01,108,15,609,0
2024-06-01,109,1,1010,0
2024-06-01,109,2,470,0
2024-06-01,109,3,1249,1
2024-06-01,109,4,641,0
2024-06-01,109,5,422,0
2024-06-01,109,6,809,1
2024-06-01,109,7,374,0
2024-06-01,109,8,508,0
2024-06-01,109,9,813,0
2024-06-01,109,10,691,0
2024-06-01,109,11,758,0
2024-06-01,109,12,612,0
2024-06-01,109,13,326,0
2024-06-01,109,14,486,0
2024-06-01,109,15,926,1
2024-06-01,110,1,994,0
2024-06-01,110,2,562,0
2024-06-01,110,3,617,0
2024-06-01,110,4,740,0
2024-06-01,110,6,847,1
2024-06-01,110,7,423,0
2024-06-01,110,8,456,0
2024-06-01,110,9,925,0
2024-06-01,110,10,661,0
2024-06-01,110,11,1400,1
2024-06-01,110,12,609,0
2024-06-01,110,13,319,0
2024-06-01,110,14,959,1
2024-06-01,110,15,814,1
2024-06-01,111,1,2031,1
2024-06-01,111,2,461,0
2024-06-01,111,3,717,0
2024-06-01,111,4,1362,1
2024-06-01,111,6,463,0
2024-06-01,111,7,381,0
2024-06-01,111,9,911,0
2024-06-01,111,10,677,0
2024-06-01,111,11,728,0
2024-06-01,111,12,619,0
2024-06-01,111,13,294,0
2024-06-01,111,14,1018,1
2024-06-01,111,15,835,1
2024-06-01,112,1,1065,0
2024-06-01,112,2,521,0
2024-06-01,112,3,599,0
2024-06-01,112,5,352,0
2024-06-01,112,6,889,1
2024-06-01,112,7,392,0
2024-06-01,112,8,507,0
2024-06-01,112,9,969,0
2024-06-01,112,10,1262,1
2024-06-01,112,11,638,0
2024-06-01,112,12,1096,1
2024-06-01,112,13,636,1
2024-06-01,112,14,500,0
2024-06-01,112,15,864,1
2024-06-01,113,1,1033,0
2024-06-01,113,2,527,0
2024-06-01,113,3,639,0
2024-06-01,113,4,1356,1
2024-06-01,113,5,762,1
2024-06-01,113,6,422,0
2024-06-01,113,7,690,1
2024-06-01,113,8,520,0
2024-06-01,113,9,1574,1
2024-06-01,113,10,626,0
2024-06-01,113,11,734,0
2024-06-01,113,12,620,0
2024-06-01,113,13,298,0
2024-06-01,113,14,501,0
2024-06-01,114,1,1618,1
2024-06-01,114,2,961,1
2024-06-01,114,3,1272,1
2024-06-01,114,5,369,0
2024-06-01,114,6,418,0
2024-06-01,114,7,421,0
2024-06-01,114,8,497,0
2024-06-01,114,9,894,0
2024-06-01,114,10,1413,1
2024-06-01,114,11,780,0
2024-06-01,114,12,648,0
2024-06-01,114,13,534,1
2024-06-01,114,14,1013,1
2024-06-01,116,1,1045,0
2024-06-01,116,2,529,0
2024-06-01,116,3,710,0
2024-06-01,116,4,1483,1
2024-06-01,116,5,363,0
2024-06-01,116,6,443,0
2024-06-01,116,7,732,1
2024-06-01,116,8,889,1
2024-06-01,116,9,950,0
2024-06-01,116,10,699,0
2024-06-01,116,11,704,0
2024-06-01,116,12,626,0
2024-06-01,116,13,334,0
2024-06-01,116,14,534,0
2024-06-01,116,15,936,1
2024-06-01,117,1,799,0
2024-06-01,117,2,446,0
2024-06-01,117,3,532,0
2024-06-01,117,4,801,1
2024-06-01,117,5,295,0
2024-06-01,117,6,397,0
2024-06-01,117,7,331,0
2024-06-01,117,8,360,0
2024-06-01,117,9,706,0
2024-06-01,117,10,614,0
2024-06-01,117,11,497,0
2024-06-01,117,12,476,0
2024-06-01,117,13,232,0
2024-06-01,117,14,536,1
2024-06-01,117,15,335,0
2024-06-01,118,1,728,0
2024-06-01,118,2,368,0
2024-06-01,118,3,515,0
2024-06-01,118,4,520,0
2024-06-01,118,5,299,0
2024-06-01,118,6,349,0
2024-06-01,118,7,339,0
2024-06-01,118,8,337,0
2024-06-01,118,9,762,0
2024-06-01,118,10,554,0
2024-06-01,118,11,549,0
2024-06-01,118,12,501,0
2024-06-01,118,13,264,0
2024-06-01,118,14,439,0
2024-06-01,118,15,304,0
2024-06-01,119,2,427,0
2024-06-01,119,3,509,0
2024-06-01,119,4,554,0
2024-06-01,119,5,322,0
2024-06-01,119,6,362,0
2024-06-01,119,7,339,0
2024-06-01,119,8,407,0
2024-06-01,119,9,747,0
2024-06-01,119,10,514,0
2024-06-01,119,11,577,0
2024-06-01,119,12,424,0
2024-06-01,119,13,238,0
2024-06-01,119,14,500,1
2024-06-01,119,15,314,0
2024-06-01,120,1,796,0
2024-06-01,120,2,379,0
2024-06-01,120,3,518,0
2024-06-01,120,4,632,1
2024-06-01,120,5,301,0
2024-06-01,120,6,334,0
2024-06-01,120,7,297,0
2024-06-01,120,8,559,1
2024-06-01,120,9,672,0
2024-06-01,120,10,539,0
2024-06-01,120,11,544,0
2024-06-01,120,12,505,0
2024-06-01,120,13,266,0
2024-06-01,120,14,426,0
2024-06-01,120,15,439,1
2024-06-01,121,1,737,0
2024-06-01,121,2,524,1
2024-06-01,121,3,573,0
2024-06-01,121,4,616,0
2024-06-01,121,5,333,0
2024-06-01,121,7,312,0
2024-06-01,121,9,633,0
2024-06-01,121,11,585,0
2024-06-01,121,12,498,0
2024-06-01,121,13,223,0
2024-06-01,121,14,433,0
2024-06-01,121,15,310,0
2024-06-01,122,1,831,0
2024-06-01,122,2,397,0
2024-06-01,122,3,504,0
2024-06-01,122,4,570,0
2024-06-01,122,5,350,1
2024-06-01,122,6,398,0
2024-06-01,122,7,322,0
2024-06-01,122,8,382,0
2024-06-01,122,10,539,0
2024-06-01,122,11,566,0
2024-06-01,122,12,490,0
2024-06-01,122,13,369,1
2024-06-01,122,14,375,0
2024-06-01,122,15,374,0
2024-06-01,124,1,719,0
2024-06-01,124,2,416,0
2024-06-01,124,3,535,0
2024-06-01,124,4,532,0
2024-06-01,124,5,322,0
2024-06-01,124,6,381,0
2024-06-01,124,7,281,0
2024-06-01,124,8,411,0
2024-06-01,124,9,733,0
2024-06-01,124,10,658,1
2024-06-01,124,11,501,0
2024-06-01,124,13,269,0
2024-06-01,124,14,428,0
2024-06-01,124,15,326,0
2024-06-01,125,2,303,0
2024-06-01,125,4,540,1
2024-06-01,125,6,238,0
2024-06-01,125,7,238,0
2024-06-01,125,8,280,0
2024-06-01,125,9,486,0
2024-06-01,125,10,580,1
2024-06-01,125,11,368,0
2024-06-01,125,12,375,0
2024-06-01,125,13,156,0
2024-06-01,125,14,307,0
2024-06-01,125,15,237,0
2024-06-01,126,1,524,0
2024-06-01,126,2,264,0
2024-06-01,126,3,395,0
2024-06-01,126,4,451,0
2024-06-01,126,5,204,0
2024-06-01,126,6,274,0
2024-06-01,126,7,216,0
2024-06-01,126,8,249,0
2024-06-01,126,9,559,0
2024-06-01,126,10,364,0
2024-06-01,126,12,360,0
2024-06-01,126,13,186,0
2024-06-01,126,14,265,0
2024-06-01,126,15,231,0
2024-06-01,127,1,534,0
2024-06-01,127,2,287,0
2024-06-01,127,3,412,0
2024-06-01,127,4,425,0
2024-06-01,127,5,221,0
2024-06-01,127,6,283,0
2024-06-01,127,7,222,0
2024-06-01,127,8,292,0
2024-06-01,127,9,446,0
2024-06-01,127,10,612,1
2024-06-01,127,11,582,1
2024-06-01,127,12,330,0
2024-06-01,127,13,196,0
2024-06-01,127,14,319,0
2024-06-01,128,1,606,0
2024-06-01,128,2,409,1
2024-06-01,128,3,345,0
2024-06-01,128,4,364,0
2024-06-01,128,5,284,1
2024-06-01,128,6,243,0
2024-06-01,128,7,238,0
2024-06-01,128,8,265,0
2024-06-01,128,9,480,0
2024-06-01,128,10,360,0
2024-06-01,128,11,359,0
2024-06-01,128,12,378,0
2024-06-01,128,13,194,0
2024-06-01,128,14,290,0
2024-06-01,128,15,245,0
2024-06-01,129,1,538,0
2024-06-01,129,2,270,0
2024-06-01,129,3,416,0
2024-06-01,129,4,391,0
2024-06-01,129,5,203,0
2024-06-01,129,6,244,0
2024-06-01,129,7,337,1
2024-06-01,129,9,453,0
2024-06-01,129,10,386,0
2024-06-01,129,11,361,0
2024-06-01,129,12,353,0
2024-06-01,129,13,157,0
2024-06-01,129,14,261,0
2024-06-01,129,15,238,0
2024-06-01,130,1,609,0
2024-06-01,130,2,264,0
2024-06-01,130,3,348,0
2024-06-01,130,4,418,0
2024-06-01,130,5,240,0
2024-06-01,130,6,261,0
2024-06-01,130,7,345,1
2024-06-01,130,8,293,0
2024-06-01,130,9,508,0
2024-06-01,130,10,447,0
2024-06-01,130,11,391,0
2024-06-01,130,12,341,0
2024-06-01,130,13,172,0
2024-06-01,130,14,265,0
2024-06-01,130,15,244,0
2024-06-01,132,1,629,0
2024-06-01,132,2,312,0
2024-06-01,132,3,558,1
2024-06-01,132,4,396,0
2024-06-01,132,5,235,0
2024-06-01,132,6,248,0
2024-06-01,132,7,207,0
2024-06-01,132,8,245,0
2024-06-01,132,9,549,0
2024-06-01,132,10,392,0
2024-06-01,132,11,395,0
2024-06-01,132,12,327,0
2024-06-01,132,13,181,0
2024-06-01,132,14,278,0
2024-06-01,132,15,329,1
2024-06-01,133,1,1011,0
2024-06-01,133,2,515,0
2024-06-01,133,3,822,0
2024-06-01,133,4,1227,1
2024-06-01,133,5,400,0
2024-06-01,133,6,574,0
2024-06-01,133,7,440,0
2024-06-01,133,8,683,1
2024-06-01,133,9,876,0
2024-06-01,133,10,873,0
2024-06-01,133,11,789,0
2024-06-01,133,13,359,0
2024-06-01,133,14,519,0
2024-06-01,134,1,1184,0
2024-06-01,134,2,593,0
2024-06-01,134,3,677,0
2024-06-01,134,4,847,0
2024-06-01,134,5,422,0
2024-06-01,134,6,471,0
2024-06-01,134,7,463,0
2024-06-01,134,8,773,1
2024-06-01,134,10,756,0
2024-06-01,134,11,840,0
2024-06-01,134,12,620,0
2024-06-01,134,13,374,0
2024-06-01,134,14,563,0
2024-06-01,134,15,689,1
2024-06-01,135,1,1254,0
2024-06-01,135,2,636,0
2024-06-01,135,3,690,0
2024-06-01,135,4,886,0
2024-06-01,135,5,381,0
2024-06-01,135,6,733,1
2024-06-01,135,7,458,0
2024-06-01,135,8,518,0
2024-06-01,135,9,1049,0
2024-06-01,135,10,776,0
2024-06-01,135,11,802,0
2024-06-01,135,12,708,0
2024-06-01,135,13,354,0
2024-06-01,135,14,645,0
2024-06-01,135,15,493,0
2024-06-01,136,1,1126,0
2024-06-01,136,2,515,0
2024-06-01,136,3,666,0
2024-06-01,136,4,746,0
2024-06-01,136,5,399,0
2024-06-01,136,6,570,0
2024-06-01,136,7,476,0
2024-06-01,136,8,474,0
2024-06-01,136,9,935,0
2024-06-01,136,10,854,0
2024-06-01,136,11,744,0
2024-06-01,136,12,598,0
2024-06-01,136,13,370,0
2024-06-01,136,14,554,0
2024-06-01,136,15,447,0
2024-06-01,137,1,1166,0
2024-06-01,137,2,581,0
2024-06-01,137,3,836,0
2024-06-01,137,4,802,0
2024-06-01,137,5,608,1
2024-06-01,137,6,555,0
2024-06-01,137,7,448,0
2024-06-01,137,8,485,0
2024-06-01,137,9,1009,0
2024-06-01,137,11,713,0
2024-06-01,137,12,617,0
2024-06-01,137,13,332,0
2024-06-01,137,14,548,0
2024-06-01,137,15,508,0
2024-06-01,138,1,1170,0
2024-06-01,138,2,588,0
2024-06-01,138,3,679,0
2024-06-01,138,4,724,0
2024-06-01,138,5,389,0
2024-06-01,138,6,555,0
2024-06-01,138,7,391,0
2024-06-01,138,9,1328,1
2024-06-01,138,10,848,0
2024-06-01,138,11,1037,1
2024-06-01,138,12,1094,1
2024-06-01,138,13,348,0
2024-06-01,138,14,635,0
2024-06-01,138,15,599,1
2024-06-01,140,1,1023,0
2024-06-01,140,2,532,0
2024-06-01,140,3,709,0
2024-06-01,140,4,770,0
2024-06-01,140,5,456,0
2024-06-01,140,6,501,0
2024-06-01,140,7,462,0
2024-06-01,140,8,523,0
2024-06-01,140,9,942,0
2024-06-01,140,10,788,0
2024-06-01,140,11,841,0
2024-06-01,140,12,694,0
2024-06-01,140,13,333,0
2024-06-01,140,14,657,1
2024-06-01,140,15,453,0
2024-07-01,101,1,1517,0
2024-07-01,101,2,839,1
2024-07-01,101,3,815,0
2024-07-01,101,4,1032,0
2024-07-01,101,5,460,0
2024-07-01,101,6,665,0
2024-07-01,101,7,521,0
2024-07-01,101,8,588,0
2024-07-01,101,9,1305,0
2024-07-01,101,10,1341,1
2024-07-01,101,11,920,0
2024-07-01,101,12,819,0
2024-07-01,101,13,379,0
2024-07-01,101,14,678,0
2024-07-01,101,15,596,0
2024-07-01,102,1,1499,0
2024-07-01,102,2,666,0
2024-07-01,102,3,808,0
2024-07-01,102,4,1317,1
2024-07-01,102,5,553,0
2024-07-01,102,6,593,0
2024-07-01,102,7,561,0
2024-07-01,102,8,723,0
2024-07-01,102,9,1228,0
2024-07-01,102,13,435,0
2024-07-01,102,14,646,0
2024-07-01,102,15,632,0
2024-07-01,103,1,1485,0
2024-07-01,103,2,618,0
2024-07-01,103,3,1228,1
2024-07-01,103,4,891,0
2024-07-01,103,5,475,0
2024-07-01,103,6,679,0
2024-07-01,103,7,528,0
2024-07-01,103,8,663,0
2024-07-01,103,9,1144,0
2024-07-01,103,10,902,0
2024-07-01,103,11,1426,1
2024-07-01,103,12,762,0
2024-07-01,103,14,815,1
2024-07-01,103,15,522,0
2024-07-01,104,1,1373,0
2024-07-01,104,2,651,0
2024-07-01,104,3,910,0
2024-07-01,104,4,936,0
2024-07-01,104,5,523,0
2024-07-01,104,6,588,0
2024-07-01,104,7,583,0
2024-07-01,104,8,709,0
2024-07-01,104,9,1308,0
2024-07-01,104,10,1307,1
2024-07-01,104,11,865,0
2024-07-01,104,12,820,0
2024-07-01,104,13,491,1
2024-07-01,104,14,685,0
2024-07-01,104,15,590,0
2024-07-01,105,1,1343,0
2024-07-01,105,2,757,0
2024-07-01,105,3,1078,1
2024-07-01,105,5,537,0
2024-07-01,105,6,562,0
2024-07-01,105,7,506,0
2024-07-01,105,8,627,0
2024-07-01,105,9,1262,0
2024-07-01,105,10,1002,0
2024-07-01,105,11,1055,0
2024-07-01,105,12,735,0
2024-07-01,105,13,380,0
2024-07-01,105,15,532,0
2024-07-01,106,1,2051,1
2024-07-01,106,2,695,0
2024-07-01,106,3,823,0
2024-07-01,106,4,1081,0
2024-07-01,106,5,480,0
2024-07-01,106,6,860,1
2024-07-01,106,7,598,0
2024-07-01,106,8,629,0
2024-07-01,106,10,1046,0
2024-07-01,106,11,1054,0
2024-07-01,106,12,856,0
2024-07-01,106,13,653,1
2024-07-01,106,14,698,0
2024-07-01,106,15,642,0
2024-07-01,108,1,1264,0
2024-07-01,108,2,758,0
2024-07-01,108,3,996,0
2024-07-01,108,4,974,0
2024-07-01,108,5,570,0
2024-07-01,108,6,695,0
2024-07-01,108,7,698,1
2024-07-01,108,8,643,0
2024-07-01,108,9,1134,0
2024-07-01,108,10,999,0
2024-07-01,108,11,1069,0
2024-07-01,108,12,781,0
2024-07-01,108,13,368,0
2024-07-01,108,15,515,0
2024-07-01,109,1,1033,0
2024-07-01,109,3,628,0
2024-07-01,109,4,751,0
2024-07-01,109,5,785,1
2024-07-01,109,6,407,0
2024-07-01,109,7,377,0
2024-07-01,109,8,466,0
2024-07-01,109,9,1528,1
2024-07-01,109,10,728,0
2024-07-01,109,11,732,0
2024-07-01,109,12,1107,1
2024-07-01,109,13,313,0
2024-07-01,109,14,555,0
2024-07-01,109,15,765,1
2024-07-01,110,1,988,0
2024-07-01,110,2,486,0
2024-07-01,110,4,692,0
2024-07-01,110,5,362,0
2024-07-01,110,6,412,0
2024-07-01,110,7,371,0
2024-07-01,110,8,463,0
2024-07-01,110,10,691,0
2024-07-01,110,13,291,0
2024-07-01,110,14,507,0
2024-07-01,110,15,880,1
2024-07-01,111,1,1658,1
2024-07-01,111,2,464,0
2024-07-01,111,3,631,0
2024-07-01,111,4,622,0
2024-07-01,111,5,345,0
2024-07-01,111,7,647,1
2024-07-01,111,8,468,0
2024-07-01,111,10,778,0
2024-07-01,111,11,709,0
2024-07-01,111,12,649,0
2024-07-01,111,13,314,0
2024-07-01,111,14,528,0
2024-07-01,111,15,425,0
2024-07-01,112,1,1035,0
2024-07-01,112,2,517,0
2024-07-01,112,3,600,0
2024-07-01,112,4,626,0
2024-07-01,112,5,336,0
2024-07-01,112,6,496,0
2024-07-01,112,7,897,1
2024-07-01,112,8,449,0
2024-07-01,112,9,946,0
2024-07-01,112,10,732,0
2024-07-01,112,11,1338,1
2024-07-01,112,12,629,0
2024-07-01,112,13,583,1
2024-07-01,112,14,527,0
2024-07-01,112,15,437,0
2024-07-01,113,1,1061,0
2024-07-01,113,2,1028,1
2024-07-01,113,3,647,0
2024-07-01,113,5,614,1
2024-07-01,113,6,481,0
2024-07-01,113,7,412,0
2024-07-01,113,8,437,0
2024-07-01,113,9,855,0
2024-07-01,113,11,1287,1
2024-07-01,113,12,647,0
2024-07-01,113,13,318,0
2024-07-01,113,14,518,0
2024-07-01,113,15,759,1
2024-07-01,114,1,2175,1
2024-07-01,114,2,513,0
2024-07-01,114,3,1475,1
2024-07-01,114,4,713,0
2024-07-01,114,6,498,0
2024-07-01,114,7,422,0
2024-07-01,114,8,458,0
2024-07-01,114,9,796,0
2024-07-01,114,11,629,0
2024-07-01,114,13,276,0
2024-07-01,114,14,488,0
2024-07-01,114,15,463,0
2024-07-01,116,1,892,0
2024-07-01,116,2,446,0
2024-07-01,116,3,731,0
2024-07-01,116,4,631,0
2024-07-01,116,5,801,1
2024-07-01,116,6,798,1
2024-07-01,116,7,357,0
2024-07-01,116,8,523,0
2024-07-01,116,9,816,0
2024-07-01,116,11,735,0
2024-07-01,116,12,1387,1
2024-07-01,116,13,273,0
2024-07-01,116,14,481,0
2024-07-01,117,2,380,0
2024-07-01,117,3,573,0
2024-07-01,117,6,355,0
2024-07-01,117,7,321,0
2024-07-01,117,8,541,1
2024-07-01,117,9,618,0
2024-07-01,117,10,605,0
2024-07-01,117,11,536,0
2024-07-01,117,13,220,0
2024-07-01,117,14,423,0
2024-07-01,117,15,289,0
2024-07-01,118,1,694,0
2024-07-01,118,2,344,0
2024-07-01,118,3,483,0
2024-07-01,118,4,545,0
2024-07-01,118,5,388,1
2024-07-01,118,6,340,0
2024-07-01,118,7,319,0
2024-07-01,118,8,350,0
2024-07-01,118,9,639,0
2024-07-01,118,10,484,0
2024-07-01,118,11,560,0
2024-07-01,118,12,424,0
2024-07-01,118,13,250,0
2024-07-01,118,14,425,0
2024-07-01,118,15,342,0
2024-07-01,119,1,701,0
2024-07-01,119,2,490,1
2024-07-01,119,3,690,1
2024-07-01,119,4,533,0
2024-07-01,119,6,346,0
2024-07-01,119,8,355,0
2024-07-01,119,10,597,0
2024-07-01,119,11,556,0
2024-07-01,119,12,501,0
2024-07-01,119,13,249,0
2024-07-01,119,14,489,1
2024-07-01,119,15,355,0
2024-07-01,120,1,787,0
2024-07-01,120,2,355,0
2024-07-01,120,3,567,0
2024-07-01,120,4,856,1
2024-07-01,120,5,299,0
2024-07-01,120,6,362,0
2024-07-01,120,7,324,0
2024-07-01,120,8,335,0
2024-07-01,120,9,639,0
2024-07-01,120,10,534,0
2024-07-01,120,11,542,0
2024-07-01,120,12,415,0
2024-07-01,120,13,242,0
2024-07-01,120,14,541,1
2024-07-01,120,15,297,0
2024-07-01,121,1,795,0
2024-07-01,121,3,776,1
2024-07-01,121,4,683,1
2024-07-01,121,5,278,0
2024-07-01,121,6,339,0
2024-07-01,121,7,292,0
2024-07-01,121,9,634,0
2024-07-01,121,10,584,0
2024-07-01,121,11,594,0
2024-07-01,121,12,497,0
2024-07-01,121,13,244,0
2024-07-01,121,14,407,0
2024-07-01,121,15,515,1
2024-07-01,122,2,387,0
2024-07-01,122,3,525,0
2024-07-01,122,4,592,0
2024-07-01,122,6,394,0
2024-07-01,122,9,677,0
2024-07-01,122,10,531,0
2024-07-01,122,11,548,0
2024-07-01,122,13,232,0
2024-07-01,122,14,376,0
2024-07-01,122,15,348,0
2024-07-01,124,1,819,0
2024-07-01,124,2,408,0
2024-07-01,124,3,496,0
2024-07-01,124,4,568,0
2024-07-01,124,5,290,0
2024-07-01,124,6,320,0
2024-07-01,124,7,297,0
2024-07-01,124,8,347,0
2024-07-01,124,9,609,0
2024-07-01,124,10,552,0
2024-07-01,124,11,597,0
2024-07-01,124,12,558,1
2024-07-01,124,13,250,0
2024-07-01,124,14,553,1
2024-07-01,124,15,355,0
2024-07-01,125,1,558,0
2024-07-01,125,2,303,0
2024-07-01,125,3,422,0
2024-07-01,125,4,458,0
2024-07-01,125,6,260,0
2024-07-01,125,7,245,0
2024-07-01,125,8,251,0
2024-07-01,125,9,557,0
2024-07-01,125,10,592,1
2024-07-01,125,11,395,0
2024-07-01,125,12,355,0
2024-07-01,125,13,222,1
2024-07-01,125,14,301,0
2024-07-01,125,15,234,0
2024-07-01,126,1,528,0
2024-07-01,126,2,323,0
2024-07-01,126,3,392,0
2024-07-01,126,4,486,1
2024-07-01,126,5,241,0
2024-07-01,126,6,294,0
2024-07-01,126,7,236,0
2024-07-01,126,8,298,0
2024-07-01,126,9,804,1
2024-07-01,126,10,357,0
2024-07-01,126,11,581,1
2024-07-01,126,12,349,0
2024-07-01,126,13,160,0
2024-07-01,126,14,292,0
2024-07-01,126,15,266,0
2024-07-01,127,1,525,0
2024-07-01,127,2,429,1
2024-07-01,127,3,364,0
2024-07-01,127,4,437,0
2024-07-01,127,5,243,0
2024-07-01,127,6,282,0
2024-07-01,127,7,235,0
2024-07-01,127,8,334,1
2024-07-01,127,9,560,0
2024-07-01,127,10,371,0
2024-07-01,127,11,386,0
2024-07-01,127,12,385,0
2024-07-01,127,13,155,0
2024-07-01,127,15,225,0
2024-07-01,128,1,561,0
2024-07-01,128,2,288,0
2024-07-01,128,3,366,0
2024-07-01,128,4,408,0
2024-07-01,128,5,213,0
2024-07-01,128,6,365,1
2024-07-01,128,7,252,0
2024-07-01,128,8,250,0
2024-07-01,128,9,459,0
2024-07-01,128,10,432,0
2024-07-01,128,11,406,0
2024-07-01,128,12,330,0
2024-07-01,128,13,188,0
2024-07-01,128,15,233,0
2024-07-01,129,1,564,0
2024-07-01,129,2,304,0
2024-07-01,129,3,367,0
2024-07-01,129,4,377,0
2024-07-01,129,5,245,0
2024-07-01,129,6,270,0
2024-07-01,129,8,248,0
2024-07-01,129,9,538,0
2024-07-01,129,10,407,0
2024-07-01,129,11,374,0
2024-07-01,129,12,325,0
2024-07-01,129,13,169,0
2024-07-01,129,14,327,0
2024-07-01,130,2,282,0
2024-07-01,130,3,366,0
2024-07-01,130,4,385,0
2024-07-01,130,5,236,0
2024-07-01,130,6,278,0
2024-07-01,130,7,302,1
2024-07-01,130,8,243,0
2024-07-01,130,9,464,0
2024-07-01,130,10,375,0
2024-07-01,130,11,390,0
2024-07-01,130,12,421,1
2024-07-01,130,13,175,0
2024-07-01,130,14,433,1
2024-07-01,130,15,246,0
2024-07-01,132,1,760,1
2024-07-01,132,2,262,0
2024-07-01,132,3,375,0
2024-07-01,132,4,416,0
2024-07-01,132,5,237,0
2024-07-01,132,6,367,1
2024-07-01,132,7,207,0
2024-07-01,132,8,290,0
2024-07-01,132,9,538,0
2024-07-01,132,10,389,0
2024-07-01,132,11,413,0
2024-07-01,132,12,511,1
2024-07-01,132,13,168,0
2024-07-01,132,14,310,0
2024-07-01,132,15,273,0
2024-07-01,133,1,1356,0
2024-07-01,133,2,594,0
2024-07-01,133,3,849,0
2024-07-01,133,4,1128,1
2024-07-01,133,5,524,0
2024-07-01,133,6,560,0
2024-07-01,133,7,559,0
2024-07-01,133,8,634,0
2024-07-01,133,9,1035,0
2024-07-01,133,10,932,0
2024-07-01,133,11,857,0
2024-07-01,133,12,857,0
2024-07-01,133,13,360,0
2024-07-01,133,14,584,0
2024-07-01,133,15,490,0
2024-07-01,134,1,1197,0
2024-07-01,134,2,620,0
2024-07-01,134,4,884,0
2024-07-01,134,5,510,0
2024-07-01,134,6,634,0
2024-07-01,134,7,484,0
2024-07-01,134,8,580,0
2024-07-01,134,9,1018,0
2024-07-01,134,10,859,0
2024-07-01,134,11,976,0
2024-07-01,134,12,746,0
2024-07-01,134,13,374,0
2024-07-01,134,14,689,0
2024-07-01,134,15,584,0
2024-07-01,135,1,1670,1
2024-07-01,135,2,619,0
2024-07-01,135,3,1148,1
2024-07-01,135,4,917,0
2024-07-01,135,5,480,0
2024-07-01,135,6,562,0
2024-07-01,135,7,554,0
2024-07-01,135,8,683,0
2024-07-01,135,9,1225,0
2024-07-01,135,10,970,0
2024-07-01,135,11,897,0
2024-07-01,135,12,1020,1
2024-07-01,135,13,368,0
2024-07-01,135,14,732,0
2024-07-01,135,15,579,0
2024-07-01,136,2,570,0
2024-07-01,136,3,1073,1
2024-07-01,136,4,815,0
2024-07-01,136,5,440,0
2024-07-01,136,6,607,0
2024-07-01,136,7,552,0
2024-07-01,136,8,636,0
2024-07-01,136,9,1235,0
2024-07-01,136,10,806,0
2024-07-01,136,12,821,0
2024-07-01,136,13,387,0
2024-07-01,136,14,816,1
2024-07-01,136,15,610,0
2024-07-01,137,1,1144,0
2024-07-01,137,2,618,0
2024-07-01,137,3,879,0
2024-07-01,137,4,1014,0
2024-07-01,137,5,515,0
2024-07-01,137,7,535,0
2024-07-01,137,8,583,0
2024-07-01,137,9,1044,0
2024-07-01,137,10,799,0
2024-07-01,137,11,877,0
2024-07-01,137,12,790,0
2024-07-01,137,13,356,0
2024-07-01,137,14,676,0
2024-07-01,137,15,585,0
2024-07-01,138,1,1164,0
2024-07-01,138,2,699,0
2024-07-01,138,3,798,0
2024-07-01,138,4,819,0
2024-07-01,138,5,452,0
2024-07-01,138,6,545,0
2024-07-01,138,7,483,0
2024-07-01,138,8,615,0
2024-07-01,138,9,1171,0
2024-07-01,138,10,979,0
2024-07-01,138,12,784,0
2024-07-01,138,13,380,0
2024-07-01,138,14,615,0
2024-07-01,138,15,590,0
2024-07-01,140,1,1712,1
2024-07-01,140,2,854,1
2024-07-01,140,3,879,0
2024-07-01,140,4,937,0
2024-07-01,140,6,641,0
2024-07-01,140,8,639,0
2024-07-01,140,9,1080,0
2024-07-01,140,10,803,0
2024-07-01,140,11,928,0
2024-07-01,140,12,840,0
2024-07-01,140,13,379,0
2024-07-01,140,14,737,0
2024-07-01,140,15,599,0
2024-08-01,101,1,1454,0
2024-08-01,101,2,597,0
2024-08-01,101,3,993,0
2024-08-01,101,4,897,0
2024-08-01,101,5,475,0
2024-08-01,101,6,691,0
2024-08-01,101,7,574,0
2024-08-01,101,8,572,0
2024-08-01,101,9,1138,0
2024-08-01,101,10,888,0
2024-08-01,101,11,1004,0
2024-08-01,101,12,815,0
2024-08-01,101,13,435,0
2024-08-01,101,14,726,0
2024-08-01,101,15,613,0
2024-08-01,102,1,1451,0
2024-08-01,102,2,737,0
2024-08-01,102,3,892,0
2024-08-01,102,4,1379,1
2024-08-01,102,5,535,0
2024-08-01,102,6,597,0
2024-08-01,102,7,568,0
2024-08-01,102,8,594,0
2024-08-01,102,9,1176,0
2024-08-01,102,10,939,0
2024-08-01,102,11,1035,0
2024-08-01,102,13,383,0
2024-08-01,102,14,692,0
2024-08-01,102,15,521,0
2024-08-01,103,1,1205,0
2024-08-01,103,2,654,0
2024-08-01,103,3,1009,0
2024-08-01,103,4,922,0
2024-08-01,103,5,534,0
2024-08-01,103,6,602,0
2024-08-01,103,7,540,0
2024-08-01,103,8,725,0
2024-08-01,103,9,1245,0
2024-08-01,103,10,1056,0
2024-08-01,103,11,1033,0
2024-08-01,103,12,731,0
2024-08-01,103,13,415,0
2024-08-01,103,14,729,0
2024-08-01,103,15,548,0
2024-08-01,104,1,1259,0
2024-08-01,104,2,913,1
2024-08-01,104,3,808,0
2024-08-01,104,4,871,0
2024-08-01,104,5,538,0
2024-08-01,104,6,691,0
2024-08-01,104,7,577,0
2024-08-01,104,8,654,0
2024-08-01,104,9,1448,1
2024-08-01,104,10,1044,0
2024-08-01,104,11,864,0
2024-08-01,104,12,804,0
2024-08-01,104,14,724,0
2024-08-01,104,15,567,0
2024-08-01,105,1,1286,0
2024-08-01,105,2,730,0
2024-08-01,105,3,881,0
2024-08-01,105,4,953,0
2024-08-01,105,5,494,0
2024-08-01,105,6,682,0
2024-08-01,105,7,523,0
2024-08-01,105,9,1128,0
2024-08-01,105,10,915,0
2024-08-01,105,11,1131,1
2024-08-01,105,12,884,0
2024-08-01,105,13,399,0
2024-08-01,105,14,616,0
2024-08-01,105,15,569,0
2024-08-01,106,1,1270,0
2024-08-01,106,2,633,0
2024-08-01,106,4,998,0
2024-08-01,106,5,485,0
2024-08-01,106,6,590,0
2024-08-01,106,7,475,0
2024-08-01,106,8,627,0
2024-08-01,106,9,1058,0
2024-08-01,106,10,954,0
2024-08-01,106,11,876,0
2024-08-01,106,12,740,0
2024-08-01,106,13,423,0
2024-08-01,106,14,744,0
2024-08-01,106,15,564,0
2024-08-01,108,1,1397,0
2024-08-01,108,2,609,0
2024-08-01,108,3,966,0
2024-08-01,108,4,942,0
2024-08-01,108,5,517,0
2024-08-01,108,6,684,0
2024-08-01,108,7,539,0
2024-08-01,108,8,599,0
2024-08-01,108,9,1239,0
2024-08-01,108,10,988,0
2024-08-01,108,11,989,0
2024-08-01,108,12,865,0
2024-08-01,108,13,391,0
2024-08-01,108,14,629,0
2024-08-01,108,15,630,0
2024-08-01,109,1,1082,0
2024-08-01,109,2,1005,1
2024-08-01,109,3,730,0
2024-08-01,109,4,772,0
2024-08-01,109,5,357,0
2024-08-01,109,6,485,0
2024-08-01,109,7,354,0
2024-08-01,109,8,522,0
2024-08-01,109,9,968,0
2024-08-01,109,12,669,0
2024-08-01,109,13,542,1
2024-08-01,109,14,1066,1
2024-08-01,109,15,850,1
2024-08-01,110,1,1072,0
2024-08-01,110,2,516,0
2024-08-01,110,3,651,0
2024-08-01,110,4,1401,1
2024-08-01,110,5,674,1
2024-08-01,110,6,485,0
2024-08-01,110,7,692,1
2024-08-01,110,8,445,0
2024-08-01,110,9,860,0
2024-08-01,110,10,709,0
2024-08-01,110,11,642,0
2024-08-01,110,12,1087,1
2024-08-01,110,13,279,0
2024-08-01,110,14,502,0
2024-08-01,110,15,440,0
2024-08-01,111,1,968,0
2024-08-01,111,2,853,1
2024-08-01,111,3,1405,1
2024-08-01,111,4,726,0
2024-08-01,111,5,349,0
2024-08-01,111,6,439,0
2024-08-01,111,7,359,0
2024-08-01,111,8,865,1
2024-08-01,111,9,831,0
2024-08-01,111,10,1509,1
2024-08-01,111,11,694,0
2024-08-01,111,12,647,0
2024-08-01,111,13,305,0
2024-08-01,111,14,985,1
2024-08-01,111,15,377,0
2024-08-01,112,1,1053,0
2024-08-01,112,2,438,0
2024-08-01,112,3,1289,1
2024-08-01,112,4,662,0
2024-08-01,112,5,338,0
2024-08-01,112,6,409,0
2024-08-01,112,7,350,0
2024-08-01,112,8,424,0
2024-08-01,112,9,888,0
2024-08-01,112,10,745,0
2024-08-01,112,11,650,0
2024-08-01,112,12,1099,1
2024-08-01,112,13,309,0
2024-08-01,112,14,462,0
2024-08-01,112,15,390,0
2024-08-01,113,1,985,0
2024-08-01,113,3,662,0
2024-08-01,113,4,708,0
2024-08-01,113,5,414,0
2024-08-01,113,6,841,1
2024-08-01,113,7,432,0
2024-08-01,113,8,528,0
2024-08-01,113,9,1520,1
2024-08-01,113,10,688,0
2024-08-01,113,11,648,0
2024-08-01,113,12,557,0
2024-08-01,113,13,306,0
2024-08-01,113,14,522,0
2024-08-01,113,15,807,1
2024-08-01,114,1,1021,0
2024-08-01,114,2,547,0
2024-08-01,114,3,707,0
2024-08-01,114,4,701,0
2024-08-01,114,5,348,0
2024-08-01,114,6,480,0
2024-08-01,114,7,380,0
2024-08-01,114,8,463,0
2024-08-01,114,9,935,0
2024-08-01,114,10,617,0
2024-08-01,114,11,1334,1
2024-08-01,114,12,640,0
2024-08-01,114,13,282,0
2024-08-01,114,14,553,0
2024-08-01,114,15,780,1
2024-08-01,116,1,1108,0
2024-08-01,116,3,728,0
2024-08-01,116,4,724,0
2024-08-01,116,5,710,1
2024-08-01,116,6,411,0
2024-08-01,116,7,374,0
2024-08-01,116,8,435,0
2024-08-01,116,9,809,0
2024-08-01,116,10,1446,1
2024-08-01,116,11,666,0
2024-08-01,116,13,646,1
2024-08-01,116,14,559,0
2024-08-01,116,15,389,0
2024-08-01,117,1,663,0
2024-08-01,117,2,320,0
2024-08-01,117,3,573,1
2024-08-01,117,4,436,0
2024-08-01,117,5,265,0
2024-08-01,117,7,392,1
2024-08-01,117,8,335,0
2024-08-01,117,9,614,0
2024-08-01,117,10,487,0
2024-08-01,117,11,438,0
2024-08-01,117,12,464,0
2024-08-01,117,13,207,0
2024-08-01,117,14,385,0
2024-08-01,117,15,262,0
2024-08-01,118,1,695,0
2024-08-01,118,2,335,0
2024-08-01,118,4,613,1
2024-08-01,118,5,249,0
2024-08-01,118,6,301,0
2024-08-01,118,7,288,0
2024-08-01,118,8,359,0
2024-08-01,118,9,644,0
2024-08-01,118,10,429,0
2024-08-01,118,11,519,0
2024-08-01,118,12,397,0
2024-08-01,118,13,196,0
2024-08-01,118,14,334,0
2024-08-01,118,15,282,0
2024-08-01,119,1,680,0
2024-08-01,119,2,336,0
2024-08-01,119,3,446,0
2024-08-01,119,4,455,0
2024-08-01,119,5,238,0
2024-08-01,119,6,331,0
2024-08-01,119,7,246,0
2024-08-01,119,8,349,0
2024-08-01,119,9,675,0
2024-08-01,119,10,455,0
2024-08-01,119,11,429,0
2024-08-01,119,12,450,0
2024-08-01,119,13,228,0
2024-08-01,119,14,336,0
2024-08-01,119,15,391,1
2024-08-01,120,1,653,0
2024-08-01,120,2,311,0
2024-08-01,120,3,419,0
2024-08-01,120,4,520,0
2024-08-01,120,6,326,0
2024-08-01,120,7,249,0
2024-08-01,120,8,366,0
2024-08-01,120,9,558,0
2024-08-01,120,10,445,0
2024-08-01,120,11,501,0
2024-08-01,120,12,397,0
2024-08-01,120,13,230,0
2024-08-01,120,15,260,0
2024-08-01,121,1,694,0
2024-08-01,121,2,439,1
2024-08-01,121,3,457,0
2024-08-01,121,4,494,0
2024-08-01,121,5,272,0
2024-08-01,121,6,345,0
2024-08-01,121,7,262,0
2024-08-01,121,8,327,0
2024-08-01,121,9,560,0
2024-08-01,121,10,535,0
2024-08-01,121,11,603,1
2024-08-01,121,12,387,0
2024-08-01,121,13,202,0
2024-08-01,121,14,355,0
2024-08-01,121,15,310,0
2024-08-01,122,1,717,0
2024-08-01,122,2,302,0
2024-08-01,122,3,410,0
2024-08-01,122,4,447,0
2024-08-01,122,6,301,0
2024-08-01,122,7,261,0
2024-08-01,122,8,335,0
2024-08-01,122,9,622,0
2024-08-01,122,10,458,0
2024-08-01,122,11,467,0
2024-08-01,122,12,445,0
2024-08-01,122,13,219,0
2024-08-01,122,14,355,0
2024-08-01,124,1,767,0
2024-08-01,124,2,337,0
2024-08-01,124,3,437,0
2024-08-01,124,4,482,0
2024-08-01,124,5,376,1
2024-08-01,124,6,352,0
2024-08-01,124,7,253,0
2024-08-01,124,9,619,0
2024-08-01,124,10,487,0
2024-08-01,124,11,455,0
2024-08-01,124,12,402,0
2024-08-01,124,13,217,0
2024-08-01,124,14,374,0
2024-08-01,124,15,299,0
2024-08-01,125,1,642,0
2024-08-01,125,2,312,0
2024-08-01,125,3,382,0
2024-08-01,125,4,361,0
2024-08-01,125,5,211,0
2024-08-01,125,6,292,0
2024-08-01,125,8,297,0
2024-08-01,125,9,561,0
2024-08-01,125,10,419,0
2024-08-01,125,11,440,0
2024-08-01,125,13,193,0
2024-08-01,125,14,327,0
2024-08-01,125,15,254,0
2024-08-01,126,1,703,1
2024-08-01,126,2,283,0
2024-08-01,126,3,350,0
2024-08-01,126,4,367,0
2024-08-01,126,5,212,0
2024-08-01,126,6,256,0
2024-08-01,126,7,225,0
2024-08-01,126,8,288,0
2024-08-01,126,9,473,0
2024-08-01,126,10,415,0
2024-08-01,126,11,443,0
2024-08-01,126,12,386,0
2024-08-01,126,13,192,0
2024-08-01,126,14,280,0
2024-08-01,126,15,239,0
2024-08-01,127,1,520,0
2024-08-01,127,2,267,0
2024-08-01,127,3,400,0
2024-08-01,127,4,430,0
2024-08-01,127,5,214,0
2024-08-01,127,6,256,0
2024-08-01,127,7,243,0
2024-08-01,127,8,250,0
2024-08-01,127,9,527,0
2024-08-01,127,10,395,0
2024-08-01,127,11,435,0
2024-08-01,127,12,349,0
2024-08-01,127,13,182,0
2024-08-01,127,14,262,0
2024-08-01,127,15,318,1
2024-08-01,128,1,610,0
2024-08-01,128,2,307,0
2024-08-01,128,3,362,0
2024-08-01,128,4,614,1
2024-08-01,128,5,205,0
2024-08-01,128,6,252,0
2024-08-01,128,7,244,0
2024-08-01,128,8,264,0
2024-08-01,128,9,547,0
2024-08-01,128,10,366,0
2024-08-01,128,11,389,0
2024-08-01,128,12,337,0
2024-08-01,128,13,170,0
2024-08-01,128,14,314,0
2024-08-01,128,15,221,0
2024-08-01,129,1,606,0
2024-08-01,129,2,288,0
2024-08-01,129,3,357,0
2024-08-01,129,4,447,0
2024-08-01,129,5,232,0
2024-08-01,129,6,290,0
2024-08-01,129,7,244,0
2024-08-01,129,8,280,0
2024-08-01,129,9,499,0
2024-08-01,129,11,385,0
2024-08-01,129,12,387,0
2024-08-01,129,13,183,0
2024-08-01,129,14,340,1
2024-08-01,129,15,239,0
2024-08-01,130,1,566,0
2024-08-01,130,2,294,0
2024-08-01,130,3,408,0
2024-08-01,130,4,440,0
2024-08-01,130,5,242,0
2024-08-01,130,6,254,0
2024-08-01,130,7,246,0
2024-08-01,130,8,278,0
2024-08-01,130,9,540,0
2024-08-01,130,10,387,0
2024-08-01,130,11,429,0
2024-08-01,130,12,352,0
2024-08-01,130,13,179,0
2024-08-01,130,15,240,0
2024-08-01,132,1,586,0
2024-08-01,132,2,409,1
2024-08-01,132,3,345,0
2024-08-01,132,4,454,0
2024-08-01,132,5,220,0
2024-08-01,132,6,294,0
2024-08-01,132,7,229,0
2024-08-01,132,8,280,0
2024-08-01,132,9,463,0
2024-08-01,132,10,387,0
2024-08-01,132,12,335,0
2024-08-01,132,13,181,0
2024-08-01,132,14,312,0
2024-08-01,132,15,259,0
2024-08-01,133,1,1297,0
2024-08-01,133,2,556,0
2024-08-01,133,3,924,0
2024-08-01,133,4,930,0
2024-08-01,133,5,432,0
2024-08-01,133,6,622,0
2024-08-01,133,7,480,0
2024-08-01,133,8,616,0
2024-08-01,133,9,1103,0
2024-08-01,133,11,789,0
2024-08-01,133,12,836,0
2024-08-01,133,13,449,1
2024-08-01,133,14,696,0
2024-08-01,133,15,544,0
2024-08-01,134,1,1206,0
2024-08-01,134,2,632,0
2024-08-01,134,3,875,0
2024-08-01,134,4,813,0
2024-08-01,134,5,607,1
2024-08-01,134,6,612,0
2024-08-01,134,7,473,0
2024-08-01,134,8,654,0
2024-08-01,134,9,1227,0
2024-08-01,134,10,968,0
2024-08-01,134,11,871,0
2024-08-01,134,12,723,0
2024-08-01,134,13,411,0
2024-08-01,134,14,619,0
2024-08-01,134,15,569,0
2024-08-01,135,1,1354,0
2024-08-01,135,2,642,0
2024-08-01,135,3,849,0
2024-08-01,135,4,898,0
2024-08-01,135,5,473,0
2024-08-01,135,6,560,0
2024-08-01,135,7,558,1
2024-08-01,135,8,569,0
2024-08-01,135,9,1167,0
2024-08-01,135,10,781,0
2024-08-01,135,11,900,0
2024-08-01,135,12,778,0
2024-08-01,135,13,340,0
2024-08-01,135,14,712,0
2024-08-01,136,1,1324,0
2024-08-01,136,2,598,0
2024-08-01,136,3,753,0
2024-08-01,136,4,933,0
2024-08-01,136,6,589,0
2024-08-01,136,8,624,0
2024-08-01,136,9,1530,1
2024-08-01,136,10,980,0
2024-08-01,136,11,953,0
2024-08-01,136,13,397,0
2024-08-01,136,14,651,0
2024-08-01,136,15,492,0
2024-08-01,137,1,1184,0
2024-08-01,137,2,605,0
2024-08-01,137,3,897,0
2024-08-01,137,4,915,0
2024-08-01,137,5,473,0
2024-08-01,137,6,589,0
2024-08-01,137,7,490,0
2024-08-01,137,8,660,0
2024-08-01,137,9,1210,0
2024-08-01,137,10,832,0
2024-08-01,137,11,801,0
2024-08-01,137,12,833,0
2024-08-01,137,13,348,0
2024-08-01,137,14,580,0
2024-08-01,137,15,489,0
2024-08-01,138,1,1174,0
2024-08-01,138,2,564,0
2024-08-01,138,3,1275,1
2024-08-01,138,4,849,0
2024-08-01,138,5,460,0
2024-08-01,138,6,549,0
2024-08-01,138,7,478,0
2024-08-01,138,8,534,0
2024-08-01,138,9,1138,0
2024-08-01,138,10,787,0
2024-08-01,138,11,894,0
2024-08-01,138,12,672,0
2024-08-01,138,13,385,0
2024-08-01,138,14,707,0
2024-08-01,138,15,479,0
2024-08-01,140,1,1271,0
2024-08-01,140,2,561,0
2024-08-01,140,3,846,0
2024-08-01,140,5,529,0
2024-08-01,140,6,586,0
2024-08-01,140,7,513,0
2024-08-01,140,8,667,0
2024-08-01,140,9,1005,0
2024-08-01,140,10,803,0
2024-08-01,140,11,981,0
2024-08-01,140,12,728,0
2024-08-01,140,14,634,0
2024-08-01,140,15,494,0
2024-09-01,101,1,1316,0
2024-09-01,101,2,651,0
2024-09-01,101,3,884,0
2024-09-01,101,4,944,0
2024-09-01,101,5,486,0
2024-09-01,101,6,677,0
2024-09-01,101,7,587,0
2024-09-01,101,8,636,0
2024-09-01,101,9,1092,0
2024-09-01,101,10,911,0
2024-09-01,101,11,990,0
2024-09-01,101,13,382,0
2024-09-01,101,14,644,0
2024-09-01,101,15,561,0
2024-09-01,102,1,1445,0
2024-09-01,102,2,648,0
2024-09-01,102,3,889,0
2024-09-01,102,4,882,0
2024-09-01,102,5,576,0
2024-09-01,102,6,677,0
2024-09-01,102,7,482,0
2024-09-01,102,9,1621,1
2024-09-01,102,10,876,0
2024-09-01,102,11,929,0
2024-09-01,102,12,884,0
2024-09-01,102,13,395,0
2024-09-01,102,14,765,0
2024-09-01,102,15,581,0
2024-09-01,103,1,1382,0
2024-09-01,103,2,694,0
2024-09-01,103,3,944,0
2024-09-01,103,4,1027,0
2024-09-01,103,5,506,0
2024-09-01,103,6,927,1
2024-09-01,103,7,494,0
2024-09-01,103,8,720,0
2024-09-01,103,9,1334,0
2024-09-01,103,10,1163,1
2024-09-01,103,11,1075,0
2024-09-01,103,12,910,0
2024-09-01,103,13,461,0
2024-09-01,103,14,748,0
2024-09-01,104,1,1256,0
2024-09-01,104,2,629,0
2024-09-01,104,3,906,0
2024-09-01,104,4,1197,1
2024-09-01,104,5,464,0
2024-09-01,104,6,615,0
2024-09-01,104,7,488,0
2024-09-01,104,8,687,0
2024-09-01,104,10,929,0
2024-09-01,104,12,787,0
2024-09-01,104,13,445,0
2024-09-01,104,14,772,0
2024-09-01,104,15,575,0
2024-09-01,105,1,1501,0
2024-09-01,105,2,635,0
2024-09-01,105,3,976,0
2024-09-01,105,4,869,0
2024-09-01,105,5,559,0
2024-09-01,105,6,548,0
2024-09-01,105,8,669,0
2024-09-01,105,9,1301,0
2024-09-01,105,10,1022,0
2024-09-01,105,11,1008,0
2024-09-01,105,12,737,0
2024-09-01,105,13,367,0
2024-09-01,105,14,623,0
2024-09-01,106,1,1357,0
2024-09-01,106,2,681,0
2024-09-01,106,3,947,0
2024-09-01,106,4,1097,1
2024-09-01,106,5,477,0
2024-09-01,106,6,651,0
2024-09-01,106,7,660,1
2024-09-01,106,8,671,0
2024-09-01,106,9,1197,0
2024-09-01,106,10,1031,0
2024-09-01,106,11,997,0
2024-09-01,106,12,870,0
2024-09-01,106,15,593,0
2024-09-01,108,1,2013,1
2024-09-01,108,3,1367,1
2024-09-01,108,4,1009,0
2024-09-01,108,6,614,0
2024-09-01,108,7,535,0
2024-09-01,108,8,728,0
2024-09-01,108,9,1064,0
2024-09-01,108,10,948,0
2024-09-01,108,11,1070,0
2024-09-01,108,12,810,0
2024-09-01,108,13,408,0
2024-09-01,108,15,644,0
2024-09-01,109,1,879,0
2024-09-01,109,2,446,0
2024-09-01,109,3,1151,1
2024-09-01,109,4,625,0
2024-09-01,109,5,422,0
2024-09-01,109,6,917,1
2024-09-01,109,7,359,0
2024-09-01,109,8,887,1
2024-09-01,109,9,827,0
2024-09-01,109,10,748,0
2024-09-01,109,11,1196,1
2024-09-01,109,12,588,0
2024-09-01,109,13,592,1
2024-09-01,109,14,493,0
2024-09-01,109,15,786,1
2024-09-01,110,1,932,0
2024-09-01,110,2,533,0
2024-09-01,110,3,671,0
2024-09-01,110,4,654,0
2024-09-01,110,5,393,0
2024-09-01,110,6,831,1
2024-09-01,110,7,388,0
2024-09-01,110,9,1806,1
2024-09-01,110,10,715,0
2024-09-01,110,11,662,0
2024-09-01,110,12,640,0
2024-09-01,110,13,556,1
2024-09-01,110,14,488,0
2024-09-01,110,15,385,0
2024-09-01,111,1,1111,0
2024-09-01,111,2,522,0
2024-09-01,111,3,678,0
2024-09-01,111,4,745,0
2024-09-01,111,5,361,0
2024-09-01,111,6,488,0
2024-09-01,111,8,865,1
2024-09-01,111,9,1831,1
2024-09-01,111,10,707,0
2024-09-01,111,11,635,0
2024-09-01,111,12,1181,1
2024-09-01,111,13,576,1
2024-09-01,111,14,493,0
2024-09-01,111,15,426,0
2024-09-01,112,1,970,0
2024-09-01,112,2,430,0
2024-09-01,112,3,674,0
2024-09-01,112,4,1287,1
2024-09-01,112,7,432,0
2024-09-01,112,8,528,0
2024-09-01,112,9,924,0
2024-09-01,112,10,702,0
2024-09-01,112,11,643,0
2024-09-01,112,12,591,0
2024-09-01,112,13,286,0
2024-09-01,112,14,516,0
2024-09-01,113,1,1638,1
2024-09-01,113,2,995,1
2024-09-01,113,3,690,0
2024-09-01,113,5,396,0
2024-09-01,113,6,403,0
2024-09-01,113,7,673,1
2024-09-01,113,8,459,0
2024-09-01,113,9,1604,1
2024-09-01,113,10,661,0
2024-09-01,113,11,644,0
2024-09-01,113,12,574,0
2024-09-01,113,13,516,1
2024-09-01,113,15,422,0
2024-09-01,114,1,1884,1
2024-09-01,114,2,449,0
2024-09-01,114,3,716,0
2024-09-01,114,4,759,0
2024-09-01,114,5,761,1
2024-09-01,114,6,834,1
2024-09-01,114,7,729,1
2024-09-01,114,8,470,0
2024-09-01,114,9,959,0
2024-09-01,114,10,747,0
2024-09-01,114,11,630,0
2024-09-01,114,12,939,1
2024-09-01,114,14,1024,1
2024-09-01,114,15,818,1
2024-09-01,116,1,965,0
2024-09-01,116,2,461,0
2024-09-01,116,4,1487,1
2024-09-01,116,5,346,0
2024-09-01,116,6,485,0
2024-09-01,116,7,360,0
2024-09-01,116,8,469,0
2024-09-01,116,9,824,0
2024-09-01,116,11,1301,1
2024-09-01,116,12,531,0
2024-09-01,116,13,280,0
2024-09-01,116,15,467,0
2024-09-01,117,1,726,0
2024-09-01,117,2,350,0
2024-09-01,117,3,481,0
2024-09-01,117,4,436,0
2024-09-01,117,5,268,0
2024-09-01,117,6,330,0
2024-09-01,117,7,244,0
2024-09-01,117,8,333,0
2024-09-01,117,9,637,0
2024-09-01,117,10,500,0
2024-09-01,117,11,471,0
2024-09-01,117,12,380,0
2024-09-01,117,13,219,0
2024-09-01,117,14,318,0
2024-09-01,117,15,321,0
2024-09-01,118,1,697,0
2024-09-01,118,2,323,0
2024-09-01,118,3,420,0
2024-09-01,118,4,518,0
2024-09-01,118,5,294,0
2024-09-01,118,6,306,0
2024-09-01,118,7,303,0
2024-09-01,118,8,335,0
2024-09-01,118,9,668,0
2024-09-01,118,10,517,0
2024-09-01,118,11,525,0
2024-09-01,118,12,417,0
2024-09-01,118,13,203,0
2024-09-01,118,14,320,0
2024-09-01,118,15,315,0
2024-09-01,119,1,607,0
2024-09-01,119,2,304,0
2024-09-01,119,3,621,1
2024-09-01,119,4,494,0
2024-09-01,119,5,234,0
2024-09-01,119,7,289,0
2024-09-01,119,9,593,0
2024-09-01,119,10,507,0
2024-09-01,119,11,452,0
2024-09-01,119,12,413,0
2024-09-01,119,13,252,1
2024-09-01,119,14,533,1
2024-09-01,119,15,264,0
2024-09-01,120,1,666,0
2024-09-01,120,2,298,0
2024-09-01,120,4,486,0
2024-09-01,120,5,387,1
2024-09-01,120,6,333,0
2024-09-01,120,7,241,0
2024-09-01,120,8,357,0
2024-09-01,120,9,533,0
2024-09-01,120,10,516,0
2024-09-01,120,11,486,0
2024-09-01,120,12,404,0
2024-09-01,120,13,188,0
2024-09-01,120,14,352,0
2024-09-01,120,15,268,0
2024-09-01,121,1,626,0
2024-09-01,121,2,312,0
2024-09-01,121,3,693,1
2024-09-01,121,4,436,0
2024-09-01,121,5,275,0
2024-09-01,121,6,310,0
2024-09-01,121,7,245,0
2024-09-01,121,8,364,0
2024-09-01,121,9,585,0
2024-09-01,121,10,686,1
2024-09-01,121,11,483,0
2024-09-01,121,12,407,0
2024-09-01,121,14,341,0
2024-09-01,121,15,320,0
2024-09-01,122,1,634,0
2024-09-01,122,2,332,0
2024-09-01,122,3,433,0
2024-09-01,122,5,258,0
2024-09-01,122,6,288,0
2024-09-01,122,7,239,0
2024-09-01,122,9,628,0
2024-09-01,122,10,630,1
2024-09-01,122,11,521,0
2024-09-01,122,12,413,0
2024-09-01,122,13,217,0
2024-09-01,122,14,323,0
2024-09-01,122,15,317,0
2024-09-01,124,2,341,0
2024-09-01,124,3,497,0
2024-09-01,124,4,461,0
2024-09-01,124,6,335,0
2024-09-01,124,8,320,0
2024-09-01,124,9,640,0
2024-09-01,124,10,518,0
2024-09-01,124,11,516,0
2024-09-01,124,12,394,0
2024-09-01,124,13,187,0
2024-09-01,124,15,267,0
2024-09-01,125,1,664,0
2024-09-01,125,2,365,0
2024-09-01,125,3,435,0
2024-09-01,125,4,485,0
2024-09-01,125,5,272,0
2024-09-01,125,6,318,0
2024-09-01,125,7,266,0
2024-09-01,125,8,313,0
2024-09-01,125,9,561,0
2024-09-01,125,10,454,0
2024-09-01,125,11,527,0
2024-09-01,125,12,395,0
2024-09-01,125,13,209,0
2024-09-01,125,14,342,0
2024-09-01,125,15,315,0
2024-09-01,126,1,648,0
2024-09-01,126,2,335,0
2024-09-01,126,3,463,0
2024-09-01,126,4,527,0
2024-09-01,126,5,279,0
2024-09-01,126,6,321,0
2024-09-01,126,7,267,0
2024-09-01,126,8,328,0
2024-09-01,126,9,562,0
2024-09-01,126,10,533,0
2024-09-01,126,12,452,0
2024-09-01,126,13,212,0
2024-09-01,126,14,324,0
2024-09-01,127,1,697,0
2024-09-01,127,2,302,0
2024-09-01,127,3,487,0
2024-09-01,127,5,264,0
2024-09-01,127,6,342,0
2024-09-01,127,7,293,0
2024-09-01,127,8,441,1
2024-09-01,127,9,558,0
2024-09-01,127,10,451,0
2024-09-01,127,11,440,0
2024-09-01,127,12,382,0
2024-09-01,127,13,193,0
2024-09-01,127,14,315,0
2024-09-01,127,15,272,0
2024-09-01,128,1,903,1
2024-09-01,128,2,306,0
2024-09-01,128,3,426,0
2024-09-01,128,4,495,0
2024-09-01,128,5,236,0
2024-09-01,128,6,306,0
2024-09-01,128,7,275,0
2024-09-01,128,8,307,0
2024-09-01,128,9,639,0
2024-09-01,128,10,478,0
2024-09-01,128,11,493,0
2024-09-01,128,12,420,0
2024-09-01,128,13,222,0
2024-09-01,128,14,341,0
2024-09-01,128,15,270,0
2024-09-01,129,1,604,0
2024-09-01,129,2,348,0
2024-09-01,129,3,442,0
2024-09-01,129,4,482,0
2024-09-01,129,5,235,0
2024-09-01,129,6,300,0
2024-09-01,129,7,246,0
2024-09-01,129,8,333,0
2024-09-01,129,9,666,0
2024-09-01,129,10,431,0
2024-09-01,129,11,595,1
2024-09-01,129,13,198,0
2024-09-01,129,14,384,0
2024-09-01,129,15,290,0
2024-09-01,130,1,891,1
2024-09-01,130,2,367,0
2024-09-01,130,3,502,0
2024-09-01,130,4,519,0
2024-09-01,130,5,234,0
2024-09-01,130,6,286,0
2024-09-01,130,7,284,0
2024-09-01,130,8,359,0
2024-09-01,130,9,903,1
2024-09-01,130,10,577,1
2024-09-01,130,11,561,1
2024-09-01,130,12,417,0
2024-09-01,130,13,192,0
2024-09-01,130,14,361,0
2024-09-01,130,15,336,1
2024-09-01,132,1,711,0
2024-09-01,132,2,324,0
2024-09-01,132,3,502,0
2024-09-01,132,4,509,0
2024-09-01,132,5,262,0
2024-09-01,132,6,310,0
2024-09-01,132,7,274,0
2024-09-01,132,8,333,0
2024-09-01,132,9,579,0
2024-09-01,132,10,422,0
2024-09-01,132,11,440,0
2024-09-01,132,12,434,0
2024-09-01,132,13,195,0
2024-09-01,132,15,287,0
2024-09-01,133,1,1094,0
2024-09-01,133,2,435,0
2024-09-01,133,3,735,0
2024-09-01,133,4,928,1
2024-09-01,133,5,392,0
2024-09-01,133,6,453,0
2024-09-01,133,7,391,0
2024-09-01,133,8,526,0
2024-09-01,133,9,802,0
2024-09-01,133,10,622,0
2024-09-01,133,11,625,0
2024-09-01,133,12,596,0
2024-09-01,133,13,273,0
2024-09-01,133,14,505,0
2024-09-01,133,15,376,0
2024-09-01,134,1,1018,0
2024-09-01,134,3,647,0
2024-09-01,134,4,748,0
2024-09-01,134,5,421,0
2024-09-01,134,6,444,0
2024-09-01,134,8,442,0
2024-09-01,134,9,946,0
2024-09-01,134,10,661,0
2024-09-01,134,11,968,1
2024-09-01,134,12,539,0
2024-09-01,134,13,337,0
2024-09-01,134,14,754,1
2024-09-01,134,15,459,0
2024-09-01,135,1,1016,0
2024-09-01,135,2,468,0
2024-09-01,135,3,694,0
2024-09-01,135,4,741,0
2024-09-01,135,5,359,0
2024-09-01,135,6,431,0
2024-09-01,135,7,438,0
2024-09-01,135,8,701,1
2024-09-01,135,9,889,0
2024-09-01,135,10,779,0
2024-09-01,135,11,638,0
2024-09-01,135,12,637,0
2024-09-01,135,13,275,0
2024-09-01,135,14,565,0
2024-09-01,136,1,986,0
2024-09-01,136,2,484,0
2024-09-01,136,4,665,0
2024-09-01,136,5,425,0
2024-09-01,136,6,494,0
2024-09-01,136,7,361,0
2024-09-01,136,8,463,0
2024-09-01,136,9,1090,1
2024-09-01,136,10,633,0
2024-09-01,136,11,731,0
2024-09-01,136,12,706,1
2024-09-01,136,13,319,0
2024-09-01,136,14,521,0
2024-09-01,137,1,891,0
2024-09-01,137,2,501,0
2024-09-01,137,3,614,0
2024-09-01,137,4,643,0
2024-09-01,137,5,385,0
2024-09-01,137,6,408,0
2024-09-01,137,7,407,0
2024-09-01,137,8,684,1
2024-09-01,137,10,735,0
2024-09-01,137,11,707,0
2024-09-01,137,12,587,0
2024-09-01,137,13,341,0
2024-09-01,137,14,481,0
2024-09-01,137,15,381,0
2024-09-01,138,1,907,0
2024-09-01,138,2,438,0
2024-09-01,138,3,680,0
2024-09-01,138,4,646,0
2024-09-01,138,5,388,0
2024-09-01,138,6,424,0
2024-09-01,138,7,466,1
2024-09-01,138,10,649,0
2024-09-01,138,11,688,0
2024-09-01,138,12,549,0
2024-09-01,138,13,300,0
2024-09-01,138,14,521,0
2024-09-01,138,15,660,1
2024-09-01,140,1,1119,0
2024-09-01,140,2,457,0
2024-09-01,140,3,732,0
2024-09-01,140,4,756,0
2024-09-01,140,5,410,0
2024-09-01,140,6,662,1
2024-09-01,140,7,377,0
2024-09-01,140,8,478,0
2024-09-01,140,9,981,0
2024-09-01,140,10,691,0
2024-09-01,140,11,698,0
2024-09-01,140,12,607,0
2024-09-01,140,13,393,1
2024-09-01,140,14,509,0
2024-09-01,140,15,465,0
2024-10-01,101,1,1304,0
2024-10-01,101,2,624,0
2024-10-01,101,3,1292,1
2024-10-01,101,4,974,0
2024-10-01,101,6,606,0
2024-10-01,101,7,574,0
2024-10-01,101,8,658,0
2024-10-01,101,9,1324,0
2024-10-01,101,10,912,0
2024-10-01,101,11,1296,1
2024-10-01,101,12,744,0
2024-10-01,101,13,422,0
2024-10-01,101,14,648,0
2024-10-01,101,15,880,1
2024-10-01,102,2,617,0
2024-10-01,102,3,890,0
2024-10-01,102,4,889,0
2024-10-01,102,5,498,0
2024-10-01,102,6,557,0
2024-10-01,102,7,581,0
2024-10-01,102,9,1279,0
2024-10-01,102,10,868,0
2024-10-01,102,11,1022,0
2024-10-01,102,12,745,0
2024-10-01,102,13,375,0
2024-10-01,102,14,679,0
2024-10-01,102,15,608,0
2024-10-01,103,1,1518,0
2024-10-01,103,2,602,0
2024-10-01,103,3,950,0
2024-10-01,103,4,1027,0
2024-10-01,103,5,508,0
2024-10-01,103,6,623,0
2024-10-01,103,7,495,0
2024-10-01,103,8,689,0
2024-10-01,103,10,992,0
2024-10-01,103,11,1024,0
2024-10-01,103,12,760,0
2024-10-01,103,14,1030,1
2024-10-01,103,15,565,0
2024-10-01,104,1,1483,0
2024-10-01,104,2,670,0
2024-10-01,104,3,829,0
2024-10-01,104,4,1020,0
2024-10-01,104,5,463,0
2024-10-01,104,6,593,0
2024-10-01,104,7,581,0
2024-10-01,104,9,1091,0
2024-10-01,104,10,877,0
2024-10-01,104,11,863,0
2024-10-01,104,12,1024,1
2024-10-01,104,14,733,0
2024-10-01,104,15,591,0
2024-10-01,105,1,1232,0
2024-10-01,105,2,716,0
2024-10-01,105,3,974,0
2024-10-01,105,4,1047,0
2024-10-01,105,5,566,0
2024-10-01,105,6,633,0
2024-10-01,105,7,542,0
2024-10-01,105,8,690,0
2024-10-01,105,10,993,0
2024-10-01,105,11,1345,1
2024-10-01,105,12,815,0
2024-10-01,105,13,420,0
2024-10-01,105,14,708,0
2024-10-01,105,15,766,1
2024-10-01,106,1,1407,0
2024-10-01,106,3,836,0
2024-10-01,106,4,970,0
2024-10-01,106,5,668,1
2024-10-01,106,6,574,0
2024-10-01,106,7,719,1
2024-10-01,106,8,626,0
2024-10-01,106,9,1312,0
2024-10-01,106,10,1038,0
2024-10-01,106,11,995,0
2024-10-01,106,12,801,0
2024-10-01,106,13,379,0
2024-10-01,106,14,634,0
2024-10-01,106,15,513,0
2024-10-01,108,1,1440,0
2024-10-01,108,2,611,0
2024-10-01,108,3,942,0
2024-10-01,108,4,854,0
2024-10-01,108,5,477,0
2024-10-01,108,6,676,0
2024-10-01,108,7,556,0
2024-10-01,108,8,604,0
2024-10-01,108,9,1153,0
2024-10-01,108,10,994,0
2024-10-01,108,11,947,0
2024-10-01,108,12,753,0
2024-10-01,108,13,441,0
2024-10-01,108,14,633,0
2024-10-01,108,15,532,0
2024-10-01,109,1,1058,0
2024-10-01,109,3,619,0
2024-10-01,109,4,763,0
2024-10-01,109,5,719,1
2024-10-01,109,6,469,0
2024-10-01,109,7,395,0
2024-10-01,109,8,848,1
2024-10-01,109,9,1795,1
2024-10-01,109,10,624,0
2024-10-01,109,11,1361,1
2024-10-01,109,12,660,0
2024-10-01,109,13,335,0
2024-10-01,109,14,567,0
2024-10-01,110,1,1040,0
2024-10-01,110,2,421,0
2024-10-01,110,3,1309,1
2024-10-01,110,4,720,0
2024-10-01,110,5,422,0
2024-10-01,110,6,440,0
2024-10-01,110,7,374,0
2024-10-01,110,8,504,0
2024-10-01,110,9,857,0
2024-10-01,110,10,631,0
2024-10-01,110,11,1337,1
2024-10-01,110,12,537,0
2024-10-01,110,13,299,0
2024-10-01,110,14,475,0
2024-10-01,110,15,852,1
2024-10-01,111,1,1088,0
2024-10-01,111,2,1017,1
2024-10-01,111,3,1375,1
2024-10-01,111,4,1280,1
2024-10-01,111,5,401,0
2024-10-01,111,6,506,0
2024-10-01,111,7,353,0
2024-10-01,111,8,815,1
2024-10-01,111,9,924,0
2024-10-01,111,10,1563,1
2024-10-01,111,11,649,0
2024-10-01,111,12,975,1
2024-10-01,111,13,503,1
2024-10-01,111,14,452,0
2024-10-01,111,15,407,0
2024-10-01,112,1,1075,0
2024-10-01,112,2,516,0
2024-10-01,112,3,610,0
2024-10-01,112,5,373,0
2024-10-01,112,6,788,1
2024-10-01,112,7,359,0
2024-10-01,112,8,518,0
2024-10-01,112,9,891,0
2024-10-01,112,10,669,0
2024-10-01,112,11,717,0
2024-10-01,112,12,1051,1
2024-10-01,112,13,290,0
2024-10-01,112,14,546,0
2024-10-01,112,15,830,1
2024-10-01,113,1,2082,1
2024-10-01,113,2,967,1
2024-10-01,113,3,646,0
2024-10-01,113,4,759,0
2024-10-01,113,6,485,0
2024-10-01,113,7,809,1
2024-10-01,113,9,1521,1
2024-10-01,113,10,752,0
2024-10-01,113,12,546,0
2024-10-01,113,13,274,0
2024-10-01,113,14,500,0
2024-10-01,113,15,840,1
2024-10-01,114,1,956,0
2024-10-01,114,5,686,1
2024-10-01,114,6,486,0
2024-10-01,114,7,786,1
2024-10-01,114,8,479,0
2024-10-01,114,9,923,0
2024-10-01,114,10,779,0
2024-10-01,114,11,751,0
2024-10-01,114,12,568,0
2024-10-01,114,13,278,0
2024-10-01,114,14,483,0
2024-10-01,114,15,385,0
2024-10-01,116,1,1024,0
2024-10-01,116,3,1117,1
2024-10-01,116,4,1220,1
2024-10-01,116,5,368,0
2024-10-01,116,6,443,0
2024-10-01,116,7,665,1
2024-10-01,116,8,493,0
2024-10-01,116,9,931,0
2024-10-01,116,10,1437,1
2024-10-01,116,12,649,0
2024-10-01,116,13,324,0
2024-10-01,116,15,465,0
2024-10-01,117,1,618,0
2024-10-01,117,2,411,1
2024-10-01,117,3,466,0
2024-10-01,117,4,634,1
2024-10-01,117,5,292,0
2024-10-01,117,6,315,0
2024-10-01,117,7,273,0
2024-10-01,117,9,541,0
2024-10-01,117,10,460,0
2024-10-01,117,11,506,0
2024-10-01,117,12,381,0
2024-10-01,117,13,222,0
2024-10-01,117,14,355,0
2024-10-01,117,15,311,0
2024-10-01,118,1,744,0
2024-10-01,118,2,323,0
2024-10-01,118,3,488,0
2024-10-01,118,4,609,1
2024-10-01,118,5,275,0
2024-10-01,118,6,345,0
2024-10-01,118,8,322,0
2024-10-01,118,9,615,0
2024-10-01,118,10,532,0
2024-10-01,118,11,471,0
2024-10-01,118,12,383,0
2024-10-01,118,13,234,0
2024-10-01,118,14,316,0
2024-10-01,118,15,362,1
2024-10-01,119,1,759,0
2024-10-01,119,2,320,0
2024-10-01,119,3,439,0
2024-10-01,119,4,457,0
2024-10-01,119,5,238,0
2024-10-01,119,6,331,0
2024-10-01,119,7,278,0
2024-10-01,119,8,339,0
2024-10-01,119,9,591,0
2024-10-01,119,10,528,0
2024-10-01,119,11,539,0
2024-10-01,119,12,415,0
2024-10-01,119,13,205,0
2024-10-01,119,14,345,0
2024-10-01,119,15,319,0
2024-10-01,120,2,371,0
2024-10-01,120,4,444,0
2024-10-01,120,5,291,0
2024-10-01,120,6,312,0
2024-10-01,120,7,257,0
2024-10-01,120,8,347,0
2024-10-01,120,9,773,1
2024-10-01,120,10,441,0
2024-10-01,120,12,532,1
2024-10-01,120,13,213,0
2024-10-01,120,14,351,0
2024-10-01,120,15,310,0
2024-10-01,121,1,727,0
2024-10-01,121,2,332,0
2024-10-01,121,4,480,0
2024-10-01,121,5,276,0
2024-10-01,121,6,316,0
2024-10-01,121,7,292,0
2024-10-01,121,8,316,0
2024-10-01,121,9,595,0
2024-10-01,121,10,610,1
2024-10-01,121,11,430,0
2024-10-01,121,13,212,0
2024-10-01,121,14,386,0
2024-10-01,121,15,259,0
2024-10-01,122,1,660,0
2024-10-01,122,2,397,1
2024-10-01,122,3,495,0
2024-10-01,122,4,498,0
2024-10-01,122,5,259,0
2024-10-01,122,6,323,0
2024-10-01,122,7,257,0
2024-10-01,122,8,314,0
2024-10-01,122,9,675,0
2024-10-01,122,10,453,0
2024-10-01,122,11,514,0
2024-10-01,122,12,386,0
2024-10-01,122,13,192,0
2024-10-01,122,14,369,0
2024-10-01,124,1,772,0
2024-10-01,124,2,441,1
2024-10-01,124,3,454,0
2024-10-01,124,4,478,0
2024-10-01,124,5,292,0
2024-10-01,124,6,337,0
2024-10-01,124,7,292,0
2024-10-01,124,8,348,0
2024-10-01,124,9,656,0
2024-10-01,124,10,443,0
2024-10-01,124,11,502,0
2024-10-01,124,12,421,0
2024-10-01,124,13,230,0
2024-10-01,124,14,383,0
2024-10-01,124,15,264,0
2024-10-01,125,1,593,0
2024-10-01,125,2,300,0
2024-10-01,125,3,378,0
2024-10-01,125,4,563,1
2024-10-01,125,5,238,0
2024-10-01,125,6,267,0
2024-10-01,125,7,279,0
2024-10-01,125,8,290,0
2024-10-01,125,9,577,0
2024-10-01,125,10,462,0
2024-10-01,125,11,600,1
2024-10-01,125,13,202,0
2024-10-01,125,14,330,0
2024-10-01,125,15,405,1
2024-10-01,126,1,642,0
2024-10-01,126,2,275,0
2024-10-01,126,3,408,0
2024-10-01,126,4,420,0
2024-10-01,126,5,220,0
2024-10-01,126,6,308,0
2024-10-01,126,7,240,0
2024-10-01,126,8,328,0
2024-10-01,126,9,510,0
2024-10-01,126,10,483,0
2024-10-01,126,11,486,0
2024-10-01,126,12,405,0
2024-10-01,126,14,333,0
2024-10-01,126,15,301,0
2024-10-01,127,1,618,0
2024-10-01,127,2,404,1
2024-10-01,127,3,375,0
2024-10-01,127,4,403,0
2024-10-01,127,5,300,1
2024-10-01,127,6,355,1
2024-10-01,127,7,254,0
2024-10-01,127,8,277,0
2024-10-01,127,9,527,0
2024-10-01,127,11,424,0
2024-10-01,127,12,377,0
2024-10-01,127,13,211,0
2024-10-01,127,14,313,0
2024-10-01,127,15,403,1
2024-10-01,128,1,700,0
2024-10-01,128,2,337,0
2024-10-01,128,4,675,1
2024-10-01,128,5,225,0
2024-10-01,128,6,408,1
2024-10-01,128,7,232,0
2024-10-01,128,8,301,0
2024-10-01,128,9,517,0
2024-10-01,128,10,465,0
2024-10-01,128,12,356,0
2024-10-01,128,13,216,0
2024-10-01,128,14,329,0
2024-10-01,128,15,249,0
2024-10-01,129,1,643,0
2024-10-01,129,2,322,0
2024-10-01,129,3,377,0
2024-10-01,129,4,401,0
2024-10-01,129,5,230,0
2024-10-01,129,7,269,0
2024-10-01,129,8,334,0
2024-10-01,129,9,557,0
2024-10-01,129,10,400,0
2024-10-01,129,11,488,0
2024-10-01,129,12,412,0
2024-10-01,129,13,195,0
2024-10-01,129,14,329,0
2024-10-01,129,15,284,0
2024-10-01,130,1,624,0
2024-10-01,130,2,308,0
2024-10-01,130,3,390,0
2024-10-01,130,4,400,0
2024-10-01,130,5,270,0
2024-10-01,130,7,263,0
2024-10-01,130,8,339,0
2024-10-01,130,9,544,0
2024-10-01,130,10,435,0
2024-10-01,130,11,479,0
2024-10-01,130,12,467,1
2024-10-01,130,13,200,0
2024-10-01,130,14,364,0
2024-10-01,130,15,237,0
2024-10-01,132,1,702,0
2024-10-01,132,2,280,0
2024-10-01,132,4,404,0
2024-10-01,132,5,237,0
2024-10-01,132,6,257,0
2024-10-01,132,7,236,0
2024-10-01,132,8,288,0
2024-10-01,132,9,780,1
2024-10-01,132,11,648,1
2024-10-01,132,12,425,0
2024-10-01,132,13,194,0
2024-10-01,132,14,355,0
2024-10-01,132,15,269,0
2024-10-01,133,1,673,0
2024-10-01,133,2,337,0
2024-10-01,133,3,495,0
2024-10-01,133,4,464,0
2024-10-01,133,5,264,0
2024-10-01,133,6,335,0
2024-10-01,133,8,361,0
2024-10-01,133,9,952,1
2024-10-01,133,10,484,0
2024-10-01,133,11,550,0
2024-10-01,133,12,391,0
2024-10-01,133,13,220,0
2024-10-01,133,14,388,0
2024-10-01,133,15,264,0
2024-10-01,134,1,759,0
2024-10-01,134,2,372,0
2024-10-01,134,3,501,0
2024-10-01,134,4,483,0
2024-10-01,134,5,346,1
2024-10-01,134,6,342,0
2024-10-01,134,7,257,0
2024-10-01,134,8,330,0
2024-10-01,134,9,638,0
2024-10-01,134,10,551,0
2024-10-01,134,11,541,0
2024-10-01,134,12,398,0
2024-10-01,134,13,237,0
2024-10-01,134,14,355,0
2024-10-01,134,15,330,0
2024-10-01,135,1,747,0
2024-10-01,135,2,377,0
2024-10-01,135,3,435,0
2024-10-01,135,4,527,0
2024-10-01,135,5,283,0
2024-10-01,135,6,357,0
2024-10-01,135,7,270,0
2024-10-01,135,9,689,0
2024-10-01,135,10,439,0
2024-10-01,135,11,521,0
2024-10-01,135,12,395,0
2024-10-01,135,13,226,0
2024-10-01,135,14,400,0
2024-10-01,135,15,299,0
2024-10-01,136,2,347,0
2024-10-01,136,3,623,1
2024-10-01,136,4,497,0
2024-10-01,136,5,246,0
2024-10-01,136,6,353,0
2024-10-01,136,7,301,0
2024-10-01,136,8,332,0
2024-10-01,136,9,845,1
2024-10-01,136,10,514,0
2024-10-01,136,11,535,0
2024-10-01,136,13,222,0
2024-10-01,136,14,371,0
2024-10-01,136,15,382,1
2024-10-01,137,1,646,0
2024-10-01,137,2,370,0
2024-10-01,137,3,431,0
2024-10-01,137,4,540,0
2024-10-01,137,5,380,1
2024-10-01,137,6,319,0
2024-10-01,137,7,256,0
2024-10-01,137,8,325,0
2024-10-01,137,9,627,0
2024-10-01,137,10,553,0
2024-10-01,137,11,525,0
2024-10-01,137,12,388,0
2024-10-01,137,13,241,0
2024-10-01,137,14,348,0
2024-10-01,137,15,327,0
2024-10-01,138,2,319,0
2024-10-01,138,3,524,0
2024-10-01,138,4,549,0
2024-10-01,138,5,295,0
2024-10-01,138,8,450,1
2024-10-01,138,9,562,0
2024-10-01,138,10,500,0
2024-10-01,138,11,559,0
2024-10-01,138,12,462,0
2024-10-01,138,13,214,0
2024-10-01,138,14,402,0
2024-10-01,138,15,264,0
2024-10-01,140,1,750,0
2024-10-01,140,2,317,0
2024-10-01,140,3,507,0
2024-10-01,140,4,541,0
2024-10-01,140,5,243,0
2024-10-01,140,6,349,0
2024-10-01,140,8,395,1
2024-10-01,140,9,586,0
2024-10-01,140,10,493,0
2024-10-01,140,12,428,0
2024-10-01,140,13,231,0
2024-10-01,140,14,347,0
2024-10-01,140,15,309,0
2024-11-01,101,1,1483,0
2024-11-01,101,2,665,0
2024-11-01,101,3,946,0
2024-11-01,101,4,980,0
2024-11-01,101,5,528,0
2024-11-01,101,6,565,0
2024-11-01,101,7,689,1
2024-11-01,101,8,717,0
2024-11-01,101,9,1326,0
2024-11-01,101,10,881,0
2024-11-01,101,11,988,0
2024-11-01,101,12,909,0
2024-11-01,101,13,432,0
2024-11-01,101,14,654,0
2024-11-01,101,15,530,0
2024-11-01,102,1,1281,0
2024-11-01,102,2,600,0
2024-11-01,102,3,891,0
2024-11-01,102,4,1022,0
2024-11-01,102,5,560,0
2024-11-01,102,6,632,0
2024-11-01,102,7,575,0
2024-11-01,102,8,686,0
2024-11-01,102,9,1288,0
2024-11-01,102,10,884,0
2024-11-01,102,11,1138,1
2024-11-01,102,12,825,0
2024-11-01,102,13,415,0
2024-11-01,102,14,711,0
2024-11-01,102,15,541,0
2024-11-01,103,1,1447,0
2024-11-01,103,2,630,0
2024-11-01,103,3,919,0
2024-11-01,103,4,913,0
2024-11-01,103,5,577,0
2024-11-01,103,6,622,0
2024-11-01,103,7,498,0
2024-11-01,103,8,630,0
2024-11-01,103,9,1234,0
2024-11-01,103,10,1437,1
2024-11-01,103,11,892,0
2024-11-01,103,12,903,0
2024-11-01,103,13,452,0
2024-11-01,103,14,625,0
2024-11-01,103,15,536,0
2024-11-01,104,1,1485,0
2024-11-01,104,3,969,0
2024-11-01,104,4,932,0
2024-11-01,104,6,644,0
2024-11-01,104,7,550,0
2024-11-01,104,8,861,1
2024-11-01,104,9,1078,0
2024-11-01,104,10,853,0
2024-11-01,104,11,894,0
2024-11-01,104,12,859,0
2024-11-01,104,13,432,0
2024-11-01,104,15,520,0
2024-11-01,105,1,1243,0
2024-11-01,105,2,681,0
2024-11-01,105,3,944,0
2024-11-01,105,4,1068,0
2024-11-01,105,5,550,0
2024-11-01,105,7,514,0
2024-11-01,105,8,643,0
2024-11-01,105,9,1274,0
2024-11-01,105,10,906,0
2024-11-01,105,11,1028,0
2024-11-01,105,12,749,0
2024-11-01,105,13,642,1
2024-11-01,105,14,636,0
2024-11-01,105,15,604,0
2024-11-01,106,1,1437,0
2024-11-01,106,2,937,1
2024-11-01,106,3,945,0
2024-11-01,106,4,1013,0
2024-11-01,106,5,737,1
2024-11-01,106,6,610,0
2024-11-01,106,7,518,0
2024-11-01,106,8,605,0
2024-11-01,106,10,1020,0
2024-11-01,106,12,804,0
2024-11-01,106,13,389,0
2024-11-01,106,14,855,1
2024-11-01,106,15,567,0
2024-11-01,108,1,1609,1
2024-11-01,108,2,709,0
2024-11-01,108,3,988,0
2024-11-01,108,4,1000,0
2024-11-01,108,5,495,0
2024-11-01,108,6,638,0
2024-11-01,108,7,535,0
2024-11-01,108,8,630,0
2024-11-01,108,9,1070,0
2024-11-01,108,10,1071,0
2024-11-01,108,11,885,0
2024-11-01,108,12,742,0
2024-11-01,108,13,410,0
2024-11-01,108,14,743,0
2024-11-01,108,15,513,0
2024-11-01,109,2,478,0
2024-11-01,109,3,705,0
2024-11-01,109,4,1377,1
2024-11-01,109,5,396,0
2024-11-01,109,6,840,1
2024-11-01,109,7,387,0
2024-11-01,109,8,850,1
2024-11-01,109,9,1381,1
2024-11-01,109,10,703,0
2024-11-01,109,11,752,0
2024-11-01,109,12,530,0
2024-11-01,109,13,592,1
2024-11-01,109,14,500,0
2024-11-01,109,15,664,1
2024-11-01,110,1,1084,0
2024-11-01,110,2,508,0
2024-11-01,110,3,624,0
2024-11-01,110,4,760,0
2024-11-01,110,6,489,0
2024-11-01,110,7,347,0
2024-11-01,110,8,466,0
2024-11-01,110,9,890,0
2024-11-01,110,10,622,0
2024-11-01,110,11,638,0
2024-11-01,110,12,1208,1
2024-11-01,110,13,272,0
2024-11-01,110,14,553,0
2024-11-01,110,15,692,1
2024-11-01,111,1,1793,1
2024-11-01,111,2,506,0
2024-11-01,111,3,714,0
2024-11-01,111,4,724,0
2024-11-01,111,5,394,0
2024-11-01,111,6,473,0
2024-11-01,111,7,396,0
2024-11-01,111,8,461,0
2024-11-01,111,9,1438,1
2024-11-01,111,10,1178,1
2024-11-01,111,11,1565,1
2024-11-01,111,12,610,0
2024-11-01,111,13,300,0
2024-11-01,111,15,387,0
2024-11-01,112,1,1033,0
2024-11-01,112,3,714,0
2024-11-01,112,4,1123,1
2024-11-01,112,5,337,0
2024-11-01,112,6,409,0
2024-11-01,112,7,432,0
2024-11-01,112,8,1001,1
2024-11-01,112,9,952,0
2024-11-01,112,10,638,0
2024-11-01,112,11,779,0
2024-11-01,112,12,616,0
2024-11-01,112,13,304,0
2024-11-01,112,14,567,0
2024-11-01,112,15,401,0
2024-11-01,113,1,984,0
2024-11-01,113,2,473,0
2024-11-01,113,3,653,0
2024-11-01,113,4,623,0
2024-11-01,113,5,358,0
2024-11-01,113,7,352,0
2024-11-01,113,8,461,0
2024-11-01,113,9,786,0
2024-11-01,113,10,1377,1
2024-11-01,113,11,750,0
2024-11-01,113,12,656,0
2024-11-01,113,13,296,0
2024-11-01,113,14,552,0
2024-11-01,113,15,716,1
2024-11-01,114,1,2157,1
2024-11-01,114,2,420,0
2024-11-01,114,3,611,0
2024-11-01,114,4,738,0
2024-11-01,114,5,369,0
2024-11-01,114,6,462,0
2024-11-01,114,7,404,0
2024-11-01,114,8,518,0
2024-11-01,114,9,826,0
2024-11-01,114,10,655,0
2024-11-01,114,11,621,0
2024-11-01,114,12,535,0
2024-11-01,114,14,1022,1
2024-11-01,114,15,453,0
2024-11-01,116,1,906,0
2024-11-01,116,2,504,0
2024-11-01,116,3,668,0
2024-11-01,116,4,770,0
2024-11-01,116,5,815,1
2024-11-01,116,6,461,0
2024-11-01,116,7,350,0
2024-11-01,116,8,988,1
2024-11-01,116,9,842,0
2024-11-01,116,10,750,0
2024-11-01,116,11,737,0
2024-11-01,116,12,1310,1
2024-11-01,116,13,270,0
2024-11-01,116,14,460,0
2024-11-01,116,15,372,0
2024-11-01,117,1,654,0
2024-11-01,117,2,297,0
2024-11-01,117,3,408,0
2024-11-01,117,4,434,0
2024-11-01,117,5,236,0
2024-11-01,117,6,345,0
2024-11-01,117,7,247,0
2024-11-01,117,8,349,0
2024-11-01,117,9,671,0
2024-11-01,117,10,479,0
2024-11-01,117,11,582,1
2024-11-01,117,12,443,0
2024-11-01,117,13,232,0
2024-11-01,117,14,357,0
2024-11-01,117,15,313,0
2024-11-01,118,1,673,0
2024-11-01,118,2,361,0
2024-11-01,118,3,503,0
2024-11-01,118,4,461,0
2024-11-01,118,5,239,0
2024-11-01,118,6,328,0
2024-11-01,118,8,318,0
2024-11-01,118,9,633,0
2024-11-01,118,10,639,1
2024-11-01,118,12,442,0
2024-11-01,118,13,201,0
2024-11-01,118,14,321,0
2024-11-01,118,15,283,0
2024-11-01,119,2,464,1
2024-11-01,119,3,463,0
2024-11-01,119,4,465,0
2024-11-01,119,5,287,0
2024-11-01,119,6,318,0
2024-11-01,119,7,242,0
2024-11-01,119,8,291,0
2024-11-01,119,9,593,0
2024-11-01,119,10,465,0
2024-11-01,119,11,519,0
2024-11-01,119,12,387,0
2024-11-01,119,13,187,0
2024-11-01,119,14,342,0
2024-11-01,119,15,311,0
2024-11-01,120,1,677,0
2024-11-01,120,2,417,1
2024-11-01,120,3,410,0
2024-11-01,120,4,449,0
2024-11-01,120,5,251,0
2024-11-01,120,6,309,0
2024-11-01,120,7,269,0
2024-11-01,120,8,338,0
2024-11-01,120,9,557,0
2024-11-01,120,10,713,1
2024-11-01,120,11,490,0
2024-11-01,120,12,371,0
2024-11-01,120,13,186,0
2024-11-01,120,14,344,0
2024-11-01,120,15,266,0
2024-11-01,121,1,706,0
2024-11-01,121,2,349,0
2024-11-01,121,4,547,0
2024-11-01,121,5,243,0
2024-11-01,121,6,483,1
2024-11-01,121,8,350,0
2024-11-01,121,9,582,0
2024-11-01,121,10,513,0
2024-11-01,121,12,428,0
2024-11-01,121,13,211,0
2024-11-01,121,14,358,0
2024-11-01,121,15,318,0
2024-11-01,122,1,765,0
2024-11-01,122,3,438,0
2024-11-01,122,4,470,0
2024-11-01,122,5,288,0
2024-11-01,122,6,288,0
2024-11-01,122,7,288,0
2024-11-01,122,8,367,0
2024-11-01,122,9,650,0
2024-11-01,122,10,516,0
2024-11-01,122,11,462,0
2024-11-01,122,12,414,0
2024-11-01,122,14,343,0
2024-11-01,122,15,412,1
2024-11-01,124,1,1005,1
2024-11-01,124,2,291,0
2024-11-01,124,3,408,0
2024-11-01,124,4,458,0
2024-11-01,124,5,241,0
2024-11-01,124,6,340,0
2024-11-01,124,7,419,1
2024-11-01,124,8,330,0
2024-11-01,124,9,601,0
2024-11-01,124,10,524,0
2024-11-01,124,11,457,0
2024-11-01,124,12,391,0
2024-11-01,124,13,196,0
2024-11-01,124,14,316,0
2024-11-01,124,15,306,0
2024-11-01,125,1,851,1
2024-11-01,125,2,257,0
2024-11-01,125,3,381,0
2024-11-01,125,4,446,0
2024-11-01,125,5,224,0
2024-11-01,125,6,264,0
2024-11-01,125,7,237,0
2024-11-01,125,9,516,0
2024-11-01,125,10,383,0
2024-11-01,125,11,395,0
2024-11-01,125,13,180,0
2024-11-01,125,14,278,0
2024-11-01,125,15,264,0
2024-11-01,126,1,531,0
2024-11-01,126,2,248,0
2024-11-01,126,3,400,0
2024-11-01,126,4,441,0
2024-11-01,126,5,246,0
2024-11-01,126,6,235,0
2024-11-01,126,7,209,0
2024-11-01,126,8,243,0
2024-11-01,126,9,447,0
2024-11-01,126,10,399,0
2024-11-01,126,11,408,0
2024-11-01,126,12,352,0
2024-11-01,126,13,171,0
2024-11-01,126,15,237,0
2024-11-01,127,1,636,0
2024-11-01,127,2,302,0
2024-11-01,127,3,346,0
2024-11-01,127,4,541,1
2024-11-01,127,5,228,0
2024-11-01,127,6,286,0
2024-11-01,127,7,243,0
2024-11-01,127,9,447,0
2024-11-01,127,10,374,0
2024-11-01,127,11,450,0
2024-11-01,127,12,342,0
2024-11-01,127,15,272,0
2024-11-01,128,1,521,0
2024-11-01,128,3,366,0
2024-11-01,128,4,650,1
2024-11-01,128,5,237,0
2024-11-01,128,6,270,0
2024-11-01,128,7,242,0
2024-11-01,128,8,243,0
2024-11-01,128,9,497,0
2024-11-01,128,10,370,0
2024-11-01,128,11,419,0
2024-11-01,128,12,371,0
2024-11-01,128,13,179,0
2024-11-01,128,14,269,0
2024-11-01,128,15,252,0
2024-11-01,129,1,779,1
2024-11-01,129,2,296,0
2024-11-01,129,3,341,0
2024-11-01,129,4,453,0
2024-11-01,129,5,235,0
2024-11-01,129,6,271,0
2024-11-01,129,7,210,0
2024-11-01,129,9,446,0
2024-11-01,129,10,392,0
2024-11-01,129,11,525,1
2024-11-01,129,12,344,0
2024-11-01,129,13,184,0
2024-11-01,129,14,303,0
2024-11-01,129,15,365,1
2024-11-01,130,1,593,0
2024-11-01,130,2,270,0
2024-11-01,130,3,426,0
2024-11-01,130,4,405,0
2024-11-01,130,5,243,0
2024-11-01,130,6,248,0
2024-11-01,130,7,218,0
2024-11-01,130,8,298,0
2024-11-01,130,9,461,0
2024-11-01,130,10,439,0
2024-11-01,130,11,428,0
2024-11-01,130,13,258,1
2024-11-01,130,14,328,0
2024-11-01,130,15,223,0
2024-11-01,132,1,533,0
2024-11-01,132,2,262,0
2024-11-01,132,3,339,0
2024-11-01,132,4,453,0
2024-11-01,132,5,231,0
2024-11-01,132,6,240,0
2024-11-01,132,7,250,0
2024-11-01,132,8,267,0
2024-11-01,132,9,678,1
2024-11-01,132,10,365,0
2024-11-01,132,11,418,0
2024-11-01,132,12,315,0
2024-11-01,132,13,204,1
2024-11-01,132,14,276,0
2024-11-01,132,15,218,0
2024-11-01,133,1,630,0
2024-11-01,133,3,417,0
2024-11-01,133,4,527,0
2024-11-01,133,5,391,1
2024-11-01,133,6,307,0
2024-11-01,133,7,283,0
2024-11-01,133,8,344,0
2024-11-01,133,9,566,0
2024-11-01,133,10,529,0
2024-11-01,133,11,555,0
2024-11-01,133,12,390,0
2024-11-01,133,13,233,0
2024-11-01,133,14,383,0
2024-11-01,134,1,951,1
2024-11-01,134,2,311,0
2024-11-01,134,3,526,0
2024-11-01,134,4,496,0
2024-11-01,134,5,254,0
2024-11-01,134,6,325,0
2024-11-01,134,7,281,0
2024-11-01,134,9,628,0
2024-11-01,134,10,544,0
2024-11-01,134,11,505,0
2024-11-01,134,12,398,0
2024-11-01,134,13,223,0
2024-11-01,134,14,331,0
2024-11-01,135,1,700,0
2024-11-01,135,2,457,1
2024-11-01,135,3,461,0
2024-11-01,135,4,542,0
2024-11-01,135,5,260,0
2024-11-01,135,6,322,0
2024-11-01,135,7,289,0
2024-11-01,135,8,306,0
2024-11-01,135,9,663,0
2024-11-01,135,10,637,1
2024-11-01,135,11,553,0
2024-11-01,135,12,546,1
2024-11-01,135,14,340,0
2024-11-01,135,15,314,0
2024-11-01,136,1,624,0
2024-11-01,136,2,331,0
2024-11-01,136,3,480,0
2024-11-01,136,4,632,1
2024-11-01,136,5,244,0
2024-11-01,136,6,340,0
2024-11-01,136,7,310,0
2024-11-01,136,8,319,0
2024-11-01,136,9,551,0
2024-11-01,136,10,496,0
2024-11-01,136,11,541,0
2024-11-01,136,12,470,0
2024-11-01,136,13,209,0
2024-11-01,136,15,269,0
2024-11-01,137,2,346,0
2024-11-01,137,3,417,0
2024-11-01,137,4,443,0
2024-11-01,137,5,296,0
2024-11-01,137,6,338,0
2024-11-01,137,7,390,1
2024-11-01,137,8,378,0
2024-11-01,137,9,680,0
2024-11-01,137,10,528,0
2024-11-01,137,11,508,0
2024-11-01,137,12,382,0
2024-11-01,137,14,370,0
2024-11-01,137,15,295,0
2024-11-01,138,1,634,0
2024-11-01,138,2,334,0
2024-11-01,138,4,500,0
2024-11-01,138,5,285,0
2024-11-01,138,6,328,0
2024-11-01,138,7,309,0
2024-11-01,138,8,298,0
2024-11-01,138,9,673,0
2024-11-01,138,10,464,0
2024-11-01,138,11,449,0
2024-11-01,138,12,401,0
2024-11-01,138,13,196,0
2024-11-01,138,14,325,0
2024-11-01,138,15,314,0
2024-11-01,140,1,677,0
2024-11-01,140,2,417,1
2024-11-01,140,4,524,0
2024-11-01,140,5,384,1
2024-11-01,140,6,303,0
2024-11-01,140,7,251,0
2024-11-01,140,8,309,0
2024-11-01,140,9,648,0
2024-11-01,140,10,492,0
2024-11-01,140,11,507,0
2024-11-01,140,12,463,0
2024-11-01,140,13,303,1
2024-11-01,140,14,323,0
2024-11-01,140,15,312,0
2024-12-01,101,1,1490,0
2024-12-01,101,2,641,0
2024-12-01,101,4,857,0
2024-12-01,101,5,630,1
2024-12-01,101,6,653,0
2024-12-01,101,7,526,0
2024-12-01,101,8,966,1
2024-12-01,101,9,1312,0
2024-12-01,101,10,1050,0
2024-12-01,101,11,976,0
2024-12-01,101,12,820,0
2024-12-01,101,13,421,0
2024-12-01,101,14,667,0
2024-12-01,101,15,572,0
2024-12-01,102,1,1654,1
2024-12-01,102,3,851,0
2024-12-01,102,4,991,0
2024-12-01,102,5,506,0
2024-12-01,102,6,633,0
2024-12-01,102,7,507,0
2024-12-01,102,8,581,0
2024-12-01,102,9,1099,0
2024-12-01,102,10,854,0
2024-12-01,102,11,969,0
2024-12-01,102,12,766,0
2024-12-01,102,13,391,0
2024-12-01,102,14,661,0
2024-12-01,102,15,611,0
2024-12-01,103,1,1339,0
2024-12-01,103,2,653,0
2024-12-01,103,3,1194,1
2024-12-01,103,6,935,1
2024-12-01,103,7,563,0
2024-12-01,103,8,592,0
2024-12-01,103,9,1257,0
2024-12-01,103,11,867,0
2024-12-01,103,12,989,1
2024-12-01,103,13,401,0
2024-12-01,103,14,753,0
2024-12-01,103,15,632,0
2024-12-01,104,1,1244,0
2024-12-01,104,4,948,0
2024-12-01,104,5,552,0
2024-12-01,104,6,637,0
2024-12-01,104,7,567,0
2024-12-01,104,8,695,0
2024-12-01,104,9,1264,0
2024-12-01,104,10,1167,1
2024-12-01,104,11,893,0
2024-12-01,104,12,820,0
2024-12-01,104,13,403,0
2024-12-01,104,14,766,0
2024-12-01,104,15,631,0
2024-12-01,105,1,1505,0
2024-12-01,105,2,621,0
2024-12-01,105,3,862,0
2024-12-01,105,4,1004,0
2024-12-01,105,5,582,0
2024-12-01,105,6,575,0
2024-12-01,105,7,472,0
2024-12-01,105,8,643,0
2024-12-01,105,9,1090,0
2024-12-01,105,10,909,0
2024-12-01,105,11,940,0
2024-12-01,105,12,789,0
2024-12-01,105,13,393,0
2024-12-01,105,14,757,0
2024-12-01,105,15,581,0
2024-12-01,106,1,1512,0
2024-12-01,106,2,703,0
2024-12-01,106,3,867,0
2024-12-01,106,4,1384,1
2024-12-01,106,5,501,0
2024-12-01,106,6,690,0
2024-12-01,106,7,596,0
2024-12-01,106,8,581,0
2024-12-01,106,9,1126,0
2024-12-01,106,10,1027,0
2024-12-01,106,11,1476,1
2024-12-01,106,12,795,0
2024-12-01,106,13,413,0
2024-12-01,106,14,709,0
2024-12-01,106,15,570,0
2024-12-01,108,1,1462,0
2024-12-01,108,2,699,0
2024-12-01,108,3,878,0
2024-12-01,108,4,961,0
2024-12-01,108,5,575,0
2024-12-01,108,6,690,0
2024-12-01,108,8,585,0
2024-12-01,108,9,1205,0
2024-12-01,108,10,1054,0
2024-12-01,108,11,916,0
2024-12-01,108,12,871,0
2024-12-01,108,13,460,0
2024-12-01,108,14,756,0
2024-12-01,108,15,540,0
2024-12-01,109,1,908,0
2024-12-01,109,2,519,0
2024-12-01,109,3,732,0
2024-12-01,109,4,782,0
2024-12-01,109,5,357,0
2024-12-01,109,6,487,0
2024-12-01,109,7,373,0
2024-12-01,109,8,862,1
2024-12-01,109,9,1897,1
2024-12-01,109,11,637,0
2024-12-01,109,12,658,0
2024-12-01,109,13,577,1
2024-12-01,109,14,482,0
2024-12-01,109,15,468,0
2024-12-01,110,1,979,0
2024-12-01,110,2,438,0
2024-12-01,110,3,691,0
2024-12-01,110,5,350,0
2024-12-01,110,6,401,0
2024-12-01,110,7,426,0
2024-12-01,110,8,894,1
2024-12-01,110,9,835,0
2024-12-01,110,10,633,0
2024-12-01,110,11,625,0
2024-12-01,110,12,643,0
2024-12-01,110,13,272,0
2024-12-01,110,14,527,0
2024-12-01,110,15,678,1
2024-12-01,111,1,1704,1
2024-12-01,111,2,515,0
2024-12-01,111,3,1368,1
2024-12-01,111,4,1554,1
2024-12-01,111,5,343,0
2024-12-01,111,6,420,0
2024-12-01,111,7,376,0
2024-12-01,111,8,438,0
2024-12-01,111,9,806,0
2024-12-01,111,10,745,0
2024-12-01,111,11,779,0
2024-12-01,111,12,621,0
2024-12-01,111,13,568,1
2024-12-01,111,14,533,0
2024-12-01,111,15,431,0
2024-12-01,112,2,487,0
2024-12-01,112,3,708,0
2024-12-01,112,4,1343,1
2024-12-01,112,5,343,0
2024-12-01,112,7,727,1
2024-12-01,112,8,839,1
2024-12-01,112,9,787,0
2024-12-01,112,10,1288,1
2024-12-01,112,11,654,0
2024-12-01,112,12,617,0
2024-12-01,112,13,647,1
2024-12-01,112,14,534,0
2024-12-01,112,15,449,0
2024-12-01,113,1,1056,0
2024-12-01,113,2,906,1
2024-12-01,113,3,1520,1
2024-12-01,113,4,749,0
2024-12-01,113,5,366,0
2024-12-01,113,6,460,0
2024-12-01,113,7,408,0
2024-12-01,113,8,967,1
2024-12-01,113,9,896,0
2024-12-01,113,10,1514,1
2024-12-01,113,11,750,0
2024-12-01,113,12,536,0
2024-12-01,113,13,287,0
2024-12-01,113,14,461,0
2024-12-01,113,15,402,0
2024-12-01,114,1,1060,0
2024-12-01,114,2,411,0
2024-12-01,114,3,1220,1
2024-12-01,114,5,356,0
2024-12-01,114,6,438,0
2024-12-01,114,8,423,0
2024-12-01,114,9,934,0
2024-12-01,114,10,676,0
2024-12-01,114,11,629,0
2024-12-01,114,12,575,0
2024-12-01,114,13,569,1
2024-12-01,114,14,474,0
2024-12-01,114,15,406,0
2024-12-01,116,1,876,0
2024-12-01,116,2,812,1
2024-12-01,116,4,637,0
2024-12-01,116,5,781,1
2024-12-01,116,6,445,0
2024-12-01,116,7,393,0
2024-12-01,116,8,482,0
2024-12-01,116,9,1572,1
2024-12-01,116,10,1456,1
2024-12-01,116,11,730,0
2024-12-01,116,13,337,0
2024-12-01,116,14,515,0
2024-12-01,116,15,465,0
2024-12-01,117,1,870,0
2024-12-01,117,2,337,0
2024-12-01,117,3,507,0
2024-12-01,117,4,586,0
2024-12-01,117,5,280,0
2024-12-01,117,6,413,1
2024-12-01,117,7,310,0
2024-12-01,117,8,384,0
2024-12-01,117,9,692,0
2024-12-01,117,10,753,1
2024-12-01,117,11,581,0
2024-12-01,117,12,485,0
2024-12-01,117,13,264,0
2024-12-01,117,14,395,0
2024-12-01,117,15,298,0
2024-12-01,118,1,1019,1
2024-12-01,118,2,330,0
2024-12-01,118,3,537,0
2024-12-01,118,4,555,0
2024-12-01,118,5,314,0
2024-12-01,118,6,337,0
2024-12-01,118,7,318,0
2024-12-01,118,8,365,0
2024-12-01,118,9,681,0
2024-12-01,118,10,621,0
2024-12-01,118,11,615,0
2024-12-01,118,12,485,0
2024-12-01,118,13,267,0
2024-12-01,118,14,386,0
2024-12-01,118,15,368,0
2024-12-01,119,1,757,0
2024-12-01,119,2,544,1
2024-12-01,119,3,540,0
2024-12-01,119,4,591,0
2024-12-01,119,5,300,0
2024-12-01,119,6,394,0
2024-12-01,119,7,325,0
2024-12-01,119,8,346,0
2024-12-01,119,10,570,0
2024-12-01,119,11,625,0
2024-12-01,119,12,508,0
2024-12-01,119,13,229,0
2024-12-01,119,14,358,0
2024-12-01,119,15,306,0
2024-12-01,120,1,790,0
2024-12-01,120,3,531,0
2024-12-01,120,4,601,0
2024-12-01,120,5,310,0
2024-12-01,120,6,339,0
2024-12-01,120,8,361,0
2024-12-01,120,9,713,0
2024-12-01,120,10,508,0
2024-12-01,120,11,510,0
2024-12-01,120,12,472,0
2024-12-01,120,13,244,0
2024-12-01,120,14,414,0
2024-12-01,120,15,373,0
2024-12-01,121,1,852,0
2024-12-01,121,2,410,0
2024-12-01,121,3,503,0
2024-12-01,121,4,548,0
2024-12-01,121,5,306,0
2024-12-01,121,6,344,0
2024-12-01,121,7,286,0
2024-12-01,121,8,411,0
2024-12-01,121,9,642,0
2024-12-01,121,10,492,0
2024-12-01,121,11,570,0
2024-12-01,121,12,511,0
2024-12-01,121,13,261,0
2024-12-01,121,15,348,0
2024-12-01,122,1,807,0
2024-12-01,122,2,412,0
2024-12-01,122,3,477,0
2024-12-01,122,4,615,0
2024-12-01,122,6,344,0
2024-12-01,122,7,432,1
2024-12-01,122,8,348,0
2024-12-01,122,9,658,0
2024-12-01,122,10,590,0
2024-12-01,122,11,594,0
2024-12-01,122,12,533,0
2024-12-01,122,13,221,0
2024-12-01,122,14,454,0
2024-12-01,122,15,314,0
2024-12-01,124,1,788,0
2024-12-01,124,3,519,0
2024-12-01,124,4,497,0
2024-12-01,124,5,302,0
2024-12-01,124,6,345,0
2024-12-01,124,7,394,1
2024-12-01,124,9,650,0
2024-12-01,124,10,599,0
2024-12-01,124,11,802,1
2024-12-01,124,12,641,1
2024-12-01,124,13,260,0
2024-12-01,124,14,359,0
2024-12-01,124,15,308,0
2024-12-01,125,1,631,0
2024-12-01,125,3,423,0
2024-12-01,125,4,406,0
2024-12-01,125,5,243,0
2024-12-01,125,6,252,0
2024-12-01,125,7,242,0
2024-12-01,125,8,304,0
2024-12-01,125,10,409,0
2024-12-01,125,11,424,0
2024-12-01,125,12,378,0
2024-12-01,125,14,317,0
2024-12-01,125,15,237,0
2024-12-01,126,1,544,0
2024-12-01,126,2,299,0
2024-12-01,126,3,380,0
2024-12-01,126,4,481,1
2024-12-01,126,5,333,1
2024-12-01,126,7,230,0
2024-12-01,126,8,246,0
2024-12-01,126,9,454,0
2024-12-01,126,10,404,0
2024-12-01,126,11,449,0
2024-12-01,126,12,354,0
2024-12-01,126,13,170,0
2024-12-01,126,14,324,0
2024-12-01,126,15,225,0
2024-12-01,127,1,612,0
2024-12-01,127,2,249,0
2024-12-01,127,4,372,0
2024-12-01,127,5,231,0
2024-12-01,127,6,256,0
2024-12-01,127,7,240,0
2024-12-01,127,9,564,0
2024-12-01,127,10,444,0
2024-12-01,127,12,348,0
2024-12-01,127,13,167,0
2024-12-01,127,15,251,0
2024-12-01,128,1,557,0
2024-12-01,128,2,250,0
2024-12-01,128,3,396,0
2024-12-01,128,4,423,0
2024-12-01,128,5,226,0
2024-12-01,128,6,243,0
2024-12-01,128,7,243,0
2024-12-01,128,8,253,0
2024-12-01,128,9,488,0
2024-12-01,128,10,369,0
2024-12-01,128,11,449,0
2024-12-01,128,12,311,0
2024-12-01,128,13,188,0
2024-12-01,128,14,283,0
2024-12-01,128,15,238,0
2024-12-01,129,1,608,0
2024-12-01,129,2,291,0
2024-12-01,129,3,427,0
2024-12-01,129,5,208,0
2024-12-01,129,6,266,0
2024-12-01,129,7,205,0
2024-12-01,129,8,245,0
2024-12-01,129,9,549,0
2024-12-01,129,10,436,0
2024-12-01,129,11,367,0
2024-12-01,129,12,337,0
2024-12-01,129,13,192,0
2024-12-01,129,14,322,0
2024-12-01,129,15,273,0
2024-12-01,130,1,735,1
2024-12-01,130,2,241,0
2024-12-01,130,3,351,0
2024-12-01,130,4,533,1
2024-12-01,130,5,221,0
2024-12-01,130,6,284,0
2024-12-01,130,7,252,0
2024-12-01,130,8,300,0
2024-12-01,130,9,460,0
2024-12-01,130,10,385,0
2024-12-01,130,11,428,0
2024-12-01,130,12,312,0
2024-12-01,130,13,158,0
2024-12-01,130,14,298,0
2024-12-01,130,15,258,0
2024-12-01,132,1,587,0
2024-12-01,132,2,243,0
2024-12-01,132,3,415,0
2024-12-01,132,4,457,0
2024-12-01,132,5,199,0
2024-12-01,132,6,238,0
2024-12-01,132,7,317,1
2024-12-01,132,9,446,0
2024-12-01,132,11,411,0
2024-12-01,132,12,378,0
2024-12-01,132,14,273,0
2024-12-01,132,15,229,0
2024-12-01,133,1,719,0
2024-12-01,133,2,356,0
2024-12-01,133,3,503,0
2024-12-01,133,5,267,0
2024-12-01,133,6,357,0
2024-12-01,133,7,282,0
2024-12-01,133,8,338,0
2024-12-01,133,9,678,0
2024-12-01,133,10,486,0
2024-12-01,133,11,516,0
2024-12-01,133,12,468,0
2024-12-01,133,13,200,0
2024-12-01,133,14,367,0
2024-12-01,133,15,334,0
2024-12-01,134,1,759,0
2024-12-01,134,2,340,0
2024-12-01,134,3,473,0
2024-12-01,134,4,465,0
2024-12-01,134,5,243,0
2024-12-01,134,6,343,0
2024-12-01,134,7,399,1
2024-12-01,134,8,332,0
2024-12-01,134,9,633,0
2024-12-01,134,11,452,0
2024-12-01,134,12,454,0
2024-12-01,134,13,214,0
2024-12-01,134,14,363,0
2024-12-01,134,15,294,0
2024-12-01,135,1,716,0
2024-12-01,135,2,306,0
2024-12-01,135,3,509,0
2024-12-01,135,4,487,0
2024-12-01,135,5,264,0
2024-12-01,135,6,329,0
2024-12-01,135,7,259,0
2024-12-01,135,8,370,0
2024-12-01,135,9,636,0
2024-12-01,135,10,439,0
2024-12-01,135,11,456,0
2024-12-01,135,12,552,1
2024-12-01,135,13,221,0
2024-12-01,135,14,499,1
2024-12-01,135,15,304,0
2024-12-01,136,1,740,0
2024-12-01,136,2,341,0
2024-12-01,136,3,424,0
2024-12-01,136,4,539,0
2024-12-01,136,5,269,0
2024-12-01,136,6,357,0
2024-12-01,136,7,284,0
2024-12-01,136,8,329,0
2024-12-01,136,9,586,0
2024-12-01,136,10,458,0
2024-12-01,136,11,545,0
2024-12-01,136,12,461,0
2024-12-01,136,13,198,0
2024-12-01,136,14,345,0
2024-12-01,136,15,392,1
2024-12-01,137,1,713,0
2024-12-01,137,2,481,1
2024-12-01,137,3,420,0
2024-12-01,137,4,508,0
2024-12-01,137,5,269,0
2024-12-01,137,6,292,0
2024-12-01,137,7,261,0
2024-12-01,137,8,362,0
2024-12-01,137,9,838,1
2024-12-01,137,10,486,0
2024-12-01,137,11,511,0
2024-12-01,137,12,594,1
2024-12-01,137,13,230,0
2024-12-01,137,14,367,0
2024-12-01,137,15,295,0
2024-12-01,138,1,706,0
2024-12-01,138,2,419,1
2024-12-01,138,3,420,0
2024-12-01,138,4,494,0
2024-12-01,138,5,254,0
2024-12-01,138,6,359,0
2024-12-01,138,7,248,0
2024-12-01,138,8,375,0
2024-12-01,138,9,669,0
2024-12-01,138,10,442,0
2024-12-01,138,11,454,0
2024-12-01,138,12,420,0
2024-12-01,138,13,213,0
2024-12-01,138,14,335,0
2024-12-01,138,15,279,0
2024-12-01,140,1,699,0
2024-12-01,140,3,460,0
2024-12-01,140,4,482,0
2024-12-01,140,5,260,0
2024-12-01,140,6,302,0
2024-12-01,140,7,439,1
2024-12-01,140,8,315,0
2024-12-01,140,9,681,0
2024-12-01,140,11,519,0
2024-12-01,140,12,382,0
2024-12-01,140,13,238,0
2024-12-01,140,14,360,0
2024-12-01,140,15,302,0
2025-01-01,101,1,1470,0
2025-01-01,101,2,712,0
2025-01-01,101,3,969,0
2025-01-01,101,4,1137,0
2025-01-01,101,5,650,0
2025-01-01,101,6,625,0
2025-01-01,101,8,921,1
2025-01-01,101,9,1707,1
2025-01-01,101,10,1105,0
2025-01-01,101,11,1059,0
2025-01-01,101,12,968,0
2025-01-01,101,13,461,0
2025-01-01,101,14,838,0
2025-01-01,101,15,612,0
2025-01-01,102,1,1465,0
2025-01-01,102,2,656,0
2025-01-01,102,3,914,0
2025-01-01,102,4,1014,0
2025-01-01,102,5,650,0
2025-01-01,102,6,942,1
2025-01-01,102,7,537,0
2025-01-01,102,8,723,0
2025-01-01,102,10,1022,0
2025-01-01,102,12,874,0
2025-01-01,102,13,513,0
2025-01-01,102,14,838,0
2025-01-01,102,15,655,0
2025-01-01,103,1,1518,0
2025-01-01,103,2,702,0
2025-01-01,103,3,987,0
2025-01-01,103,4,1105,0
2025-01-01,103,6,677,0
2025-01-01,103,7,654,0
2025-01-01,103,8,810,0
2025-01-01,103,9,1360,0
2025-01-01,103,10,970,0
2025-01-01,103,11,1069,0
2025-01-01,103,12,858,0
2025-01-01,103,13,428,0
2025-01-01,103,14,764,0
2025-01-01,103,15,594,0
2025-01-01,104,1,1686,0
2025-01-01,104,2,745,0
2025-01-01,104,3,1071,0
2025-01-01,104,4,1098,0
2025-01-01,104,5,638,0
2025-01-01,104,6,669,0
2025-01-01,104,7,633,0
2025-01-01,104,8,917,1
2025-01-01,104,9,1371,0
2025-01-01,104,10,1156,0
2025-01-01,104,11,1085,0
2025-01-01,104,12,906,0
2025-01-01,104,13,624,1
2025-01-01,104,14,860,0
2025-01-01,104,15,690,0
2025-01-01,105,1,1663,0
2025-01-01,105,2,707,0
2025-01-01,105,3,1050,0
2025-01-01,105,4,1147,0
2025-01-01,105,5,525,0
2025-01-01,105,6,693,0
2025-01-01,105,7,658,0
2025-01-01,105,8,644,0
2025-01-01,105,9,1453,0
2025-01-01,105,10,1158,0
2025-01-01,105,11,1095,0
2025-01-01,105,12,996,0
2025-01-01,105,13,434,0
2025-01-01,105,14,1056,1
2025-01-01,105,15,684,0
2025-01-01,106,1,1624,0
2025-01-01,106,2,732,0
2025-01-01,106,4,1015,0
2025-01-01,106,5,847,1
2025-01-01,106,6,662,0
2025-01-01,106,7,544,0
2025-01-01,106,8,925,1
2025-01-01,106,9,1450,0
2025-01-01,106,10,1535,1
2025-01-01,106,11,999,0
2025-01-01,106,13,498,0
2025-01-01,106,14,762,0
2025-01-01,106,15,897,1
2025-01-01,108,1,1419,0
2025-01-01,108,2,738,0
2025-01-01,108,3,1132,0
2025-01-01,108,4,1064,0
2025-01-01,108,5,576,0
2025-01-01,108,6,755,0
2025-01-01,108,7,597,0
2025-01-01,108,8,793,0
2025-01-01,108,9,1302,0
2025-01-01,108,10,1368,1
2025-01-01,108,11,1064,0
2025-01-01,108,12,899,0
2025-01-01,108,13,410,0
2025-01-01,108,14,785,0
2025-01-01,108,15,578,0
2025-01-01,109,1,933,0
2025-01-01,109,2,479,0
2025-01-01,109,3,650,0
2025-01-01,109,4,819,0
2025-01-01,109,5,933,1
2025-01-01,109,7,376,0
2025-01-01,109,8,883,1
2025-01-01,109,9,921,0
2025-01-01,109,10,767,0
2025-01-01,109,11,754,0
2025-01-01,109,12,695,0
2025-01-01,109,13,285,0
2025-01-01,109,14,1191,1
2025-01-01,109,15,464,0
2025-01-01,110,2,514,0
2025-01-01,110,3,691,0
2025-01-01,110,4,827,0
2025-01-01,110,5,433,0
2025-01-01,110,6,523,0
2025-01-01,110,7,407,0
2025-01-01,110,8,1122,1
2025-01-01,110,9,983,0
2025-01-01,110,10,793,0
2025-01-01,110,11,657,0
2025-01-01,110,12,1222,1
2025-01-01,110,14,530,0
2025-01-01,110,15,414,0
2025-01-01,111,1,1116,0
2025-01-01,111,2,437,0
2025-01-01,111,3,720,0
2025-01-01,111,4,690,0
2025-01-01,111,5,447,0
2025-01-01,111,6,810,1
2025-01-01,111,7,787,1
2025-01-01,111,8,548,0
2025-01-01,111,9,888,0
2025-01-01,111,10,1329,1
2025-01-01,111,12,682,0
2025-01-01,111,13,294,0
2025-01-01,111,14,581,0
2025-01-01,111,15,875,1
2025-01-01,112,1,960,0
2025-01-01,112,2,480,0
2025-01-01,112,3,695,0
2025-01-01,112,4,810,0
2025-01-01,112,5,654,1
2025-01-01,112,6,437,0
2025-01-01,112,7,879,1
2025-01-01,112,8,453,0
2025-01-01,112,9,1624,1
2025-01-01,112,10,686,0
2025-01-01,112,11,1463,1
2025-01-01,112,12,578,0
2025-01-01,112,14,503,0
2025-01-01,112,15,405,0
2025-01-01,113,1,2233,1
2025-01-01,113,3,620,0
2025-01-01,113,4,1489,1
2025-01-01,113,5,788,1
2025-01-01,113,6,424,0
2025-01-01,113,7,744,1
2025-01-01,113,8,1054,1
2025-01-01,113,9,850,0
2025-01-01,113,11,814,0
2025-01-01,113,12,675,0
2025-01-01,113,13,622,1
2025-01-01,113,14,473,0
2025-01-01,113,15,875,1
2025-01-01,114,1,998,0
2025-01-01,114,2,447,0
2025-01-01,114,3,618,0
2025-01-01,114,4,1545,1
2025-01-01,114,5,443,0
2025-01-01,114,6,456,0
2025-01-01,114,7,409,0
2025-01-01,114,8,465,0
2025-01-01,114,9,887,0
2025-01-01,114,10,731,0
2025-01-01,114,12,664,0
2025-01-01,114,14,1206,1
2025-01-01,114,15,402,0
2025-01-01,116,2,439,0
2025-01-01,116,3,770,0
2025-01-01,116,4,752,0
2025-01-01,116,5,381,0
2025-01-01,116,6,468,0
2025-01-01,116,7,449,0
2025-01-01,116,8,456,0
2025-01-01,116,9,1009,0
2025-01-01,116,10,1245,1
2025-01-01,116,11,767,0
2025-01-01,116,12,572,0
2025-01-01,116,14,489,0
2025-01-01,116,15,887,1
2025-01-01,117,1,775,0
2025-01-01,117,2,344,0
2025-01-01,117,3,450,0
2025-01-01,117,4,521,0
2025-01-01,117,5,308,0
2025-01-01,117,7,318,0
2025-01-01,117,8,321,0
2025-01-01,117,9,741,1
2025-01-01,117,10,564,0
2025-01-01,117,11,646,1
2025-01-01,117,12,391,0
2025-01-01,117,14,354,0
2025-01-01,117,15,288,0
2025-01-01,118,1,1002,1
2025-01-01,118,2,305,0
2025-01-01,118,3,429,0
2025-01-01,118,4,502,0
2025-01-01,118,5,300,0
2025-01-01,118,6,366,0
2025-01-01,118,7,288,0
2025-01-01,118,8,367,0
2025-01-01,118,9,644,0
2025-01-01,118,10,570,0
2025-01-01,118,11,558,0
2025-01-01,118,12,412,0
2025-01-01,118,13,343,1
2025-01-01,118,14,389,0
2025-01-01,118,15,278,0
2025-01-01,119,1,655,0
2025-01-01,119,2,321,0
2025-01-01,119,3,470,0
2025-01-01,119,4,548,0
2025-01-01,119,5,310,0
2025-01-01,119,6,359,0
2025-01-01,119,8,325,0
2025-01-01,119,9,927,1
2025-01-01,119,10,520,0
2025-01-01,119,11,505,0
2025-01-01,119,12,504,1
2025-01-01,119,13,239,0
2025-01-01,119,14,336,0
2025-01-01,119,15,319,0
2025-01-01,120,1,775,0
2025-01-01,120,2,367,0
2025-01-01,120,3,485,0
2025-01-01,120,5,254,0
2025-01-01,120,6,342,0
2025-01-01,120,7,317,0
2025-01-01,120,8,307,0
2025-01-01,120,9,576,0
2025-01-01,120,10,517,0
2025-01-01,120,11,536,0
2025-01-01,120,12,468,0
2025-01-01,120,13,196,0
2025-01-01,120,14,338,0
2025-01-01,121,1,650,0
2025-01-01,121,2,431,1
2025-01-01,121,3,430,0
2025-01-01,121,4,476,0
2025-01-01,121,5,294,0
2025-01-01,121,6,320,0
2025-01-01,121,7,270,0
2025-01-01,121,8,347,0
2025-01-01,121,9,595,0
2025-01-01,121,10,561,0
2025-01-01,121,11,541,0
2025-01-01,121,12,404,0
2025-01-01,121,13,248,0
2025-01-01,121,14,402,0
2025-01-01,122,1,642,0
2025-01-01,122,2,346,0
2025-01-01,122,3,484,0
2025-01-01,122,4,524,0
2025-01-01,122,5,272,0
2025-01-01,122,6,352,0
2025-01-01,122,7,283,0
2025-01-01,122,8,388,0
2025-01-01,122,9,669,0
2025-01-01,122,10,535,0
2025-01-01,122,11,467,0
2025-01-01,122,12,450,0
2025-01-01,122,13,241,0
2025-01-01,122,14,352,0
2025-01-01,122,15,332,0
2025-01-01,124,1,752,0
2025-01-01,124,2,439,1
2025-01-01,124,3,483,0
2025-01-01,124,4,483,0
2025-01-01,124,5,265,0
2025-01-01,124,6,350,0
2025-01-01,124,7,259,0
2025-01-01,124,8,342,0
2025-01-01,124,9,616,0
2025-01-01,124,10,470,0
2025-01-01,124,11,485,0
2025-01-01,124,12,465,0
2025-01-01,124,13,222,0
2025-01-01,124,14,375,0
2025-01-01,124,15,399,1
2025-01-01,125,1,704,0
2025-01-01,125,2,326,0
2025-01-01,125,3,415,0
2025-01-01,125,4,522,0
2025-01-01,125,5,223,0
2025-01-01,125,6,335,0
2025-01-01,125,7,282,0
2025-01-01,125,8,297,0
2025-01-01,125,9,627,0
2025-01-01,125,10,441,0
2025-01-01,125,11,409,0
2025-01-01,125,12,358,0
2025-01-01,125,13,195,0
2025-01-01,125,14,301,0
2025-01-01,125,15,275,0
2025-01-01,126,1,724,0
2025-01-01,126,3,485,0
2025-01-01,126,4,464,0
2025-01-01,126,5,263,0
2025-01-01,126,6,297,0
2025-01-01,126,7,276,0
2025-01-01,126,8,305,0
2025-01-01,126,9,637,0
2025-01-01,126,10,489,0
2025-01-01,126,12,591,1
2025-01-01,126,13,193,0
2025-01-01,126,14,399,1
2025-01-01,126,15,280,0
2025-01-01,127,1,958,1
2025-01-01,127,2,305,0
2025-01-01,127,4,496,0
2025-01-01,127,5,279,0
2025-01-01,127,6,377,1
2025-01-01,127,7,237,0
2025-01-01,127,8,342,0
2025-01-01,127,9,542,0
2025-01-01,127,10,428,0
2025-01-01,127,11,458,0
2025-01-01,127,12,433,0
2025-01-01,127,14,351,0
2025-01-01,127,15,268,0
2025-01-01,128,1,582,0
2025-01-01,128,2,288,0
2025-01-01,128,3,478,0
2025-01-01,128,4,503,0
2025-01-01,128,5,374,1
2025-01-01,128,6,325,0
2025-01-01,128,7,229,0
2025-01-01,128,8,303,0
2025-01-01,128,9,541,0
2025-01-01,128,10,447,0
2025-01-01,128,11,424,0
2025-01-01,128,12,428,0
2025-01-01,128,13,195,0
2025-01-01,128,15,269,0
2025-01-01,129,1,682,0
2025-01-01,129,2,278,0
2025-01-01,129,3,459,0
2025-01-01,129,4,476,0
2025-01-01,129,5,252,0
2025-01-01,129,6,454,1
2025-01-01,129,7,278,0
2025-01-01,129,8,287,0
2025-01-01,129,9,750,1
2025-01-01,129,10,449,0
2025-01-01,129,11,435,0
2025-01-01,129,12,430,0
2025-01-01,129,13,181,0
2025-01-01,129,14,368,0
2025-01-01,129,15,262,0
2025-01-01,130,1,709,0
2025-01-01,130,2,337,0
2025-01-01,130,3,421,0
2025-01-01,130,4,423,0
2025-01-01,130,5,337,1
2025-01-01,130,6,306,0
2025-01-01,130,7,233,0
2025-01-01,130,8,341,0
2025-01-01,130,9,620,0
2025-01-01,130,10,449,0
2025-01-01,130,11,457,0
2025-01-01,130,12,421,0
2025-01-01,130,13,184,0
2025-01-01,130,14,299,0
2025-01-01,130,15,276,0
2025-01-01,132,1,699,0
2025-01-01,132,2,322,0
2025-01-01,132,3,409,0
2025-01-01,132,4,436,0
2025-01-01,132,6,323,0
2025-01-01,132,7,247,0
2025-01-01,132,8,280,0
2025-01-01,132,9,614,0
2025-01-01,132,10,515,0
2025-01-01,132,11,466,0
2025-01-01,132,12,496,1
2025-01-01,132,14,313,0
2025-01-01,132,15,366,1
2025-01-01,133,1,832,0
2025-01-01,133,2,315,0
2025-01-01,133,3,502,0
2025-01-01,133,4,544,0
2025-01-01,133,5,254,0
2025-01-01,133,6,343,0
2025-01-01,133,7,271,0
2025-01-01,133,8,381,0
2025-01-01,133,9,581,0
2025-01-01,133,10,559,0
2025-01-01,133,11,558,0
2025-01-01,133,12,488,0
2025-01-01,133,13,201,0
2025-01-01,133,14,367,0
2025-01-01,133,15,316,0
2025-01-01,134,1,720,0
2025-01-01,134,2,310,0
2025-01-01,134,3,710,1
2025-01-01,134,4,494,0
2025-01-01,134,5,283,0
2025-01-01,134,6,484,1
2025-01-01,134,7,312,0
2025-01-01,134,8,370,0
2025-01-01,134,9,729,0
2025-01-01,134,10,560,0
2025-01-01,134,11,511,0
2025-01-01,134,12,439,0
2025-01-01,134,13,266,1
2025-01-01,134,14,356,0
2025-01-01,134,15,281,0
2025-01-01,135,1,831,0
2025-01-01,135,2,311,0
2025-01-01,135,3,520,0
2025-01-01,135,4,475,0
2025-01-01,135,5,283,0
2025-01-01,135,6,375,0
2025-01-01,135,7,416,1
2025-01-01,135,8,373,0
2025-01-01,135,9,608,0
2025-01-01,135,10,485,0
2025-01-01,135,11,492,0
2025-01-01,135,12,413,0
2025-01-01,135,13,255,0
2025-01-01,135,14,503,1
2025-01-01,135,15,303,0
2025-01-01,136,2,354,0
2025-01-01,136,3,522,0
2025-01-01,136,4,483,0
2025-01-01,136,5,286,0
2025-01-01,136,6,442,1
2025-01-01,136,7,262,0
2025-01-01,136,8,351,0
2025-01-01,136,9,643,0
2025-01-01,136,10,483,0
2025-01-01,136,11,502,0
2025-01-01,136,12,424,0
2025-01-01,136,13,202,0
2025-01-01,136,14,387,0
2025-01-01,136,15,495,1
2025-01-01,137,1,663,0
2025-01-01,137,4,589,0
2025-01-01,137,5,263,0
2025-01-01,137,6,363,0
2025-01-01,137,7,275,0
2025-01-01,137,9,582,0
2025-01-01,137,10,506,0
2025-01-01,137,11,465,0
2025-01-01,137,12,400,0
2025-01-01,137,13,245,0
2025-01-01,137,14,347,0
2025-01-01,137,15,304,0
2025-01-01,138,1,820,0
2025-01-01,138,2,345,0
2025-01-01,138,3,522,0
2025-01-01,138,4,566,0
2025-01-01,138,5,310,0
2025-01-01,138,6,335,0
2025-01-01,138,8,378,0
2025-01-01,138,9,596,0
2025-01-01,138,10,556,0
2025-01-01,138,11,471,0
2025-01-01,138,12,438,0
2025-01-01,138,13,235,0
2025-01-01,138,14,359,0
2025-01-01,138,15,315,0
2025-01-01,140,1,687,0
2025-01-01,140,2,353,0
2025-01-01,140,3,506,0
2025-01-01,140,4,593,0
2025-01-01,140,5,279,0
2025-01-01,140,7,275,0
2025-01-01,140,8,387,0
2025-01-01,140,9,682,0
2025-01-01,140,10,493,0
2025-01-01,140,11,553,0
2025-01-01,140,12,444,0
2025-01-01,140,13,286,1
2025-01-01,140,14,362,0
2025-01-01,140,15,293,0
2025-02-01,101,1,2301,1
2025-02-01,101,2,655,0
2025-02-01,101,3,1036,0
2025-02-01,101,4,1170,0
2025-02-01,101,5,642,0
2025-02-01,101,6,689,0
2025-02-01,101,7,633,0
2025-02-01,101,8,656,0
2025-02-01,101,9,1257,0
2025-02-01,101,10,1180,0
2025-02-01,101,11,1136,0
2025-02-01,101,12,926,0
2025-02-01,101,13,480,0
2025-02-01,101,14,726,0
2025-02-01,101,15,659,0
2025-02-01,102,1,1474,0
2025-02-01,102,2,961,1
2025-02-01,102,3,961,0
2025-02-01,102,4,1083,0
2025-02-01,102,5,587,0
2025-02-01,102,6,773,0
2025-02-01,102,7,641,0
2025-02-01,102,8,643,0
2025-02-01,102,9,1216,0
2025-02-01,102,10,1019,0
2025-02-01,102,11,1171,0
2025-02-01,102,12,1154,1
2025-02-01,102,13,449,0
2025-02-01,102,14,753,0
2025-02-01,102,15,630,0
2025-02-01,103,1,1506,0
2025-02-01,103,2,737,0
2025-02-01,103,3,916,0
2025-02-01,103,4,1016,0
2025-02-01,103,5,593,0
2025-02-01,103,6,712,0
2025-02-01,103,7,646,0
2025-02-01,103,8,710,0
2025-02-01,103,9,1286,0
2025-02-01,103,10,1034,0
2025-02-01,103,11,1577,1
2025-02-01,103,13,586,1
2025-02-01,103,14,724,0
2025-02-01,103,15,613,0
2025-02-01,104,1,2029,1
2025-02-01,104,4,989,0
2025-02-01,104,5,757,1
2025-02-01,104,6,750,0
2025-02-01,104,8,708,0
2025-02-01,104,9,1477,0
2025-02-01,104,11,991,0
2025-02-01,104,12,1347,1
2025-02-01,104,13,433,0
2025-02-01,104,14,764,0
2025-02-01,105,1,1446,0
2025-02-01,105,2,633,0
2025-02-01,105,3,1470,1
2025-02-01,105,4,1003,0
2025-02-01,105,5,638,0
2025-02-01,105,6,681,0
2025-02-01,105,7,792,1
2025-02-01,105,8,749,0
2025-02-01,105,10,959,0
2025-02-01,105,11,1078,0
2025-02-01,105,12,991,0
2025-02-01,105,13,431,0
2025-02-01,105,14,852,0
2025-02-01,105,15,615,0
2025-02-01,106,1,1920,1
2025-02-01,106,2,742,0
2025-02-01,106,3,956,0
2025-02-01,106,4,995,0
2025-02-01,106,5,565,0
2025-02-01,106,6,634,0
2025-02-01,106,7,765,1
2025-02-01,106,8,687,0
2025-02-01,106,9,1177,0
2025-02-01,106,10,1028,0
2025-02-01,106,11,1189,0
2025-02-01,106,12,868,0
2025-02-01,106,13,411,0
2025-02-01,106,14,728,0
2025-02-01,106,15,633,0
2025-02-01,108,1,1575,0
2025-02-01,108,2,686,0
2025-02-01,108,3,961,0
2025-02-01,108,4,1049,0
2025-02-01,108,5,604,0
2025-02-01,108,6,654,0
2025-02-01,108,7,624,0
2025-02-01,108,8,737,0
2025-02-01,108,9,1197,0
2025-02-01,108,10,963,0
2025-02-01,108,11,1103,0
2025-02-01,108,14,718,0
2025-02-01,108,15,838,1
2025-02-01,109,1,1135,0
2025-02-01,109,2,447,0
2025-02-01,109,3,621,0
2025-02-01,109,4,1291,1
2025-02-01,109,5,374,0
2025-02-01,109,6,497,0
2025-02-01,109,8,547,0
2025-02-01,109,9,849,0
2025-02-01,109,10,799,0
2025-02-01,109,11,789,0
2025-02-01,109,12,624,0
2025-02-01,109,13,299,0
2025-02-01,109,14,577,0
2025-02-01,110,1,1896,1
2025-02-01,110,2,499,0
2025-02-01,110,3,696,0
2025-02-01,110,4,711,0
2025-02-01,110,5,355,0
2025-02-01,110,6,436,0
2025-02-01,110,7,368,0
2025-02-01,110,8,532,0
2025-02-01,110,9,898,0
2025-02-01,110,10,1284,1
2025-02-01,110,13,356,0
2025-02-01,110,14,1048,1
2025-02-01,110,15,445,0
2025-02-01,111,1,1067,0
2025-02-01,111,2,784,1
2025-02-01,111,3,744,0
2025-02-01,111,4,1402,1
2025-02-01,111,5,432,0
2025-02-01,111,6,859,1
2025-02-01,111,8,523,0
2025-02-01,111,9,828,0
2025-02-01,111,10,701,0
2025-02-01,111,11,654,0
2025-02-01,111,12,648,0
2025-02-01,111,13,557,1
2025-02-01,111,14,529,0
2025-02-01,112,1,965,0
2025-02-01,112,2,1045,1
2025-02-01,112,3,751,0
2025-02-01,112,4,779,0
2025-02-01,112,5,729,1
2025-02-01,112,6,421,0
2025-02-01,112,7,389,0
2025-02-01,112,8,1037,1
2025-02-01,112,9,1012,0
2025-02-01,112,10,692,0
2025-02-01,112,11,768,0
2025-02-01,112,12,569,0
2025-02-01,112,14,487,0
2025-02-01,113,1,1842,1
2025-02-01,113,2,929,1
2025-02-01,113,3,777,0
2025-02-01,113,5,803,1
2025-02-01,113,6,509,0
2025-02-01,113,7,395,0
2025-02-01,113,8,443,0
2025-02-01,113,9,937,0
2025-02-01,113,10,761,0
2025-02-01,113,11,1326,1
2025-02-01,113,12,572,0
2025-02-01,113,13,348,0
2025-02-01,113,14,523,0
2025-02-01,114,2,929,1
2025-02-01,114,3,782,0
2025-02-01,114,4,813,0
2025-02-01,114,5,792,1
2025-02-01,114,6,459,0
2025-02-01,114,7,410,0
2025-02-01,114,9,874,0
2025-02-01,114,10,700,0
2025-02-01,114,11,723,0
2025-02-01,114,13,355,0
2025-02-01,114,14,1070,1
2025-02-01,114,15,477,0
2025-02-01,116,1,2100,1
2025-02-01,116,3,678,0
2025-02-01,116,4,778,0
2025-02-01,116,6,469,0
2025-02-01,116,7,786,1
2025-02-01,116,8,522,0
2025-02-01,116,9,991,0
2025-02-01,116,10,738,0
2025-02-01,116,11,778,0
2025-02-01,116,12,633,0
2025-02-01,116,13,313,0
2025-02-01,116,14,502,0
2025-02-01,117,1,776,0
2025-02-01,117,2,338,0
2025-02-01,117,3,493,0
2025-02-01,117,4,564,0
2025-02-01,117,5,248,0
2025-02-01,117,6,322,0
2025-02-01,117,7,294,0
2025-02-01,117,9,943,1
2025-02-01,117,10,558,0
2025-02-01,117,11,563,0
2025-02-01,117,12,401,0
2025-02-01,117,13,246,0
2025-02-01,117,14,395,0
2025-02-01,117,15,300,0
2025-02-01,118,1,720,0
2025-02-01,118,2,326,0
2025-02-01,118,3,488,0
2025-02-01,118,5,305,0
2025-02-01,118,6,430,1
2025-02-01,118,7,257,0
2025-02-01,118,8,308,0
2025-02-01,118,9,569,0
2025-02-01,118,10,563,0
2025-02-01,118,11,543,0
2025-02-01,118,13,231,0
2025-02-01,118,14,393,0
2025-02-01,118,15,280,0
2025-02-01,119,1,727,0
2025-02-01,119,2,334,0
2025-02-01,119,3,490,0
2025-02-01,119,4,502,0
2025-02-01,119,5,308,0
2025-02-01,119,6,318,0
2025-02-01,119,7,255,0
2025-02-01,119,8,325,0
2025-02-01,119,9,626,0
2025-02-01,119,10,525,0
2025-02-01,119,11,501,0
2025-02-01,119,12,488,0
2025-02-01,119,13,248,0
2025-02-01,119,15,310,0
2025-02-01,120,1,945,1
2025-02-01,120,2,324,0
2025-02-01,120,3,493,0
2025-02-01,120,4,549,0
2025-02-01,120,5,296,0
2025-02-01,120,6,476,1
2025-02-01,120,7,263,0
2025-02-01,120,8,465,1
2025-02-01,120,9,563,0
2025-02-01,120,10,528,0
2025-02-01,120,12,409,0
2025-02-01,120,13,231,0
2025-02-01,120,14,358,0
2025-02-01,120,15,315,0
2025-02-01,121,2,308,0
2025-02-01,121,4,491,0
2025-02-01,121,5,275,0
2025-02-01,121,6,425,1
2025-02-01,121,7,280,0
2025-02-01,121,8,388,0
2025-02-01,121,9,667,0
2025-02-01,121,10,544,0
2025-02-01,121,11,529,0
2025-02-01,121,12,475,0
2025-02-01,121,13,343,1
2025-02-01,121,14,359,0
2025-02-01,121,15,343,0
2025-02-01,122,2,319,0
2025-02-01,122,4,545,0
2025-02-01,122,5,301,0
2025-02-01,122,6,341,0
2025-02-01,122,7,297,0
2025-02-01,122,8,465,1
2025-02-01,122,11,453,0
2025-02-01,122,12,397,0
2025-02-01,122,13,319,1
2025-02-01,122,14,344,0
2025-02-01,122,15,386,1
2025-02-01,124,1,770,0
2025-02-01,124,3,490,0
2025-02-01,124,4,532,0
2025-02-01,124,5,376,1
2025-02-01,124,6,340,0
2025-02-01,124,7,278,0
2025-02-01,124,8,323,0
2025-02-01,124,9,671,0
2025-02-01,124,10,734,1
2025-02-01,124,11,513,0
2025-02-01,124,12,604,1
2025-02-01,124,14,371,0
2025-02-01,124,15,274,0
2025-02-01,125,1,639,0
2025-02-01,125,2,298,0
2025-02-01,125,3,442,0
2025-02-01,125,5,213,0
2025-02-01,125,6,267,0
2025-02-01,125,7,213,0
2025-02-01,125,8,269,0
2025-02-01,125,9,521,0
2025-02-01,125,10,446,0
2025-02-01,125,11,410,0
2025-02-01,125,12,323,0
2025-02-01,125,13,195,0
2025-02-01,125,14,346,0
2025-02-01,126,1,650,0
2025-02-01,126,2,249,0
2025-02-01,126,3,430,0
2025-02-01,126,4,456,0
2025-02-01,126,5,249,0
2025-02-01,126,6,253,0
2025-02-01,126,7,251,0
2025-02-01,126,8,281,0
2025-02-01,126,9,519,0
2025-02-01,126,10,389,0
2025-02-01,126,11,424,0
2025-02-01,126,12,358,0
2025-02-01,126,13,181,0
2025-02-01,126,15,227,0
2025-02-01,127,2,250,0
2025-02-01,127,3,358,0
2025-02-01,127,4,470,0
2025-02-01,127,5,260,0
2025-02-01,127,7,219,0
2025-02-01,127,8,279,0
2025-02-01,127,9,529,0
2025-02-01,127,10,437,0
2025-02-01,127,11,445,0
2025-02-01,127,12,327,0
2025-02-01,127,13,170,0
2025-02-01,127,14,335,0
2025-02-01,127,15,247,0
2025-02-01,128,1,623,0
2025-02-01,128,2,293,0
2025-02-01,128,3,385,0
2025-02-01,128,4,393,0
2025-02-01,128,6,284,0
2025-02-01,128,7,223,0
2025-02-01,128,8,309,0
2025-02-01,128,9,581,0
2025-02-01,128,10,391,0
2025-02-01,128,11,410,0
2025-02-01,128,12,517,1
2025-02-01,128,13,177,0
2025-02-01,128,14,297,0
2025-02-01,128,15,253,0
2025-02-01,129,1,843,1
2025-02-01,129,3,499,1
2025-02-01,129,5,241,0
2025-02-01,129,6,250,0
2025-02-01,129,7,236,0
2025-02-01,129,9,479,0
2025-02-01,129,10,421,0
2025-02-01,129,11,478,0
2025-02-01,129,12,331,0
2025-02-01,129,13,208,0
2025-02-01,129,14,396,1
2025-02-01,129,15,357,1
2025-02-01,130,1,678,0
2025-02-01,130,2,271,0
2025-02-01,130,3,443,0
2025-02-01,130,4,414,0
2025-02-01,130,5,243,0
2025-02-01,130,6,245,0
2025-02-01,130,7,289,1
2025-02-01,130,8,289,0
2025-02-01,130,9,501,0
2025-02-01,130,11,395,0
2025-02-01,130,12,344,0
2025-02-01,130,13,194,0
2025-02-01,130,14,333,0
2025-02-01,130,15,280,0
2025-02-01,132,1,956,1
2025-02-01,132,2,298,0
2025-02-01,132,3,402,0
2025-02-01,132,4,400,0
2025-02-01,132,5,218,0
2025-02-01,132,6,292,0
2025-02-01,132,7,213,0
2025-02-01,132,8,296,0
2025-02-01,132,9,478,0
2025-02-01,132,10,458,0
2025-02-01,132,11,400,0
2025-02-01,132,12,375,0
2025-02-01,132,13,164,0
2025-02-01,132,14,298,0
2025-02-01,132,15,269,0
2025-02-01,133,1,823,0
2025-02-01,133,2,356,0
2025-02-01,133,3,553,0
2025-02-01,133,4,804,1
2025-02-01,133,5,262,0
2025-02-01,133,6,351,0
2025-02-01,133,7,293,0
2025-02-01,133,8,394,0
2025-02-01,133,9,687,0
2025-02-01,133,11,556,0
2025-02-01,133,13,278,1
2025-02-01,133,14,484,1
2025-02-01,133,15,326,0
2025-02-01,134,1,774,0
2025-02-01,134,2,304,0
2025-02-01,134,3,519,0
2025-02-01,134,4,564,0
2025-02-01,134,5,281,0
2025-02-01,134,6,369,0
2025-02-01,134,7,318,0
2025-02-01,134,8,383,0
2025-02-01,134,9,710,0
2025-02-01,134,10,582,0
2025-02-01,134,11,473,0
2025-02-01,134,12,460,0
2025-02-01,134,13,230,0
2025-02-01,134,14,408,0
2025-02-01,134,15,342,0
2025-02-01,135,1,766,0
2025-02-01,135,3,490,0
2025-02-01,135,4,507,0
2025-02-01,135,5,293,0
2025-02-01,135,6,367,0
2025-02-01,135,7,274,0
2025-02-01,135,8,365,0
2025-02-01,135,9,593,0
2025-02-01,135,10,579,0
2025-02-01,135,11,548,0
2025-02-01,135,12,427,0
2025-02-01,135,13,202,0
2025-02-01,135,14,378,0
2025-02-01,135,15,345,0
2025-02-01,136,1,765,0
2025-02-01,136,2,376,0
2025-02-01,136,3,550,0
2025-02-01,136,4,526,0
2025-02-01,136,5,310,0
2025-02-01,136,6,374,0
2025-02-01,136,7,304,0
2025-02-01,136,8,549,1
2025-02-01,136,9,585,0
2025-02-01,136,10,487,0
2025-02-01,136,11,511,0
2025-02-01,136,12,458,0
2025-02-01,136,13,216,0
2025-02-01,136,15,330,0
2025-02-01,137,1,802,0
2025-02-01,137,2,319,0
2025-02-01,137,4,487,0
2025-02-01,137,5,309,0
2025-02-01,137,7,286,0
2025-02-01,137,8,514,1
2025-02-01,137,9,641,0
2025-02-01,137,10,578,0
2025-02-01,137,11,559,0
2025-02-01,137,12,406,0
2025-02-01,137,13,225,0
2025-02-01,138,1,800,0
2025-02-01,138,2,310,0
2025-02-01,138,3,488,0
2025-02-01,138,4,487,0
2025-02-01,138,5,270,0
2025-02-01,138,6,338,0
2025-02-01,138,7,318,0
2025-02-01,138,8,392,0
2025-02-01,138,9,995,1
2025-02-01,138,10,554,0
2025-02-01,138,11,516,0
2025-02-01,138,13,216,0
2025-02-01,138,14,375,0
2025-02-01,138,15,304,0
2025-02-01,140,2,302,0
2025-02-01,140,3,528,0
2025-02-01,140,4,469,0
2025-02-01,140,5,308,0
2025-02-01,140,6,369,0
2025-02-01,140,7,293,0
2025-02-01,140,8,327,0
2025-02-01,140,9,638,0
2025-02-01,140,10,613,1
2025-02-01,140,11,512,0
2025-02-01,140,12,451,0
2025-02-01,140,13,228,0
2025-02-01,140,14,360,0
2025-03-01,101,1,1621,0
2025-03-01,101,3,935,0
2025-03-01,101,4,1121,0
2025-03-01,101,5,682,1
2025-03-01,101,6,738,0
2025-03-01,101,7,648,0
2025-03-01,101,9,1189,0
2025-03-01,101,10,1112,0
2025-03-01,101,11,1064,0
2025-03-01,101,12,832,0
2025-03-01,101,13,457,0
2025-03-01,101,14,785,0
2025-03-01,101,15,920,1
2025-03-01,102,1,1578,0
2025-03-01,102,2,734,0
2025-03-01,102,3,933,0
2025-03-01,102,4,1204,0
2025-03-01,102,5,564,0
2025-03-01,102,6,737,0
2025-03-01,102,7,596,0
2025-03-01,102,8,788,0
2025-03-01,102,9,1299,0
2025-03-01,102,10,1110,0
2025-03-01,102,11,1042,0
2025-03-01,102,12,1003,0
2025-03-01,102,13,466,0
2025-03-01,102,14,758,0
2025-03-01,102,15,616,0
2025-03-01,103,1,1351,0
2025-03-01,103,2,623,0
2025-03-01,103,3,1010,0
2025-03-01,103,4,1102,0
2025-03-01,103,5,545,0
2025-03-01,103,6,617,0
2025-03-01,103,7,588,0
2025-03-01,103,8,765,0
2025-03-01,103,9,1391,0
2025-03-01,103,10,1194,0
2025-03-01,103,11,964,0
2025-03-01,103,12,876,0
2025-03-01,103,13,520,0
2025-03-01,103,14,804,0
2025-03-01,104,1,1531,0
2025-03-01,104,2,824,1
2025-03-01,104,3,1135,0
2025-03-01,104,4,996,0
2025-03-01,104,5,550,0
2025-03-01,104,6,699,0
2025-03-01,104,7,625,0
2025-03-01,104,8,744,0
2025-03-01,104,9,1476,0
2025-03-01,104,10,1103,0
2025-03-01,104,11,1549,1
2025-03-01,104,12,980,0
2025-03-01,104,13,483,0
2025-03-01,104,14,712,0
2025-03-01,104,15,643,0
2025-03-01,105,1,1621,0
2025-03-01,105,2,861,1
2025-03-01,105,3,930,0
2025-03-01,105,4,1109,0
2025-03-01,105,5,612,0
2025-03-01,105,6,721,0
2025-03-01,105,7,533,0
2025-03-01,105,8,971,1
2025-03-01,105,9,1427,0
2025-03-01,105,10,990,0
2025-03-01,105,11,1152,0
2025-03-01,105,12,975,0
2025-03-01,105,13,508,0
2025-03-01,105,14,805,0
2025-03-01,105,15,635,0
2025-03-01,106,1,1578,0
2025-03-01,106,2,712,0
2025-03-01,106,3,1067,0
2025-03-01,106,4,1435,1
2025-03-01,106,5,557,0
2025-03-01,106,6,620,0
2025-03-01,106,7,549,0
2025-03-01,106,8,696,0
2025-03-01,106,10,970,0
2025-03-01,106,11,1187,0
2025-03-01,106,12,1191,1
2025-03-01,106,13,459,0
2025-03-01,106,15,718,0
2025-03-01,108,1,1473,0
2025-03-01,108,2,761,0
2025-03-01,108,3,1117,0
2025-03-01,108,4,1062,0
2025-03-01,108,5,627,0
2025-03-01,108,7,573,0
2025-03-01,108,8,756,0
2025-03-01,108,9,1479,0
2025-03-01,108,10,982,0
2025-03-01,108,11,1117,0
2025-03-01,108,12,1018,0
2025-03-01,108,13,414,0
2025-03-01,108,14,1171,1
2025-03-01,108,15,721,0
2025-03-01,109,1,2030,1
2025-03-01,109,2,930,1
2025-03-01,109,3,749,0
2025-03-01,109,5,723,1
2025-03-01,109,6,787,1
2025-03-01,109,7,416,0
2025-03-01,109,8,499,0
2025-03-01,109,9,944,0
2025-03-01,109,10,707,0
2025-03-01,109,11,664,0
2025-03-01,109,12,639,0
2025-03-01,109,13,350,0
2025-03-01,109,14,511,0
2025-03-01,109,15,465,0
2025-03-01,110,2,437,0
2025-03-01,110,3,620,0
2025-03-01,110,4,784,0
2025-03-01,110,5,417,0
2025-03-01,110,6,509,0
2025-03-01,110,8,517,0
2025-03-01,110,9,936,0
2025-03-01,110,10,792,0
2025-03-01,110,11,725,0
2025-03-01,110,12,1418,1
2025-03-01,110,13,282,0
2025-03-01,110,14,591,0
2025-03-01,110,15,489,0
2025-03-01,111,1,956,0
2025-03-01,111,2,444,0
2025-03-01,111,3,1343,1
2025-03-01,111,4,695,0
2025-03-01,111,5,424,0
2025-03-01,111,6,491,0
2025-03-01,111,7,390,0
2025-03-01,111,8,810,1
2025-03-01,111,9,823,0
2025-03-01,111,10,711,0
2025-03-01,111,11,1617,1
2025-03-01,111,12,629,0
2025-03-01,111,13,666,1
2025-03-01,111,14,522,0
2025-03-01,111,15,452,0
2025-03-01,112,1,2027,1
2025-03-01,112,2,448,0
2025-03-01,112,4,797,0
2025-03-01,112,5,447,0
2025-03-01,112,6,428,0
2025-03-01,112,7,952,1
2025-03-01,112,8,471,0
2025-03-01,112,9,849,0
2025-03-01,112,10,1278,1
2025-03-01,112,11,1314,1
2025-03-01,112,12,568,0
2025-03-01,112,13,346,0
2025-03-01,112,14,1056,1
2025-03-01,112,15,453,0
2025-03-01,113,1,1904,1
2025-03-01,113,3,1324,1
2025-03-01,113,4,1593,1
2025-03-01,113,5,811,1
2025-03-01,113,6,784,1
2025-03-01,113,7,751,1
2025-03-01,113,8,554,0
2025-03-01,113,10,1252,1
2025-03-01,113,11,708,0
2025-03-01,113,12,624,0
2025-03-01,113,14,473,0
2025-03-01,113,15,460,0
2025-03-01,114,1,942,0
2025-03-01,114,2,835,1
2025-03-01,114,4,1527,1
2025-03-01,114,5,444,0
2025-03-01,114,6,962,1
2025-03-01,114,7,372,0
2025-03-01,114,8,842,1
2025-03-01,114,9,1876,1
2025-03-01,114,11,809,0
2025-03-01,114,12,576,0
2025-03-01,114,13,631,1
2025-03-01,114,14,489,0
2025-03-01,114,15,866,1
2025-03-01,116,1,1079,0
2025-03-01,116,4,1291,1
2025-03-01,116,5,671,1
2025-03-01,116,6,512,0
2025-03-01,116,7,388,0
2025-03-01,116,8,474,0
2025-03-01,116,9,919,0
2025-03-01,116,10,755,0
2025-03-01,116,11,1366,1
2025-03-01,116,12,1338,1
2025-03-01,116,13,315,0
2025-03-01,116,14,553,0
2025-03-01,116,15,890,1
2025-03-01,117,1,723,0
2025-03-01,117,2,348,0
2025-03-01,117,3,471,0
2025-03-01,117,4,496,0
2025-03-01,117,5,296,0
2025-03-01,117,6,354,0
2025-03-01,117,7,294,0
2025-03-01,117,8,328,0
2025-03-01,117,9,599,0
2025-03-01,117,10,469,0
2025-03-01,117,11,568,0
2025-03-01,117,12,461,0
2025-03-01,117,13,225,0
2025-03-01,117,14,364,0
2025-03-01,117,15,313,0
2025-03-01,118,1,668,0
2025-03-01,118,2,346,0
2025-03-01,118,3,444,0
2025-03-01,118,4,474,0
2025-03-01,118,5,307,0
2025-03-01,118,6,335,0
2025-03-01,118,7,316,0
2025-03-01,118,8,347,0
2025-03-01,118,9,565,0
2025-03-01,118,10,515,0
2025-03-01,118,11,530,0
2025-03-01,118,12,465,0
2025-03-01,118,13,306,1
2025-03-01,118,14,337,0
2025-03-01,118,15,285,0
2025-03-01,119,1,981,1
2025-03-01,119,2,324,0
2025-03-01,119,3,427,0
2025-03-01,119,4,507,0
2025-03-01,119,5,292,0
2025-03-01,119,6,350,0
2025-03-01,119,7,319,0
2025-03-01,119,8,322,0
2025-03-01,119,9,629,0
2025-03-01,119,10,552,0
2025-03-01,119,11,529,0
2025-03-01,119,12,421,0
2025-03-01,119,13,206,0
2025-03-01,119,14,411,0
2025-03-01,119,15,337,0
2025-03-01,120,2,327,0
2025-03-01,120,3,439,0
2025-03-01,120,4,502,0
2025-03-01,120,5,286,0
2025-03-01,120,6,324,0
2025-03-01,120,7,274,0
2025-03-01,120,8,453,1
2025-03-01,120,9,565,0
2025-03-01,120,10,519,0
2025-03-01,120,11,545,0
2025-03-01,120,12,414,0
2025-03-01,120,13,231,0
2025-03-01,120,14,346,0
2025-03-01,120,15,278,0
2025-03-01,121,2,308,0
2025-03-01,121,3,527,0
2025-03-01,121,4,463,0
2025-03-01,121,5,252,0
2025-03-01,121,7,292,0
2025-03-01,121,8,309,0
2025-03-01,121,9,586,0
2025-03-01,121,10,518,0
2025-03-01,121,11,565,0
2025-03-01,121,12,388,0
2025-03-01,121,13,228,0
2025-03-01,121,14,413,0
2025-03-01,121,15,337,0
2025-03-01,122,1,686,0
2025-03-01,122,2,385,1
2025-03-01,122,4,466,0
2025-03-01,122,5,252,0
2025-03-01,122,6,298,0
2025-03-01,122,7,358,1
2025-03-01,122,8,317,0
2025-03-01,122,9,608,0
2025-03-01,122,10,715,1
2025-03-01,122,11,744,1
2025-03-01,122,12,506,1
2025-03-01,122,13,211,0
2025-03-01,122,14,390,0
2025-03-01,122,15,342,0
2025-03-01,124,1,727,0
2025-03-01,124,2,334,0
2025-03-01,124,3,436,0
2025-03-01,124,4,530,0
2025-03-01,124,5,253,0
2025-03-01,124,6,312,0
2025-03-01,124,7,312,0
2025-03-01,124,9,594,0
2025-03-01,124,11,533,0
2025-03-01,124,12,412,0
2025-03-01,124,13,213,0
2025-03-01,124,14,356,0
2025-03-01,125,1,608,0
2025-03-01,125,2,271,0
2025-03-01,125,3,384,0
2025-03-01,125,4,425,0
2025-03-01,125,5,260,0
2025-03-01,125,6,246,0
2025-03-01,125,7,251,0
2025-03-01,125,8,321,0
2025-03-01,125,9,516,0
2025-03-01,125,10,463,0
2025-03-01,125,11,387,0
2025-03-01,125,12,389,0
2025-03-01,125,13,175,0
2025-03-01,125,14,324,0
2025-03-01,125,15,267,0
2025-03-01,126,1,537,0
2025-03-01,126,2,303,0
2025-03-01,126,3,361,0
2025-03-01,126,4,464,0
2025-03-01,126,5,345,1
2025-03-01,126,6,289,0
2025-03-01,126,7,216,0
2025-03-01,126,8,289,0
2025-03-01,126,9,484,0
2025-03-01,126,10,393,0
2025-03-01,126,11,397,0
2025-03-01,126,12,369,0
2025-03-01,126,13,187,0
2025-03-01,126,14,319,0
2025-03-01,127,1,806,1
2025-03-01,127,2,265,0
2025-03-01,127,3,448,0
2025-03-01,127,4,654,1
2025-03-01,127,5,258,0
2025-03-01,127,6,287,0
2025-03-01,127,7,211,0
2025-03-01,127,8,300,0
2025-03-01,127,9,532,0
2025-03-01,127,10,424,0
2025-03-01,127,11,434,0
2025-03-01,127,12,494,1
2025-03-01,127,13,178,0
2025-03-01,127,14,340,0
2025-03-01,127,15,274,0
2025-03-01,128,1,579,0
2025-03-01,128,2,259,0
2025-03-01,128,3,361,0
2025-03-01,128,4,438,0
2025-03-01,128,5,290,1
2025-03-01,128,6,291,0
2025-03-01,128,8,297,0
2025-03-01,128,9,498,0
2025-03-01,128,10,450,0
2025-03-01,128,11,403,0
2025-03-01,128,12,324,0
2025-03-01,128,13,206,0
2025-03-01,128,14,319,0
2025-03-01,128,15,260,0
2025-03-01,129,1,644,0
2025-03-01,129,2,268,0
2025-03-01,129,3,392,0
2025-03-01,129,4,437,0
2025-03-01,129,8,272,0
2025-03-01,129,9,584,0
2025-03-01,129,10,422,0
2025-03-01,129,11,446,0
2025-03-01,129,13,170,0
2025-03-01,129,14,405,1
2025-03-01,129,15,266,0
2025-03-01,130,1,581,0
2025-03-01,130,2,300,0
2025-03-01,130,3,358,0
2025-03-01,130,4,458,0
2025-03-01,130,5,222,0
2025-03-01,130,8,277,0
2025-03-01,130,9,590,0
2025-03-01,130,10,431,0
2025-03-01,130,11,476,0
2025-03-01,130,12,396,0
2025-03-01,130,13,171,0
2025-03-01,130,14,292,0
2025-03-01,130,15,236,0
2025-03-01,132,1,579,0
2025-03-01,132,2,246,0
2025-03-01,132,3,371,0
2025-03-01,132,4,585,1
2025-03-01,132,5,256,0
2025-03-01,132,6,274,0
2025-03-01,132,7,219,0
2025-03-01,132,8,277,0
2025-03-01,132,9,568,0
2025-03-01,132,10,401,0
2025-03-01,132,11,440,0
2025-03-01,132,12,323,0
2025-03-01,132,13,179,0
2025-03-01,132,15,263,0
2025-03-01,133,1,799,0
2025-03-01,133,2,421,1
2025-03-01,133,3,704,1
2025-03-01,133,4,529,0
2025-03-01,133,5,252,0
2025-03-01,133,6,347,0
2025-03-01,133,7,406,1
2025-03-01,133,8,338,0
2025-03-01,133,9,635,0
2025-03-01,133,10,553,0
2025-03-01,133,11,578,0
2025-03-01,133,12,480,0
2025-03-01,133,13,208,0
2025-03-01,133,14,397,0
2025-03-01,133,15,319,0
2025-03-01,134,2,354,0
2025-03-01,134,3,532,0
2025-03-01,134,4,563,0
2025-03-01,134,5,314,0
2025-03-01,134,6,379,0
2025-03-01,134,7,289,0
2025-03-01,134,9,718,0
2025-03-01,134,10,560,0
2025-03-01,134,11,701,1
2025-03-01,134,12,404,0
2025-03-01,134,13,261,1
2025-03-01,134,14,387,0
2025-03-01,134,15,433,1
2025-03-01,135,1,683,0
2025-03-01,135,2,338,0
2025-03-01,135,3,686,1
2025-03-01,135,4,532,0
2025-03-01,135,5,258,0
2025-03-01,135,6,325,0
2025-03-01,135,9,630,0
2025-03-01,135,10,529,0
2025-03-01,135,11,495,0
2025-03-01,135,12,424,0
2025-03-01,135,13,228,0
2025-03-01,135,14,349,0
2025-03-01,135,15,333,0
2025-03-01,136,1,695,0
2025-03-01,136,2,341,0
2025-03-01,136,3,464,0
2025-03-01,136,4,637,1
2025-03-01,136,5,307,0
2025-03-01,136,6,324,0
2025-03-01,136,7,320,0
2025-03-01,136,8,383,0
2025-03-01,136,9,626,0
2025-03-01,136,10,576,0
2025-03-01,136,11,549,0
2025-03-01,136,12,462,0
2025-03-01,136,13,225,0
2025-03-01,136,14,352,0
2025-03-01,136,15,332,0
2025-03-01,137,1,910,1
2025-03-01,137,3,507,0
2025-03-01,137,4,510,0
2025-03-01,137,5,255,0
2025-03-01,137,6,336,0
2025-03-01,137,7,301,0
2025-03-01,137,8,316,0
2025-03-01,137,9,617,0
2025-03-01,137,10,471,0
2025-03-01,137,11,574,0
2025-03-01,137,12,416,0
2025-03-01,137,13,228,0
2025-03-01,137,14,423,0
2025-03-01,137,15,279,0
2025-03-01,138,1,789,0
2025-03-01,138,2,325,0
2025-03-01,138,3,517,0
2025-03-01,138,4,550,0
2025-03-01,138,5,400,1
2025-03-01,138,6,312,0
2025-03-01,138,7,310,0
2025-03-01,138,8,510,1
2025-03-01,138,9,639,0
2025-03-01,138,10,463,0
2025-03-01,138,11,549,0
2025-03-01,138,12,483,0
2025-03-01,138,13,263,1
2025-03-01,138,14,412,0
2025-03-01,138,15,333,0
2025-03-01,140,1,707,0
2025-03-01,140,2,373,0
2025-03-01,140,3,529,0
2025-03-01,140,4,540,0
2025-03-01,140,6,380,0
2025-03-01,140,7,309,0
2025-03-01,140,8,347,0
2025-03-01,140,9,617,0
2025-03-01,140,10,572,0
2025-03-01,140,11,839,1
2025-03-01,140,12,401,0
2025-03-01,140,13,235,0
2025-03-01,140,14,486,1
2025-04-01,101,1,1343,0
2025-04-01,101,2,656,0
2025-04-01,101,3,1023,0
2025-04-01,101,4,968,0
2025-04-01,101,5,587,0
2025-04-01,101,6,733,0
2025-04-01,101,8,898,1
2025-04-01,101,10,1028,0
2025-04-01,101,11,995,0
2025-04-01,101,12,920,0
2025-04-01,101,13,445,0
2025-04-01,101,14,804,0
2025-04-01,102,1,1459,0
2025-04-01,102,2,729,0
2025-04-01,102,3,916,0
2025-04-01,102,4,1652,1
2025-04-01,102,5,598,0
2025-04-01,102,6,645,0
2025-04-01,102,7,542,0
2025-04-01,102,8,811,0
2025-04-01,102,9,1203,0
2025-04-01,102,10,1040,0
2025-04-01,102,11,1080,0
2025-04-01,102,12,821,0
2025-04-01,102,13,506,0
2025-04-01,102,14,726,0
2025-04-01,102,15,651,0
2025-04-01,103,1,1504,0
2025-04-01,103,2,652,0
2025-04-01,103,3,1054,0
2025-04-01,103,4,1025,0
2025-04-01,103,5,526,0
2025-04-01,103,6,667,0
2025-04-01,103,8,687,0
2025-04-01,103,9,1370,0
2025-04-01,103,10,1140,0
2025-04-01,103,12,841,0
2025-04-01,103,13,494,0
2025-04-01,103,14,808,0
2025-04-01,103,15,903,1
2025-04-01,104,2,653,0
2025-04-01,104,3,952,0
2025-04-01,104,4,1001,0
2025-04-01,104,5,592,0
2025-04-01,104,6,752,0
2025-04-01,104,7,559,0
2025-04-01,104,8,806,0
2025-04-01,104,9,1471,0
2025-04-01,104,10,1167,0
2025-04-01,104,11,979,0
2025-04-01,104,12,1009,0
2025-04-01,104,13,416,0
2025-04-01,104,14,1065,1
2025-04-01,104,15,597,0
2025-04-01,105,1,1668,0
2025-04-01,105,2,699,0
2025-04-01,105,3,1003,0
2025-04-01,105,4,1169,0
2025-04-01,105,5,644,0
2025-04-01,105,6,690,0
2025-04-01,105,7,589,0
2025-04-01,105,8,720,0
2025-04-01,105,9,1408,0
2025-04-01,105,10,991,0
2025-04-01,105,11,1428,1
2025-04-01,105,12,869,0
2025-04-01,105,13,486,0
2025-04-01,105,14,804,0
2025-04-01,105,15,697,0
2025-04-01,106,1,1432,0
2025-04-01,106,2,884,1
2025-04-01,106,3,906,0
2025-04-01,106,4,1118,0
2025-04-01,106,5,559,0
2025-04-01,106,6,922,1
2025-04-01,106,7,531,0
2025-04-01,106,9,1406,0
2025-04-01,106,10,1175,0
2025-04-01,106,11,1183,0
2025-04-01,106,12,918,0
2025-04-01,106,13,510,0
2025-04-01,106,14,794,0
2025-04-01,106,15,787,1
2025-04-01,108,1,1494,0
2025-04-01,108,2,702,0
2025-04-01,108,3,1108,0
2025-04-01,108,4,1080,0
2025-04-01,108,5,572,0
2025-04-01,108,6,663,0
2025-04-01,108,7,655,0
2025-04-01,108,8,727,0
2025-04-01,108,9,1972,1
2025-04-01,108,10,946,0
2025-04-01,108,11,1492,1
2025-04-01,108,12,936,0
2025-04-01,108,13,433,0
2025-04-01,108,14,762,0
2025-04-01,108,15,703,0
2025-04-01,109,1,2108,1
2025-04-01,109,2,450,0
2025-04-01,109,3,649,0
2025-04-01,109,5,632,1
2025-04-01,109,6,428,0
2025-04-01,109,7,798,1
2025-04-01,109,8,446,0
2025-04-01,109,9,860,0
2025-04-01,109,10,1500,1
2025-04-01,109,11,1514,1
2025-04-01,109,12,662,0
2025-04-01,109,13,289,0
2025-04-01,109,14,541,0
2025-04-01,109,15,477,0
2025-04-01,110,1,2081,1
2025-04-01,110,2,492,0
2025-04-01,110,3,732,0
2025-04-01,110,4,656,0
2025-04-01,110,5,360,0
2025-04-01,110,6,425,0
2025-04-01,110,7,383,0
2025-04-01,110,8,1010,1
2025-04-01,110,9,945,0
2025-04-01,110,10,1599,1
2025-04-01,110,11,1313,1
2025-04-01,110,12,609,0
2025-04-01,110,14,535,0
2025-04-01,110,15,445,0
2025-04-01,111,1,955,0
2025-04-01,111,2,432,0
2025-04-01,111,3,704,0
2025-04-01,111,4,671,0
2025-04-01,111,5,429,0
2025-04-01,111,6,440,0
2025-04-01,111,7,406,0
2025-04-01,111,8,442,0
2025-04-01,111,9,1635,1
2025-04-01,111,10,677,0
2025-04-01,111,11,771,0
2025-04-01,111,12,555,0
2025-04-01,111,13,344,0
2025-04-01,111,14,1030,1
2025-04-01,111,15,847,1
2025-04-01,112,1,1062,0
2025-04-01,112,2,515,0
2025-04-01,112,3,770,0
2025-04-01,112,4,707,0
2025-04-01,112,5,813,1
2025-04-01,112,6,486,0
2025-04-01,112,7,934,1
2025-04-01,112,8,452,0
2025-04-01,112,9,1834,1
2025-04-01,112,10,1462,1
2025-04-01,112,12,1220,1
2025-04-01,112,13,325,0
2025-04-01,112,14,532,0
2025-04-01,113,1,1752,1
2025-04-01,113,2,425,0
2025-04-01,113,3,1456,1
2025-04-01,113,5,446,0
2025-04-01,113,6,460,0
2025-04-01,113,7,825,1
2025-04-01,113,8,947,1
2025-04-01,113,9,1979,1
2025-04-01,113,11,1302,1
2025-04-01,113,12,1281,1
2025-04-01,113,13,343,0
2025-04-01,113,14,563,0
2025-04-01,113,15,464,0
2025-04-01,114,1,1001,0
2025-04-01,114,2,449,0
2025-04-01,114,3,698,0
2025-04-01,114,5,429,0
2025-04-01,114,6,528,0
2025-04-01,114,7,369,0
2025-04-01,114,8,506,0
2025-04-01,114,9,887,0
2025-04-01,114,10,1398,1
2025-04-01,114,11,782,0
2025-04-01,114,12,609,0
2025-04-01,114,13,294,0
2025-04-01,114,14,529,0
2025-04-01,114,15,424,0
2025-04-01,116,1,1128,0
2025-04-01,116,2,408,0
2025-04-01,116,3,656,0
2025-04-01,116,4,793,0
2025-04-01,116,5,770,1
2025-04-01,116,6,470,0
2025-04-01,116,7,415,0
2025-04-01,116,8,535,0
2025-04-01,116,9,1712,1
2025-04-01,116,10,1486,1
2025-04-01,116,12,694,0
2025-04-01,116,13,325,0
2025-04-01,116,14,591,0
2025-04-01,116,15,886,1
2025-04-01,117,1,757,0
2025-04-01,117,2,388,1
2025-04-01,117,3,542,0
2025-04-01,117,4,690,1
2025-04-01,117,6,433,1
2025-04-01,117,7,312,0
2025-04-01,117,8,328,0
2025-04-01,117,9,597,0
2025-04-01,117,10,554,0
2025-04-01,117,11,550,0
2025-04-01,117,12,400,0
2025-04-01,117,13,210,0
2025-04-01,117,14,344,0
2025-04-01,117,15,311,0
2025-04-01,118,1,673,0
2025-04-01,118,2,287,0
2025-04-01,118,3,449,0
2025-04-01,118,4,491,0
2025-04-01,118,5,295,0
2025-04-01,118,6,357,0
2025-04-01,118,7,274,0
2025-04-01,118,9,614,0
2025-04-01,118,10,476,0
2025-04-01,118,11,657,1
2025-04-01,118,12,429,0
2025-04-01,118,13,216,0
2025-04-01,118,14,336,0
2025-04-01,118,15,342,0
2025-04-01,119,1,771,0
2025-04-01,119,2,291,0
2025-04-01,119,3,573,1
2025-04-01,119,4,503,0
2025-04-01,119,6,407,1
2025-04-01,119,7,306,0
2025-04-01,119,8,333,0
2025-04-01,119,10,487,0
2025-04-01,119,12,447,0
2025-04-01,119,13,244,0
2025-04-01,119,14,348,0
2025-04-01,119,15,341,0
2025-04-01,120,1,785,0
2025-04-01,120,2,357,0
2025-04-01,120,3,536,0
2025-04-01,120,4,461,0
2025-04-01,120,5,272,0
2025-04-01,120,6,303,0
2025-04-01,120,7,259,0
2025-04-01,120,8,369,0
2025-04-01,120,9,654,0
2025-04-01,120,11,454,0
2025-04-01,120,12,479,0
2025-04-01,120,13,230,0
2025-04-01,120,14,361,0
2025-04-01,120,15,401,1
2025-04-01,121,1,725,0
2025-04-01,121,2,308,0
2025-04-01,121,3,440,0
2025-04-01,121,4,470,0
2025-04-01,121,5,299,0
2025-04-01,121,6,305,0
2025-04-01,121,7,298,0
2025-04-01,121,8,438,1
2025-04-01,121,9,652,0
2025-04-01,121,10,458,0
2025-04-01,121,11,508,0
2025-04-01,121,12,388,0
2025-04-01,121,13,220,0
2025-04-01,121,15,315,0
2025-04-01,122,1,706,0
2025-04-01,122,2,307,0
2025-04-01,122,4,704,1
2025-04-01,122,5,278,0
2025-04-01,122,6,351,0
2025-04-01,122,7,255,0
2025-04-01,122,8,343,0
2025-04-01,122,9,680,0
2025-04-01,122,10,537,0
2025-04-01,122,11,536,0
2025-04-01,122,12,392,0
2025-04-01,122,13,238,0
2025-04-01,122,14,442,1
2025-04-01,122,15,284,0
2025-04-01,124,2,302,0
2025-04-01,124,3,463,0
2025-04-01,124,4,709,1
2025-04-01,124,5,247,0
2025-04-01,124,6,350,0
2025-04-01,124,7,287,0
2025-04-01,124,8,324,0
2025-04-01,124,9,648,0
2025-04-01,124,10,730,1
2025-04-01,124,11,453,0
2025-04-01,124,12,417,0
2025-04-01,124,13,198,0
2025-04-01,124,15,324,0
2025-04-01,125,1,670,0
2025-04-01,125,2,254,0
2025-04-01,125,3,435,0
2025-04-01,125,4,414,0
2025-04-01,125,5,235,0
2025-04-01,125,6,296,0
2025-04-01,125,7,256,0
2025-04-01,125,8,281,0
2025-04-01,125,9,520,0
2025-04-01,125,10,438,0
2025-04-01,125,11,402,0
2025-04-01,125,12,333,0
2025-04-01,125,13,182,0
2025-04-01,125,14,318,0
2025-04-01,125,15,252,0
2025-04-01,126,1,601,0
2025-04-01,126,2,331,1
2025-04-01,126,3,440,0
2025-04-01,126,4,483,0
2025-04-01,126,5,244,0
2025-04-01,126,6,263,0
2025-04-01,126,7,305,1
2025-04-01,126,8,270,0
2025-04-01,126,9,557,0
2025-04-01,126,11,448,0
2025-04-01,126,12,355,0
2025-04-01,126,13,190,0
2025-04-01,126,14,290,0
2025-04-01,126,15,228,0
2025-04-01,127,1,615,0
2025-04-01,127,2,295,0
2025-04-01,127,3,411,0
2025-04-01,127,4,383,0
2025-04-01,127,5,239,0
2025-04-01,127,6,259,0
2025-04-01,127,7,244,0
2025-04-01,127,8,310,0
2025-04-01,127,9,484,0
2025-04-01,127,10,382,0
2025-04-01,127,11,385,0
2025-04-01,127,12,535,1
2025-04-01,127,13,227,1
2025-04-01,127,14,313,0
2025-04-01,128,1,622,0
2025-04-01,128,2,240,0
2025-04-01,128,3,401,0
2025-04-01,128,4,456,0
2025-04-01,128,5,232,0
2025-04-01,128,6,286,0
2025-04-01,128,8,263,0
2025-04-01,128,9,579,0
2025-04-01,128,10,413,0
2025-04-01,128,11,433,0
2025-04-01,128,12,407,0
2025-04-01,128,13,192,0
2025-04-01,128,14,327,0
2025-04-01,128,15,288,0
2025-04-01,129,1,931,1
2025-04-01,129,2,290,0
2025-04-01,129,3,367,0
2025-04-01,129,4,403,0
2025-04-01,129,5,210,0
2025-04-01,129,6,301,0
2025-04-01,129,7,261,0
2025-04-01,129,9,559,0
2025-04-01,129,10,460,0
2025-04-01,129,11,429,0
2025-04-01,129,12,337,0
2025-04-01,129,13,194,0
2025-04-01,129,14,337,0
2025-04-01,130,1,576,0
2025-04-01,130,3,416,0
2025-04-01,130,5,225,0
2025-04-01,130,6,266,0
2025-04-01,130,7,262,0
2025-04-01,130,8,297,0
2025-04-01,130,9,486,0
2025-04-01,130,10,451,0
2025-04-01,130,11,472,0
2025-04-01,130,12,332,0
2025-04-01,130,13,269,1
2025-04-01,130,14,279,0
2025-04-01,130,15,285,0
2025-04-01,132,1,598,0
2025-04-01,132,2,290,0
2025-04-01,132,3,397,0
2025-04-01,132,5,237,0
2025-04-01,132,6,299,0
2025-04-01,132,7,229,0
2025-04-01,132,8,310,0
2025-04-01,132,9,744,1
2025-04-01,132,10,411,0
2025-04-01,132,11,615,1
2025-04-01,132,12,373,0
2025-04-01,132,13,204,0
2025-04-01,132,15,280,0
2025-04-01,133,1,773,0
2025-04-01,133,2,366,0
2025-04-01,133,3,499,0
2025-04-01,133,5,284,0
2025-04-01,133,6,339,0
2025-04-01,133,7,274,0
2025-04-01,133,8,488,1
2025-04-01,133,9,692,0
2025-04-01,133,10,786,1
2025-04-01,133,11,566,0
2025-04-01,133,12,416,0
2025-04-01,133,13,250,0
2025-04-01,133,14,397,0
2025-04-01,133,15,301,0
2025-04-01,134,1,707,0
2025-04-01,134,2,303,0
2025-04-01,134,3,529,0
2025-04-01,134,5,276,0
2025-04-01,134,6,473,1
2025-04-01,134,7,288,0
2025-04-01,134,8,363,0
2025-04-01,134,9,607,0
2025-04-01,134,10,575,0
2025-04-01,134,11,569,0
2025-04-01,134,12,503,0
2025-04-01,134,13,229,0
2025-04-01,134,14,344,0
2025-04-01,134,15,280,0
2025-04-01,135,1,769,0
2025-04-01,135,2,369,0
2025-04-01,135,4,516,0
2025-04-01,135,5,316,0
2025-04-01,135,6,314,0
2025-04-01,135,7,285,0
2025-04-01,135,8,486,1
2025-04-01,135,9,683,0
2025-04-01,135,10,560,0
2025-04-01,135,11,544,0
2025-04-01,135,12,554,1
2025-04-01,135,13,211,0
2025-04-01,135,14,386,0
2025-04-01,135,15,294,0
2025-04-01,136,1,791,0
2025-04-01,136,2,311,0
2025-04-01,136,4,570,0
2025-04-01,136,5,290,0
2025-04-01,136,6,311,0
2025-04-01,136,7,368,1
2025-04-01,136,8,344,0
2025-04-01,136,9,676,0
2025-04-01,136,10,586,0
2025-04-01,136,11,581,0
2025-04-01,136,12,423,0
2025-04-01,136,13,249,0
2025-04-01,136,14,367,0
2025-04-01,136,15,309,0
2025-04-01,137,2,332,0
2025-04-01,137,4,510,0
2025-04-01,137,5,283,0
2025-04-01,137,6,360,0
2025-04-01,137,7,285,0
2025-04-01,137,8,364,0
2025-04-01,137,9,579,0
2025-04-01,137,10,569,0
2025-04-01,137,11,574,0
2025-04-01,137,12,657,1
2025-04-01,137,13,307,1
2025-04-01,137,14,424,0
2025-04-01,137,15,304,0
2025-04-01,138,1,736,0
2025-04-01,138,2,297,0
2025-04-01,138,3,441,0
2025-04-01,138,4,504,0
2025-04-01,138,5,264,0
2025-04-01,138,6,379,0
2025-04-01,138,7,289,0
2025-04-01,138,8,568,1
2025-04-01,138,9,678,0
2025-04-01,138,10,551,0
2025-04-01,138,11,507,0
2025-04-01,138,13,215,0
2025-04-01,138,14,344,0
2025-04-01,138,15,291,0
2025-04-01,140,1,713,0
2025-04-01,140,3,770,1
2025-04-01,140,4,594,0
2025-04-01,140,5,278,0
2025-04-01,140,6,364,0
2025-04-01,140,7,276,0
2025-04-01,140,8,379,0
2025-04-01,140,9,585,0
2025-04-01,140,10,506,0
2025-04-01,140,12,605,1
2025-04-01,140,13,234,0
2025-04-01,140,14,397,0
2025-05-01,101,1,1657,0
2025-05-01,101,2,697,0
2025-05-01,101,3,1079,0
2025-05-01,101,5,534,0
2025-05-01,101,6,647,0
2025-05-01,101,7,617,0
2025-05-01,101,8,744,0
2025-05-01,101,9,1250,0
2025-05-01,101,10,980,0
2025-05-01,101,11,1055,0
2025-05-01,101,12,1005,0
2025-05-01,101,13,423,0
2025-05-01,101,14,754,0
2025-05-01,101,15,672,0
2025-05-01,102,1,1688,0
2025-05-01,102,2,591,0
2025-05-01,102,3,1117,0
2025-05-01,102,4,1021,0
2025-05-01,102,5,566,0
2025-05-01,102,6,651,0
2025-05-01,102,7,575,0
2025-05-01,102,8,718,0
2025-05-01,102,9,1440,0
2025-05-01,102,11,1046,0
2025-05-01,102,12,812,0
2025-05-01,102,13,650,1
2025-05-01,102,14,770,0
2025-05-01,102,15,841,1
2025-05-01,103,1,1364,0
2025-05-01,103,2,686,0
2025-05-01,103,4,1159,0
2025-05-01,103,5,584,0
2025-05-01,103,6,655,0
2025-05-01,103,7,642,0
2025-05-01,103,8,683,0
2025-05-01,103,9,1453,0
2025-05-01,103,10,1194,0
2025-05-01,103,11,1119,0
2025-05-01,103,13,413,0
2025-05-01,103,14,700,0
2025-05-01,103,15,658,0
2025-05-01,104,1,1497,0
2025-05-01,104,3,1033,0
2025-05-01,104,4,1210,0
2025-05-01,104,5,637,0
2025-05-01,104,6,686,0
2025-05-01,104,7,538,0
2025-05-01,104,8,714,0
2025-05-01,104,9,1383,0
2025-05-01,104,10,1013,0
2025-05-01,104,11,1049,0
2025-05-01,104,12,891,0
2025-05-01,104,13,411,0
2025-05-01,104,14,763,0
2025-05-01,104,15,570,0
2025-05-01,105,1,2229,1
2025-05-01,105,2,895,1
2025-05-01,105,3,1103,0
2025-05-01,105,4,1129,0
2025-05-01,105,5,641,0
2025-05-01,105,9,1296,0
2025-05-01,105,10,1164,0
2025-05-01,105,11,969,0
2025-05-01,105,12,881,0
2025-05-01,105,13,443,0
2025-05-01,105,14,800,0
2025-05-01,105,15,1004,1
2025-05-01,106,1,1629,0
2025-05-01,106,2,641,0
2025-05-01,106,3,1060,0
2025-05-01,106,4,1032,0
2025-05-01,106,5,556,0
2025-05-01,106,6,764,0
2025-05-01,106,8,932,1
2025-05-01,106,9,1310,0
2025-05-01,106,10,1031,0
2025-05-01,106,11,1146,0
2025-05-01,106,12,833,0
2025-05-01,106,13,508,0
2025-05-01,106,14,1016,1
2025-05-01,106,15,579,0
2025-05-01,108,1,1701,0
2025-05-01,108,2,718,0
2025-05-01,108,3,1006,0
2025-05-01,108,4,1092,0
2025-05-01,108,5,761,1
2025-05-01,108,6,1055,1
2025-05-01,108,7,665,0
2025-05-01,108,9,1259,0
2025-05-01,108,10,986,0
2025-05-01,108,11,1103,0
2025-05-01,108,12,992,0
2025-05-01,108,13,503,0
2025-05-01,108,14,699,0
2025-05-01,108,15,597,0
2025-05-01,109,1,1895,1
2025-05-01,109,2,472,0
2025-05-01,109,3,775,0
2025-05-01,109,4,1257,1
2025-05-01,109,6,1046,1
2025-05-01,109,7,403,0
2025-05-01,109,8,533,0
2025-05-01,109,9,994,0
2025-05-01,109,10,702,0
2025-05-01,109,11,790,0
2025-05-01,109,12,1128,1
2025-05-01,109,13,328,0
2025-05-01,109,14,898,1
2025-05-01,109,15,401,0
2025-05-01,110,1,2034,1
2025-05-01,110,2,412,0
2025-05-01,110,4,781,0
2025-05-01,110,5,726,1
2025-05-01,110,6,437,0
2025-05-01,110,7,378,0
2025-05-01,110,8,483,0
2025-05-01,110,9,2010,1
2025-05-01,110,10,673,0
2025-05-01,110,11,739,0
2025-05-01,110,12,668,0
2025-05-01,110,14,1125,1
2025-05-01,110,15,443,0
2025-05-01,111,1,1039,0
2025-05-01,111,2,893,1
2025-05-01,111,3,660,0
2025-05-01,111,4,678,0
2025-05-01,111,5,444,0
2025-05-01,111,6,454,0
2025-05-01,111,7,367,0
2025-05-01,111,8,552,0
2025-05-01,111,9,842,0
2025-05-01,111,10,650,0
2025-05-01,111,11,656,0
2025-05-01,111,12,595,0
2025-05-01,111,13,305,0
2025-05-01,111,14,576,0
2025-05-01,111,15,427,0
2025-05-01,112,1,2227,1
2025-05-01,112,2,438,0
2025-05-01,112,3,650,0
2025-05-01,112,4,767,0
2025-05-01,112,5,374,0
2025-05-01,112,6,527,0
2025-05-01,112,7,397,0
2025-05-01,112,8,514,0
2025-05-01,112,9,1925,1
2025-05-01,112,10,1653,1
2025-05-01,112,12,1171,1
2025-05-01,112,13,319,0
2025-05-01,112,14,530,0
2025-05-01,112,15,456,0
2025-05-01,113,1,2081,1
2025-05-01,113,2,459,0
2025-05-01,113,3,738,0
2025-05-01,113,4,757,0
2025-05-01,113,5,426,0
2025-05-01,113,6,504,0
2025-05-01,113,7,796,1
2025-05-01,113,8,555,0
2025-05-01,113,9,1652,1
2025-05-01,113,10,1474,1
2025-05-01,113,11,1432,1
2025-05-01,113,12,672,0
2025-05-01,113,13,335,0
2025-05-01,113,14,520,0
2025-05-01,113,15,461,0
2025-05-01,114,1,2283,1
2025-05-01,114,2,414,0
2025-05-01,114,3,1255,1
2025-05-01,114,4,751,0
2025-05-01,114,5,394,0
2025-05-01,114,6,478,0
2025-05-01,114,7,395,0
2025-05-01,114,8,473,0
2025-05-01,114,9,936,0
2025-05-01,114,10,1281,1
2025-05-01,114,11,712,0
2025-05-01,114,12,650,0
2025-05-01,114,13,319,0
2025-05-01,114,14,508,0
2025-05-01,114,15,974,1
2025-05-01,116,1,1158,0
2025-05-01,116,2,415,0
2025-05-01,116,3,1372,1
2025-05-01,116,4,1412,1
2025-05-01,116,5,428,0
2025-05-01,116,6,491,0
2025-05-01,116,7,386,0
2025-05-01,116,8,446,0
2025-05-01,116,9,920,0
2025-05-01,116,10,718,0
2025-05-01,116,11,1429,1
2025-05-01,116,12,581,0
2025-05-01,116,13,598,1
2025-05-01,116,14,558,0
2025-05-01,116,15,449,0
2025-05-01,117,1,754,0
2025-05-01,117,2,455,1
2025-05-01,117,3,620,1
2025-05-01,117,4,510,0
2025-05-01,117,5,302,0
2025-05-01,117,6,367,0
2025-05-01,117,7,284,0
2025-05-01,117,8,374,0
2025-05-01,117,10,547,0
2025-05-01,117,11,612,0
2025-05-01,117,12,470,0
2025-05-01,117,13,218,0
2025-05-01,117,14,452,0
2025-05-01,117,15,344,0
2025-05-01,118,1,841,0
2025-05-01,118,2,344,0
2025-05-01,118,3,572,0
2025-05-01,118,4,896,1
2025-05-01,118,5,323,0
2025-05-01,118,6,378,0
2025-05-01,118,7,327,0
2025-05-01,118,8,386,0
2025-05-01,118,9,648,0
2025-05-01,118,10,544,0
2025-05-01,118,11,536,0
2025-05-01,118,12,494,0
2025-05-01,118,13,264,0
2025-05-01,118,14,416,0
2025-05-01,118,15,339,0
2025-05-01,119,1,718,0
2025-05-01,119,2,332,0
2025-05-01,119,3,491,0
2025-05-01,119,4,625,0
2025-05-01,119,5,325,0
2025-05-01,119,6,377,0
2025-05-01,119,7,310,0
2025-05-01,119,8,365,0
2025-05-01,119,9,678,0
2025-05-01,119,10,581,0
2025-05-01,119,11,538,0
2025-05-01,119,12,478,0
2025-05-01,119,13,239,0
2025-05-01,119,14,432,0
2025-05-01,119,15,348,0
2025-05-01,120,1,887,0
2025-05-01,120,2,316,0
2025-05-01,120,3,529,0
2025-05-01,120,4,515,0
2025-05-01,120,5,303,0
2025-05-01,120,6,375,0
2025-05-01,120,7,338,0
2025-05-01,120,8,380,0
2025-05-01,120,9,696,0
2025-05-01,120,10,508,0
2025-05-01,120,11,596,0
2025-05-01,120,12,712,1
2025-05-01,120,13,254,0
2025-05-01,120,14,413,0
2025-05-01,120,15,299,0
2025-05-01,121,1,856,0
2025-05-01,121,2,357,0
2025-05-01,121,3,534,0
2025-05-01,121,4,521,0
2025-05-01,121,5,336,0
2025-05-01,121,6,338,0
2025-05-01,121,7,332,0
2025-05-01,121,8,377,0
2025-05-01,121,9,660,0
2025-05-01,121,10,554,0
2025-05-01,121,11,629,0
2025-05-01,121,12,517,0
2025-05-01,121,13,232,0
2025-05-01,121,14,417,0
2025-05-01,121,15,315,0
2025-05-01,122,1,852,0
2025-05-01,122,3,575,0
2025-05-01,122,4,781,1
2025-05-01,122,5,412,1
2025-05-01,122,6,390,0
2025-05-01,122,7,448,1
2025-05-01,122,8,365,0
2025-05-01,122,9,643,0
2025-05-01,122,10,603,0
2025-05-01,122,11,604,0
2025-05-01,122,12,502,0
2025-05-01,122,13,240,0
2025-05-01,122,14,427,0
2025-05-01,122,15,331,0
2025-05-01,124,1,730,0
2025-05-01,124,2,314,0
2025-05-01,124,3,574,0
2025-05-01,124,4,510,0
2025-05-01,124,5,336,0
2025-05-01,124,6,348,0
2025-05-01,124,7,341,0
2025-05-01,124,8,401,0
2025-05-01,124,9,747,0
2025-05-01,124,10,530,0
2025-05-01,124,11,600,0
2025-05-01,124,12,500,0
2025-05-01,124,13,228,0
2025-05-01,124,14,444,0
2025-05-01,124,15,365,0
2025-05-01,125,1,587,0
2025-05-01,125,2,248,0
2025-05-01,125,3,449,0
2025-05-01,125,4,395,0
2025-05-01,125,5,227,0
2025-05-01,125,6,298,0
2025-05-01,125,7,256,0
2025-05-01,125,8,302,0
2025-05-01,125,9,518,0
2025-05-01,125,10,457,0
2025-05-01,125,11,393,0
2025-05-01,125,12,349,0
2025-05-01,125,13,184,0
2025-05-01,125,14,303,0
2025-05-01,125,15,250,0
2025-05-01,126,1,672,0
2025-05-01,126,2,375,1
2025-05-01,126,3,391,0
2025-05-01,126,4,400,0
2025-05-01,126,5,213,0
2025-05-01,126,6,287,0
2025-05-01,126,7,236,0
2025-05-01,126,8,277,0
2025-05-01,126,9,506,0
2025-05-01,126,10,517,1
2025-05-01,126,13,174,0
2025-05-01,126,14,366,1
2025-05-01,126,15,251,0
2025-05-01,127,1,665,0
2025-05-01,127,2,291,0
2025-05-01,127,4,449,0
2025-05-01,127,5,235,0
2025-05-01,127,6,293,0
2025-05-01,127,7,248,0
2025-05-01,127,8,430,1
2025-05-01,127,9,786,1
2025-05-01,127,10,560,1
2025-05-01,127,11,401,0
2025-05-01,127,12,397,0
2025-05-01,127,13,175,0
2025-05-01,127,14,319,0
2025-05-01,127,15,375,1
2025-05-01,128,1,593,0
2025-05-01,128,2,270,0
2025-05-01,128,3,430,0
2025-05-01,128,4,394,0
2025-05-01,128,5,244,0
2025-05-01,128,6,252,0
2025-05-01,128,8,263,0
2025-05-01,128,9,544,0
2025-05-01,128,10,507,1
2025-05-01,128,11,440,0
2025-05-01,128,12,334,0
2025-05-01,128,13,182,0
2025-05-01,128,15,272,0
2025-05-01,129,1,611,0
2025-05-01,129,2,234,0
2025-05-01,129,3,380,0
2025-05-01,129,4,404,0
2025-05-01,129,5,243,0
2025-05-01,129,6,365,1
2025-05-01,129,7,215,0
2025-05-01,129,8,282,0
2025-05-01,129,9,514,0
2025-05-01,129,11,581,1
2025-05-01,129,12,344,0
2025-05-01,129,13,187,0
2025-05-01,129,14,317,0
2025-05-01,130,1,663,0
2025-05-01,130,2,265,0
2025-05-01,130,3,376,0
2025-05-01,130,4,475,0
2025-05-01,130,5,212,0
2025-05-01,130,6,244,0
2025-05-01,130,7,242,0
2025-05-01,130,8,294,0
2025-05-01,130,9,519,0
2025-05-01,130,10,423,0
2025-05-01,130,11,467,0
2025-05-01,130,12,454,1
2025-05-01,130,13,201,0
2025-05-01,130,14,309,0
2025-05-01,130,15,279,0
2025-05-01,132,1,571,0
2025-05-01,132,2,270,0
2025-05-01,132,3,428,0
2025-05-01,132,4,432,0
2025-05-01,132,5,224,0
2025-05-01,132,6,263,0
2025-05-01,132,7,342,1
2025-05-01,132,8,315,0
2025-05-01,132,9,519,0
2025-05-01,132,10,393,0
2025-05-01,132,12,401,0
2025-05-01,132,13,203,0
2025-05-01,132,14,283,0
2025-05-01,132,15,288,0
2025-05-01,133,1,1000,0
2025-05-01,133,2,432,0
2025-05-01,133,3,721,0
2025-05-01,133,4,731,0
2025-05-01,133,5,428,0
2025-05-01,133,6,470,0
2025-05-01,133,7,415,0
2025-05-01,133,8,473,0
2025-05-01,133,9,906,0
2025-05-01,133,10,787,0
2025-05-01,133,11,665,0
2025-05-01,133,12,615,0
2025-05-01,133,14,511,0
2025-05-01,133,15,425,0
2025-05-01,134,1,1028,0
2025-05-01,134,2,411,0
2025-05-01,134,3,714,0
2025-05-01,134,4,747,0
2025-05-01,134,5,411,0
2025-05-01,134,6,467,0
2025-05-01,134,7,425,0
2025-05-01,134,8,500,0
2025-05-01,134,9,830,0
2025-05-01,134,10,633,0
2025-05-01,134,11,787,0
2025-05-01,134,12,650,0
2025-05-01,134,13,334,0
2025-05-01,134,14,578,0
2025-05-01,134,15,471,0
2025-05-01,135,1,923,0
2025-05-01,135,2,429,0
2025-05-01,135,3,608,0
2025-05-01,135,4,755,0
2025-05-01,135,6,435,0
2025-05-01,135,7,382,0
2025-05-01,135,8,464,0
2025-05-01,135,9,915,0
2025-05-01,135,10,626,0
2025-05-01,135,11,681,0
2025-05-01,135,12,583,0
2025-05-01,135,13,345,0
2025-05-01,135,14,555,0
2025-05-01,135,15,474,0
2025-05-01,136,1,1000,0
2025-05-01,136,2,392,0
2025-05-01,136,3,621,0
2025-05-01,136,4,1060,1
2025-05-01,136,5,425,0
2025-05-01,136,6,508,0
2025-05-01,136,7,413,0
2025-05-01,136,8,486,0
2025-05-01,136,9,891,0
2025-05-01,136,10,638,0
2025-05-01,136,11,725,0
2025-05-01,136,12,655,0
2025-05-01,136,13,301,0
2025-05-01,136,14,485,0
2025-05-01,136,15,429,0
2025-05-01,137,1,1141,1
2025-05-01,137,2,460,0
2025-05-01,137,3,987,1
2025-05-01,137,4,999,1
2025-05-01,137,5,347,0
2025-05-01,137,6,421,0
2025-05-01,137,7,534,1
2025-05-01,137,8,462,0
2025-05-01,137,9,856,0
2025-05-01,137,10,701,0
2025-05-01,137,11,667,0
2025-05-01,137,12,878,1
2025-05-01,137,13,341,0
2025-05-01,137,14,749,1
2025-05-01,137,15,447,0
2025-05-01,138,1,1048,0
2025-05-01,138,2,479,0
2025-05-01,138,3,618,0
2025-05-01,138,4,678,0
2025-05-01,138,5,406,0
2025-05-01,138,6,416,0
2025-05-01,138,8,495,0
2025-05-01,138,9,808,0
2025-05-01,138,10,722,0
2025-05-01,138,12,641,0
2025-05-01,138,13,324,0
2025-05-01,138,14,456,0
2025-05-01,138,15,397,0
2025-05-01,140,1,930,0
2025-05-01,140,2,490,0
2025-05-01,140,3,646,0
2025-05-01,140,4,668,0
2025-05-01,140,5,367,0
2025-05-01,140,6,623,1
2025-05-01,140,7,432,0
2025-05-01,140,8,531,0
2025-05-01,140,9,956,0
2025-05-01,140,10,647,0
2025-05-01,140,11,721,0
2025-05-01,140,12,631,0
2025-05-01,140,13,340,0
2025-05-01,140,14,571,0
2025-05-01,140,15,426,0
2025-06-01,101,1,1413,0
2025-06-01,101,2,629,0
2025-06-01,101,3,1021,0
2025-06-01,101,4,1050,0
2025-06-01,101,5,570,0
2025-06-01,101,6,760,0
2025-06-01,101,7,647,0
2025-06-01,101,8,773,0
2025-06-01,101,9,1383,0
2025-06-01,101,10,1062,0
2025-06-01,101,11,1107,0
2025-06-01,101,12,809,0
2025-06-01,101,14,776,0
2025-06-01,101,15,630,0
2025-06-01,102,1,1648,0
2025-06-01,102,2,599,0
2025-06-01,102,4,966,0
2025-06-01,102,5,551,0
2025-06-01,102,6,763,0
2025-06-01,102,7,562,0
2025-06-01,102,8,720,0
2025-06-01,102,9,1468,0
2025-06-01,102,10,1025,0
2025-06-01,102,11,1172,0
2025-06-01,102,12,834,0
2025-06-01,102,13,519,0
2025-06-01,102,14,738,0
2025-06-01,102,15,656,0
2025-06-01,103,1,1695,0
2025-06-01,103,2,641,0
2025-06-01,103,3,1086,0
2025-06-01,103,4,1553,1
2025-06-01,103,6,763,0
2025-06-01,103,7,639,0
2025-06-01,103,8,927,1
2025-06-01,103,9,1401,0
2025-06-01,103,10,1157,0
2025-06-01,103,11,1112,0
2025-06-01,103,12,914,0
2025-06-01,103,13,445,0
2025-06-01,103,14,1032,1
2025-06-01,103,15,644,0
2025-06-01,104,1,1365,0
2025-06-01,104,2,703,0
2025-06-01,104,3,1046,0
2025-06-01,104,4,1101,0
2025-06-01,104,5,633,0
2025-06-01,104,6,755,0
2025-06-01,104,7,552,0
2025-06-01,104,8,698,0
2025-06-01,104,9,1440,0
2025-06-01,104,10,946,0
2025-06-01,104,11,1010,0
2025-06-01,104,12,818,0
2025-06-01,104,13,421,0
2025-06-01,104,14,776,0
2025-06-01,104,15,651,0
2025-06-01,105,1,1400,0
2025-06-01,105,2,626,0
2025-06-01,105,5,527,0
2025-06-01,105,7,578,0
2025-06-01,105,8,780,0
2025-06-01,105,9,1496,0
2025-06-01,105,11,1157,0
2025-06-01,105,12,893,0
2025-06-01,105,14,839,0
2025-06-01,105,15,603,0
2025-06-01,106,1,2064,1
2025-06-01,106,2,704,0
2025-06-01,106,3,1114,0
2025-06-01,106,4,1141,0
2025-06-01,106,5,644,0
2025-06-01,106,6,757,0
2025-06-01,106,7,650,0
2025-06-01,106,8,661,0
2025-06-01,106,9,1250,0
2025-06-01,106,10,975,0
2025-06-01,106,11,1162,0
2025-06-01,106,12,836,0
2025-06-01,106,13,507,0
2025-06-01,106,14,821,0
2025-06-01,106,15,703,0
2025-06-01,108,2,754,1
2025-06-01,108,3,988,0
2025-06-01,108,4,1061,0
2025-06-01,108,5,556,0
2025-06-01,108,6,682,0
2025-06-01,108,7,634,0
2025-06-01,108,8,654,0
2025-06-01,108,9,1411,0
2025-06-01,108,10,1095,0
2025-06-01,108,11,1075,0
2025-06-01,108,12,815,0
2025-06-01,108,13,483,0
2025-06-01,108,14,785,0
2025-06-01,108,15,677,0
2025-06-01,109,1,2062,1
2025-06-01,109,2,503,0
2025-06-01,109,3,679,0
2025-06-01,109,4,751,0
2025-06-01,109,5,404,0
2025-06-01,109,7,378,0
2025-06-01,109,9,958,0
2025-06-01,109,10,675,0
2025-06-01,109,11,1241,1
2025-06-01,109,12,663,0
2025-06-01,109,14,1001,1
2025-06-01,109,15,453,0
2025-06-01,110,1,1086,0
2025-06-01,110,2,455,0
2025-06-01,110,3,659,0
2025-06-01,110,4,824,0
2025-06-01,110,5,393,0
2025-06-01,110,6,459,0
2025-06-01,110,7,755,1
2025-06-01,110,9,990,0
2025-06-01,110,10,811,0
2025-06-01,110,11,1435,1
2025-06-01,110,12,1152,1
2025-06-01,110,13,315,0
2025-06-01,110,14,1138,1
2025-06-01,110,15,797,1
2025-06-01,111,1,951,0
2025-06-01,111,2,408,0
2025-06-01,111,3,641,0
2025-06-01,111,4,1348,1
2025-06-01,111,5,386,0
2025-06-01,111,8,444,0
2025-06-01,111,9,956,0
2025-06-01,111,10,684,0
2025-06-01,111,11,732,0
2025-06-01,111,12,602,0
2025-06-01,111,13,624,1
2025-06-01,111,14,572,0
2025-06-01,112,3,1435,1
2025-06-01,112,4,829,0
2025-06-01,112,5,408,0
2025-06-01,112,6,534,0
2025-06-01,112,7,413,0
2025-06-01,112,8,916,1
2025-06-01,112,9,1769,1
2025-06-01,112,10,1251,1
2025-06-01,112,11,702,0
2025-06-01,112,12,623,0
2025-06-01,112,13,296,0
2025-06-01,112,15,395,0
2025-06-01,113,1,1138,0
2025-06-01,113,2,491,0
2025-06-01,113,5,706,1
2025-06-01,113,6,476,0
2025-06-01,113,7,411,0
2025-06-01,113,8,486,0
2025-06-01,113,9,1611,1
2025-06-01,113,10,791,0
2025-06-01,113,11,678,0
2025-06-01,113,12,594,0
2025-06-01,113,13,606,1
2025-06-01,113,14,1017,1
2025-06-01,113,15,998,1
2025-06-01,114,1,932,0
2025-06-01,114,2,464,0
2025-06-01,114,3,747,0
2025-06-01,114,4,1280,1
2025-06-01,114,5,891,1
2025-06-01,114,6,506,0
2025-06-01,114,7,442,0
2025-06-01,114,8,542,0
2025-06-01,114,9,941,0
2025-06-01,114,10,720,0
2025-06-01,114,11,702,0
2025-06-01,114,12,1012,1
2025-06-01,114,13,290,0
2025-06-01,114,14,554,0
2025-06-01,114,15,427,0
2025-06-01,116,1,963,0
2025-06-01,116,2,459,0
2025-06-01,116,4,1230,1
2025-06-01,116,5,431,0
2025-06-01,116,6,454,0
2025-06-01,116,7,384,0
2025-06-01,116,9,887,0
2025-06-01,116,10,1561,1
2025-06-01,116,11,824,0
2025-06-01,116,12,624,0
2025-06-01,116,13,726,1
2025-06-01,116,14,548,0
2025-06-01,116,15,391,0
2025-06-01,117,1,758,0
2025-06-01,117,2,402,0
2025-06-01,117,3,575,0
2025-06-01,117,4,744,1
2025-06-01,117,5,316,0
2025-06-01,117,6,468,1
2025-06-01,117,7,308,0
2025-06-01,117,8,505,1
2025-06-01,117,9,717,0
2025-06-01,117,10,572,0
2025-06-01,117,11,528,0
2025-06-01,117,12,491,0
2025-06-01,117,13,248,0
2025-06-01,117,14,430,0
2025-06-01,117,15,317,0
2025-06-01,118,2,325,0
2025-06-01,118,3,552,0
2025-06-01,118,4,586,0
2025-06-01,118,5,299,0
2025-06-01,118,6,364,0
2025-06-01,118,7,367,0
2025-06-01,118,9,801,0
2025-06-01,118,10,623,0
2025-06-01,118,11,558,0
2025-06-01,118,13,243,0
2025-06-01,118,14,411,0
2025-06-01,118,15,331,0
2025-06-01,119,1,798,0
2025-06-01,119,2,376,0
2025-06-01,119,3,521,0
2025-06-01,119,4,619,0
2025-06-01,119,5,309,0
2025-06-01,119,6,405,0
2025-06-01,119,7,335,0
2025-06-01,119,8,445,0
2025-06-01,119,9,665,0
2025-06-01,119,10,634,0
2025-06-01,119,11,550,0
2025-06-01,119,12,494,0
2025-06-01,119,13,255,0
2025-06-01,119,14,397,0
2025-06-01,119,15,341,0
2025-06-01,120,1,932,0
2025-06-01,120,2,390,0
2025-06-01,120,3,551,0
2025-06-01,120,4,664,0
2025-06-01,120,5,297,0
2025-06-01,120,6,419,0
2025-06-01,120,7,323,0
2025-06-01,120,8,361,0
2025-06-01,120,9,727,0
2025-06-01,120,10,534,0
2025-06-01,120,11,837,1
2025-06-01,120,12,488,0
2025-06-01,120,13,238,0
2025-06-01,120,14,423,0
2025-06-01,120,15,394,0
2025-06-01,121,1,738,0
2025-06-01,121,2,336,0
2025-06-01,121,3,603,0
2025-06-01,121,4,579,0
2025-06-01,121,5,293,0
2025-06-01,121,6,413,0
2025-06-01,121,9,655,0
2025-06-01,121,11,635,0
2025-06-01,121,12,453,0
2025-06-01,121,13,330,1
2025-06-01,121,14,403,0
2025-06-01,121,15,355,0
2025-06-01,122,1,967,1
2025-06-01,122,2,372,0
2025-06-01,122,3,580,0
2025-06-01,122,4,530,0
2025-06-01,122,5,352,0
2025-06-01,122,6,379,0
2025-06-01,122,7,295,0
2025-06-01,122,8,363,0
2025-06-01,122,9,727,0
2025-06-01,122,10,575,0
2025-06-01,122,11,564,0
2025-06-01,122,12,458,0
2025-06-01,122,14,467,0
2025-06-01,124,1,1140,1
2025-06-01,124,2,321,0
2025-06-01,124,3,521,0
2025-06-01,124,5,291,0
2025-06-01,124,6,374,0
2025-06-01,124,7,337,0
2025-06-01,124,9,648,0
2025-06-01,124,10,598,0
2025-06-01,124,12,464,0
2025-06-01,124,13,258,0
2025-06-01,124,14,418,0
2025-06-01,124,15,344,0
2025-06-01,125,1,575,0
2025-06-01,125,2,283,0
2025-06-01,125,3,375,0
2025-06-01,125,4,407,0
2025-06-01,125,5,259,0
2025-06-01,125,6,273,0
2025-06-01,125,7,240,0
2025-06-01,125,8,261,0
2025-06-01,125,9,476,0
2025-06-01,125,10,429,0
2025-06-01,125,11,387,0
2025-06-01,125,12,375,0
2025-06-01,125,13,198,0
2025-06-01,125,14,287,0
2025-06-01,125,15,264,0
2025-06-01,126,1,551,0
2025-06-01,126,2,247,0
2025-06-01,126,3,374,0
2025-06-01,126,4,481,0
2025-06-01,126,5,285,1
2025-06-01,126,6,245,0
2025-06-01,126,7,246,0
2025-06-01,126,8,309,0
2025-06-01,126,9,572,0
2025-06-01,126,10,476,0
2025-06-01,126,11,414,0
2025-06-01,126,12,335,0
2025-06-01,126,13,167,0
2025-06-01,126,15,286,0
2025-06-01,127,1,614,0
2025-06-01,127,2,290,0
2025-06-01,127,3,367,0
2025-06-01,127,4,456,0
2025-06-01,127,5,250,0
2025-06-01,127,6,308,0
2025-06-01,127,8,296,0
2025-06-01,127,9,551,0
2025-06-01,127,10,475,0
2025-06-01,127,11,389,0
2025-06-01,127,12,368,0
2025-06-01,127,13,183,0
2025-06-01,127,14,332,0
2025-06-01,127,15,238,0
2025-06-01,128,1,907,1
2025-06-01,128,2,259,0
2025-06-01,128,3,517,1
2025-06-01,128,4,472,0
2025-06-01,128,5,214,0
2025-06-01,128,6,266,0
2025-06-01,128,7,377,1
2025-06-01,128,9,539,0
2025-06-01,128,10,420,0
2025-06-01,128,11,379,0
2025-06-01,128,12,334,0
2025-06-01,128,13,262,1
2025-06-01,128,15,269,0
2025-06-01,129,1,565,0
2025-06-01,129,2,266,0
2025-06-01,129,3,371,0
2025-06-01,129,4,645,1
2025-06-01,129,5,229,0
2025-06-01,129,6,270,0
2025-06-01,129,7,228,0
2025-06-01,129,8,273,0
2025-06-01,129,9,591,0
2025-06-01,129,10,403,0
2025-06-01,129,11,554,1
2025-06-01,129,12,331,0
2025-06-01,129,13,226,1
2025-06-01,129,14,287,0
2025-06-01,130,1,771,1
2025-06-01,130,3,417,0
2025-06-01,130,4,456,0
2025-06-01,130,5,252,0
2025-06-01,130,6,291,0
2025-06-01,130,7,256,0
2025-06-01,130,8,397,1
2025-06-01,130,9,551,0
2025-06-01,130,10,452,0
2025-06-01,130,11,409,0
2025-06-01,130,12,352,0
2025-06-01,130,13,180,0
2025-06-01,130,14,477,1
2025-06-01,130,15,269,0
2025-06-01,132,1,639,0
2025-06-01,132,2,232,0
2025-06-01,132,3,409,0
2025-06-01,132,5,259,0
2025-06-01,132,6,297,0
2025-06-01,132,8,314,0
2025-06-01,132,9,579,0
2025-06-01,132,10,394,0
2025-06-01,132,11,477,0
2025-06-01,132,12,348,0
2025-06-01,132,13,172,0
2025-06-01,132,14,317,0
2025-06-01,132,15,264,0
2025-06-01,133,1,1761,1
2025-06-01,133,2,476,0
2025-06-01,133,3,785,0
2025-06-01,133,4,792,0
2025-06-01,133,5,409,0
2025-06-01,133,6,603,0
2025-06-01,133,7,474,0
2025-06-01,133,8,866,1
2025-06-01,133,9,961,0
2025-06-01,133,10,875,0
2025-06-01,133,11,738,0
2025-06-01,133,12,703,0
2025-06-01,133,13,363,0
2025-06-01,133,14,625,0
2025-06-01,133,15,553,0
2025-06-01,134,1,1257,0
2025-06-01,134,2,518,0
2025-06-01,134,3,865,0
2025-06-01,134,4,763,0
2025-06-01,134,5,443,0
2025-06-01,134,7,434,0
2025-06-01,134,8,619,0
2025-06-01,134,9,952,0
2025-06-01,134,10,922,0
2025-06-01,134,11,840,0
2025-06-01,134,12,673,0
2025-06-01,134,13,354,0
2025-06-01,134,14,666,0
2025-06-01,135,2,523,0
2025-06-01,135,3,876,0
2025-06-01,135,4,798,0
2025-06-01,135,5,472,0
2025-06-01,135,6,490,0
2025-06-01,135,7,476,0
2025-06-01,135,8,517,0
2025-06-01,135,9,987,0
2025-06-01,135,10,899,0
2025-06-01,135,11,815,0
2025-06-01,135,12,671,0
2025-06-01,135,13,337,0
2025-06-01,135,14,627,0
2025-06-01,135,15,449,0
2025-06-01,136,1,1209,0
2025-06-01,136,2,487,0
2025-06-01,136,3,824,0
2025-06-01,136,4,903,0
2025-06-01,136,6,583,0
2025-06-01,136,7,465,0
2025-06-01,136,8,634,0
2025-06-01,136,9,1432,1
2025-06-01,136,10,1234,1
2025-06-01,136,11,866,0
2025-06-01,136,13,370,0
2025-06-01,136,14,639,0
2025-06-01,136,15,703,1
2025-06-01,137,1,1318,0
2025-06-01,137,2,537,0
2025-06-01,137,3,879,0
2025-06-01,137,4,821,0
2025-06-01,137,5,434,0
2025-06-01,137,6,492,0
2025-06-01,137,7,477,0
2025-06-01,137,9,983,0
2025-06-01,137,10,892,0
2025-06-01,137,11,1050,1
2025-06-01,137,12,798,0
2025-06-01,137,14,804,1
2025-06-01,138,1,1313,0
2025-06-01,138,2,546,0
2025-06-01,138,3,727,0
2025-06-01,138,4,876,0
2025-06-01,138,5,452,0
2025-06-01,138,6,586,0
2025-06-01,138,7,456,0
2025-06-01,138,8,519,0
2025-06-01,138,9,1080,0
2025-06-01,138,10,792,0
2025-06-01,138,11,787,0
2025-06-01,138,13,390,0
2025-06-01,138,14,554,0
2025-06-01,138,15,494,0
2025-06-01,140,1,1200,0
2025-06-01,140,2,545,0
2025-06-01,140,3,775,0
2025-06-01,140,4,863,0
2025-06-01,140,5,404,0
2025-06-01,140,6,583,0
2025-06-01,140,7,484,0
2025-06-01,140,8,629,0
2025-06-01,140,9,962,0
2025-06-01,140,10,846,0
2025-06-01,140,11,742,0
2025-06-01,140,12,635,0
2025-06-01,140,13,321,0
2025-06-01,140,14,634,0
2025-06-01,140,15,639,1
2025-07-01,101,1,2028,1
2025-07-01,101,2,595,0
2025-07-01,101,4,1148,0
2025-07-01,101,5,602,0
2025-07-01,101,6,637,0
2025-07-01,101,7,614,0
2025-07-01,101,8,679,0
2025-07-01,101,9,1470,0
2025-07-01,101,12,919,0
2025-07-01,101,13,441,0
2025-07-01,101,14,1035,1
2025-07-01,101,15,705,0
2025-07-01,102,1,1685,0
2025-07-01,102,3,1055,0
2025-07-01,102,4,959,0
2025-07-01,102,6,707,0
2025-07-01,102,8,713,0
2025-07-01,102,9,1413,0
2025-07-01,102,10,1158,0
2025-07-01,102,11,951,0
2025-07-01,102,12,865,0
2025-07-01,102,13,512,0
2025-07-01,102,14,773,0
2025-07-01,102,15,606,0
2025-07-01,103,1,1438,0
2025-07-01,103,2,675,0
2025-07-01,103,3,1008,0
2025-07-01,103,4,1322,1
2025-07-01,103,5,577,0
2025-07-01,103,6,637,0
2025-07-01,103,7,546,0
2025-07-01,103,8,710,0
2025-07-01,103,9,1418,0
2025-07-01,103,10,941,0
2025-07-01,103,11,1112,0
2025-07-01,103,12,1280,1
2025-07-01,103,13,628,1
2025-07-01,103,14,744,0
2025-07-01,103,15,697,0
2025-07-01,104,1,1556,0
2025-07-01,104,2,594,0
2025-07-01,104,3,1030,0
2025-07-01,104,4,1127,0
2025-07-01,104,5,624,0
2025-07-01,104,6,774,0
2025-07-01,104,7,530,0
2025-07-01,104,8,661,0
2025-07-01,104,10,1044,0
2025-07-01,104,11,990,0
2025-07-01,104,12,966,0
2025-07-01,104,14,993,1
2025-07-01,104,15,636,0
2025-07-01,105,1,1580,0
2025-07-01,105,2,904,1
2025-07-01,105,3,1033,0
2025-07-01,105,5,751,1
2025-07-01,105,6,613,0
2025-07-01,105,8,723,0
2025-07-01,105,9,1249,0
2025-07-01,105,10,962,0
2025-07-01,105,11,1178,0
2025-07-01,105,12,981,0
2025-07-01,105,13,485,0
2025-07-01,105,14,749,0
2025-07-01,105,15,617,0
2025-07-01,106,1,1617,0
2025-07-01,106,2,620,0
2025-07-01,106,3,1044,0
2025-07-01,106,4,995,0
2025-07-01,106,5,529,0
2025-07-01,106,6,660,0
2025-07-01,106,7,649,0
2025-07-01,106,8,673,0
2025-07-01,106,9,1372,0
2025-07-01,106,10,1050,0
2025-07-01,106,11,1145,0
2025-07-01,106,12,924,0
2025-07-01,106,13,495,0
2025-07-01,106,15,686,0
2025-07-01,107,1,1562,0
2025-07-01,107,3,1071,0
2025-07-01,107,4,1449,1
2025-07-01,107,5,628,0
2025-07-01,107,6,658,0
2025-07-01,107,8,698,0
2025-07-01,107,9,1316,0
2025-07-01,107,10,1004,0
2025-07-01,107,11,1098,0
2025-07-01,107,12,959,0
2025-07-01,107,14,817,0
2025-07-01,108,1,1498,0
2025-07-01,108,2,720,0
2025-07-01,108,3,935,0
2025-07-01,108,4,1059,0
2025-07-01,108,5,628,0
2025-07-01,108,6,720,0
2025-07-01,108,7,528,0
2025-07-01,108,8,666,0
2025-07-01,108,9,1287,0
2025-07-01,108,10,1180,0
2025-07-01,108,12,988,0
2025-07-01,108,13,508,0
2025-07-01,108,14,849,0
2025-07-01,108,15,577,0
2025-07-01,109,1,1169,0
2025-07-01,109,2,420,0
2025-07-01,109,3,1190,1
2025-07-01,109,4,1640,1
2025-07-01,109,5,438,0
2025-07-01,109,6,473,0
2025-07-01,109,7,442,0
2025-07-01,109,8,943,1
2025-07-01,109,9,903,0
2025-07-01,109,10,757,0
2025-07-01,109,11,733,0
2025-07-01,109,12,605,0
2025-07-01,109,13,305,0
2025-07-01,109,15,975,1
2025-07-01,110,1,1098,0
2025-07-01,110,2,487,0
2025-07-01,110,3,688,0
2025-07-01,110,4,832,0
2025-07-01,110,5,377,0
2025-07-01,110,6,424,0
2025-07-01,110,7,818,1
2025-07-01,110,8,491,0
2025-07-01,110,9,835,0
2025-07-01,110,10,720,0
2025-07-01,110,11,1463,1
2025-07-01,110,12,1301,1
2025-07-01,110,13,301,0
2025-07-01,110,15,761,1
2025-07-01,111,1,999,0
2025-07-01,111,2,879,1
2025-07-01,111,3,735,0
2025-07-01,111,4,1461,1
2025-07-01,111,5,437,0
2025-07-01,111,6,512,0
2025-07-01,111,7,383,0
2025-07-01,111,8,542,0
2025-07-01,111,9,976,0
2025-07-01,111,11,1403,1
2025-07-01,111,12,633,0
2025-07-01,111,13,307,0
2025-07-01,111,14,1025,1
2025-07-01,111,15,409,0
2025-07-01,112,1,1154,0
2025-07-01,112,2,436,0
2025-07-01,112,4,765,0
2025-07-01,112,5,411,0
2025-07-01,112,6,844,1
2025-07-01,112,7,391,0
2025-07-01,112,8,446,0
2025-07-01,112,10,791,0
2025-07-01,112,11,732,0
2025-07-01,112,12,580,0
2025-07-01,112,13,298,0
2025-07-01,112,14,529,0
2025-07-01,112,15,489,0
2025-07-01,113,1,958,0
2025-07-01,113,2,473,0
2025-07-01,113,3,1298,1
2025-07-01,113,5,839,1
2025-07-01,113,6,471,0
2025-07-01,113,8,520,0
2025-07-01,113,9,1747,1
2025-07-01,113,10,816,0
2025-07-01,113,11,712,0
2025-07-01,113,12,1355,1
2025-07-01,113,13,331,0
2025-07-01,113,14,964,1
2025-07-01,113,15,414,0
2025-07-01,114,1,980,0
2025-07-01,114,2,408,0
2025-07-01,114,3,690,0
2025-07-01,114,4,684,0
2025-07-01,114,5,447,0
2025-07-01,114,6,525,0
2025-07-01,114,7,432,0
2025-07-01,114,8,494,0
2025-07-01,114,9,818,0
2025-07-01,114,10,819,0
2025-07-01,114,11,715,0
2025-07-01,114,12,686,0
2025-07-01,114,13,300,0
2025-07-01,114,14,585,0
2025-07-01,114,15,877,1
2025-07-01,115,1,1112,0
2025-07-01,115,2,412,0
2025-07-01,115,3,627,0
2025-07-01,115,4,763,0
2025-07-01,115,5,420,0
2025-07-01,115,7,378,0
2025-07-01,115,8,1007,1
2025-07-01,115,9,1570,1
2025-07-01,115,10,1370,1
2025-07-01,115,12,589,0
2025-07-01,115,13,284,0
2025-07-01,115,14,538,0
2025-07-01,115,15,406,0
2025-07-01,116,1,1062,0
2025-07-01,116,3,783,0
2025-07-01,116,5,388,0
2025-07-01,116,6,517,0
2025-07-01,116,7,365,0
2025-07-01,116,8,460,0
2025-07-01,116,9,1662,1
2025-07-01,116,10,713,0
2025-07-01,116,11,810,0
2025-07-01,116,12,641,0
2025-07-01,116,13,310,0
2025-07-01,116,14,556,0
2025-07-01,116,15,450,0
2025-07-01,117,1,776,0
2025-07-01,117,2,372,0
2025-07-01,117,3,559,0
2025-07-01,117,4,527,0
2025-07-01,117,5,285,0
2025-07-01,117,6,406,0
2025-07-01,117,7,320,0
2025-07-01,117,8,485,1
2025-07-01,117,10,544,0
2025-07-01,117,11,603,0
2025-07-01,117,12,676,1
2025-07-01,117,13,242,0
2025-07-01,117,14,387,0
2025-07-01,117,15,315,0
2025-07-01,118,1,860,0
2025-07-01,118,2,363,0
2025-07-01,118,3,607,0
2025-07-01,118,4,611,0
2025-07-01,118,5,332,0
2025-07-01,118,6,397,0
2025-07-01,118,8,409,0
2025-07-01,118,9,690,0
2025-07-01,118,10,569,0
2025-07-01,118,11,603,0
2025-07-01,118,12,503,0
2025-07-01,118,13,273,0
2025-07-01,118,14,397,0
2025-07-01,119,1,905,0
2025-07-01,119,2,328,0
2025-07-01,119,3,512,0
2025-07-01,119,4,518,0
2025-07-01,119,5,321,0
2025-07-01,119,6,365,0
2025-07-01,119,7,300,0
2025-07-01,119,8,353,0
2025-07-01,119,10,738,1
2025-07-01,119,11,518,0
2025-07-01,119,12,435,0
2025-07-01,119,13,222,0
2025-07-01,119,14,374,0
2025-07-01,119,15,370,0
2025-07-01,120,1,830,0
2025-07-01,120,2,306,0
2025-07-01,120,3,503,0
2025-07-01,120,4,622,0
2025-07-01,120,5,286,0
2025-07-01,120,6,382,0
2025-07-01,120,7,356,0
2025-07-01,120,8,349,0
2025-07-01,120,9,1031,1
2025-07-01,120,10,729,1
2025-07-01,120,11,550,0
2025-07-01,120,12,516,0
2025-07-01,120,13,334,1
2025-07-01,120,14,404,0
2025-07-01,121,1,819,0
2025-07-01,121,2,371,0
2025-07-01,121,3,570,0
2025-07-01,121,4,573,0
2025-07-01,121,5,331,0
2025-07-01,121,6,401,0
2025-07-01,121,7,320,0
2025-07-01,121,9,756,0
2025-07-01,121,10,625,0
2025-07-01,121,11,639,0
2025-07-01,121,12,499,0
2025-07-01,121,13,223,0
2025-07-01,121,14,369,0
2025-07-01,121,15,379,0
2025-07-01,122,1,795,0
2025-07-01,122,2,314,0
2025-07-01,122,3,538,0
2025-07-01,122,5,313,0
2025-07-01,122,8,368,0
2025-07-01,122,10,533,0
2025-07-01,122,11,773,1
2025-07-01,122,12,465,0
2025-07-01,122,13,252,0
2025-07-01,122,14,392,0
2025-07-01,122,15,373,0
2025-07-01,123,1,884,0
2025-07-01,123,2,360,0
2025-07-01,123,3,522,0
2025-07-01,123,4,630,0
2025-07-01,123,5,341,0
2025-07-01,123,6,413,0
2025-07-01,123,7,294,0
2025-07-01,123,8,393,0
2025-07-01,123,9,712,0
2025-07-01,123,10,590,0
2025-07-01,123,11,508,0
2025-07-01,123,12,461,0
2025-07-01,123,13,244,0
2025-07-01,123,14,441,0
2025-07-01,123,15,336,0
2025-07-01,124,1,959,1
2025-07-01,124,2,317,0
2025-07-01,124,3,494,0
2025-07-01,124,4,580,0
2025-07-01,124,5,293,0
2025-07-01,124,7,336,0
2025-07-01,124,8,425,0
2025-07-01,124,10,545,0
2025-07-01,124,11,627,0
2025-07-01,124,13,264,0
2025-07-01,124,15,355,0
2025-07-01,125,1,574,0
2025-07-01,125,2,242,0
2025-07-01,125,3,440,0
2025-07-01,125,4,404,0
2025-07-01,125,5,250,0
2025-07-01,125,6,289,0
2025-07-01,125,7,267,0
2025-07-01,125,8,284,0
2025-07-01,125,9,838,1
2025-07-01,125,10,442,0
2025-07-01,125,11,393,0
2025-07-01,125,12,393,0
2025-07-01,125,13,169,0
2025-07-01,125,14,347,0
2025-07-01,125,15,240,0
2025-07-01,126,1,590,0
2025-07-01,126,2,380,1
2025-07-01,126,3,530,1
2025-07-01,126,5,228,0
2025-07-01,126,6,280,0
2025-07-01,126,8,274,0
2025-07-01,126,9,472,0
2025-07-01,126,10,402,0
2025-07-01,126,11,477,0
2025-07-01,126,12,469,1
2025-07-01,126,13,195,0
2025-07-01,126,14,284,0
2025-07-01,126,15,249,0
2025-07-01,127,1,599,0
2025-07-01,127,2,232,0
2025-07-01,127,3,439,0
2025-07-01,127,4,426,0
2025-07-01,127,5,205,0
2025-07-01,127,7,262,0
2025-07-01,127,8,260,0
2025-07-01,127,9,509,0
2025-07-01,127,10,448,0
2025-07-01,127,11,410,0
2025-07-01,127,12,341,0
2025-07-01,127,13,176,0
2025-07-01,127,14,328,0
2025-07-01,127,15,230,0
2025-07-01,128,1,919,1
2025-07-01,128,2,244,0
2025-07-01,128,3,450,0
2025-07-01,128,4,469,0
2025-07-01,128,5,258,0
2025-07-01,128,6,291,0
2025-07-01,128,7,251,0
2025-07-01,128,8,273,0
2025-07-01,128,9,571,0
2025-07-01,128,10,397,0
2025-07-01,128,11,433,0
2025-07-01,128,12,358,0
2025-07-01,128,13,169,0
2025-07-01,128,14,305,0
2025-07-01,128,15,255,0
2025-07-01,129,1,775,1
2025-07-01,129,2,287,0
2025-07-01,129,3,451,0
2025-07-01,129,4,434,0
2025-07-01,129,5,286,1
2025-07-01,129,6,310,0
2025-07-01,129,7,234,0
2025-07-01,129,8,261,0
2025-07-01,129,9,534,0
2025-07-01,129,11,409,0
2025-07-01,129,12,403,0
2025-07-01,129,13,198,0
2025-07-01,129,14,323,0
2025-07-01,129,15,242,0
2025-07-01,130,1,678,0
2025-07-01,130,2,271,0
2025-07-01,130,3,604,1
2025-07-01,130,4,398,0
2025-07-01,130,5,247,0
2025-07-01,130,6,246,0
2025-07-01,130,7,234,0
2025-07-01,130,8,299,0
2025-07-01,130,9,472,0
2025-07-01,130,10,450,0
2025-07-01,130,11,463,0
2025-07-01,130,12,328,0
2025-07-01,130,13,193,0
2025-07-01,130,14,328,0
2025-07-01,130,15,288,0
2025-07-01,131,1,646,0
2025-07-01,131,2,304,1
2025-07-01,131,3,592,1
2025-07-01,131,4,460,0
2025-07-01,131,5,218,0
2025-07-01,131,7,251,0
2025-07-01,131,8,292,0
2025-07-01,131,9,490,0
2025-07-01,131,10,450,0
2025-07-01,131,11,474,0
2025-07-01,131,12,328,0
2025-07-01,131,13,202,0
2025-07-01,131,14,308,0
2025-07-01,131,15,269,0
2025-07-01,132,1,560,0
2025-07-01,132,2,243,0
2025-07-01,132,3,441,0
2025-07-01,132,4,415,0
2025-07-01,132,5,215,0
2025-07-01,132,6,310,0
2025-07-01,132,7,259,0
2025-07-01,132,8,274,0
2025-07-01,132,9,592,0
2025-07-01,132,10,650,1
2025-07-01,132,11,458,0
2025-07-01,132,12,387,0
2025-07-01,132,13,230,1
2025-07-01,132,14,330,0
2025-07-01,132,15,270,0
2025-07-01,133,1,1389,0
2025-07-01,133,2,878,1
2025-07-01,133,3,1001,0
2025-07-01,133,4,897,0
2025-07-01,133,5,583,0
2025-07-01,133,6,600,0
2025-07-01,133,7,570,0
2025-07-01,133,8,695,0
2025-07-01,133,9,1245,0
2025-07-01,133,10,890,0
2025-07-01,133,12,884,0
2025-07-01,133,13,372,0
2025-07-01,133,14,638,0
2025-07-01,133,15,512,0
2025-07-01,134,1,1647,1
2025-07-01,134,2,594,0
2025-07-01,134,3,846,0
2025-07-01,134,4,1030,0
2025-07-01,134,5,520,0
2025-07-01,134,6,587,0
2025-07-01,134,7,539,0
2025-07-01,134,8,690,0
2025-07-01,134,9,1324,0
2025-07-01,134,10,846,0
2025-07-01,134,11,914,0
2025-07-01,134,12,781,0
2025-07-01,134,13,403,0
2025-07-01,134,14,652,0
2025-07-01,134,15,548,0
2025-07-01,135,1,1407,0
2025-07-01,135,2,644,0
2025-07-01,135,3,879,0
2025-07-01,135,4,882,0
2025-07-01,135,5,560,0
2025-07-01,135,7,549,0
2025-07-01,135,8,653,0
2025-07-01,135,9,1251,0
2025-07-01,135,11,932,0
2025-07-01,135,12,911,0
2025-07-01,135,13,434,0
2025-07-01,135,14,616,0
2025-07-01,135,15,609,0
2025-07-01,136,1,1452,0
2025-07-01,136,2,644,0
2025-07-01,136,3,990,0
2025-07-01,136,4,975,0
2025-07-01,136,5,504,0
2025-07-01,136,6,547,0
2025-07-01,136,7,490,0
2025-07-01,136,8,589,0
2025-07-01,136,9,1121,0
2025-07-01,136,10,973,0
2025-07-01,136,11,985,0
2025-07-01,136,12,778,0
2025-07-01,136,13,398,0
2025-07-01,136,14,687,0
2025-07-01,136,15,518,0
2025-07-01,137,2,800,1
2025-07-01,137,4,960,0
2025-07-01,137,5,487,0
2025-07-01,137,6,656,0
2025-07-01,137,7,564,0
2025-07-01,137,8,686,0
2025-07-01,137,9,1129,0
2025-07-01,137,10,940,0
2025-07-01,137,11,980,0
2025-07-01,137,14,735,0
2025-07-01,137,15,536,0
2025-07-01,138,1,1303,0
2025-07-01,138,2,613,0
2025-07-01,138,3,843,0
2025-07-01,138,4,936,0
2025-07-01,138,5,809,1
2025-07-01,138,6,550,0
2025-07-01,138,7,785,1
2025-07-01,138,8,630,0
2025-07-01,138,9,1134,0
2025-07-01,138,10,1006,0
2025-07-01,138,11,1039,0
2025-07-01,138,12,764,0
2025-07-01,138,13,410,0
2025-07-01,138,14,1073,1
2025-07-01,138,15,638,0
2025-07-01,139,2,634,0
2025-07-01,139,3,918,0
2025-07-01,139,4,954,0
2025-07-01,139,5,527,0
2025-07-01,139,6,583,0
2025-07-01,139,7,759,1
2025-07-01,139,8,634,0
2025-07-01,139,9,1555,1
2025-07-01,139,10,996,0
2025-07-01,139,11,1066,0
2025-07-01,139,12,780,0
2025-07-01,139,13,419,0
2025-07-01,139,14,633,0
2025-07-01,139,15,561,0
2025-07-01,140,1,1222,0
2025-07-01,140,2,724,1
2025-07-01,140,3,800,0
2025-07-01,140,4,901,0
2025-07-01,140,5,517,0
2025-07-01,140,6,645,0
2025-07-01,140,7,495,0
2025-07-01,140,8,726,0
2025-07-01,140,9,1247,0
2025-07-01,140,10,968,0
2025-07-01,140,11,1060,0
2025-07-01,140,13,371,0
2025-07-01,140,14,702,0
2025-07-01,140,15,526,0
2025-08-01,101,1,1585,0
2025-08-01,101,3,971,0
2025-08-01,101,5,561,0
2025-08-01,101,6,698,0
2025-08-01,101,7,531,0
2025-08-01,101,8,702,0
2025-08-01,101,9,1205,0
2025-08-01,101,10,1552,1
2025-08-01,101,11,1092,0
2025-08-01,101,12,895,0
2025-08-01,101,13,508,0
2025-08-01,101,14,813,0
2025-08-01,101,15,696,0
2025-08-01,102,1,1373,0
2025-08-01,102,2,570,0
2025-08-01,102,5,597,0
2025-08-01,102,6,750,0
2025-08-01,102,7,630,0
2025-08-01,102,8,704,0
2025-08-01,102,9,1208,0
2025-08-01,102,10,1093,0
2025-08-01,102,11,1142,0
2025-08-01,102,12,1018,0
2025-08-01,102,14,838,0
2025-08-01,103,2,691,0
2025-08-01,103,4,1088,0
2025-08-01,103,5,576,0
2025-08-01,103,6,629,0
2025-08-01,103,7,668,0
2025-08-01,103,8,769,0
2025-08-01,103,9,1470,0
2025-08-01,103,10,1154,0
2025-08-01,103,11,1072,0
2025-08-01,103,12,929,0
2025-08-01,103,14,855,0
2025-08-01,103,15,671,0
2025-08-01,104,1,1592,0
2025-08-01,104,2,588,0
2025-08-01,104,3,1107,0
2025-08-01,104,4,1139,0
2025-08-01,104,5,534,0
2025-08-01,104,6,722,0
2025-08-01,104,7,626,0
2025-08-01,104,8,782,0
2025-08-01,104,9,1401,0
2025-08-01,104,10,1045,0
2025-08-01,104,11,1038,0
2025-08-01,104,12,1045,1
2025-08-01,104,13,468,0
2025-08-01,104,14,706,0
2025-08-01,104,15,569,0
2025-08-01,105,1,1492,0
2025-08-01,105,3,1530,1
2025-08-01,105,4,1095,0
2025-08-01,105,5,559,0
2025-08-01,105,6,616,0
2025-08-01,105,7,643,0
2025-08-01,105,8,799,0
2025-08-01,105,10,1058,0
2025-08-01,105,11,1090,0
2025-08-01,105,12,1008,0
2025-08-01,105,13,464,0
2025-08-01,105,14,702,0
2025-08-01,105,15,570,0
2025-08-01,106,1,1657,0
2025-08-01,106,2,585,0
2025-08-01,106,3,1047,0
2025-08-01,106,4,1053,0
2025-08-01,106,5,562,0
2025-08-01,106,7,568,0
2025-08-01,106,8,710,0
2025-08-01,106,9,1404,0
2025-08-01,106,10,1174,0
2025-08-01,106,11,1123,0
2025-08-01,106,12,1017,0
2025-08-01,106,13,453,0
2025-08-01,106,14,768,0
2025-08-01,106,15,648,0
2025-08-01,107,1,1664,0
2025-08-01,107,2,678,0
2025-08-01,107,3,925,0
2025-08-01,107,4,1081,0
2025-08-01,107,5,519,0
2025-08-01,107,7,664,0
2025-08-01,107,8,666,0
2025-08-01,107,9,1241,0
2025-08-01,107,10,1041,0
2025-08-01,107,12,922,0
2025-08-01,107,13,508,0
2025-08-01,107,14,866,0
2025-08-01,108,1,2129,1
2025-08-01,108,2,571,0
2025-08-01,108,3,985,0
2025-08-01,108,4,1201,0
2025-08-01,108,5,534,0
2025-08-01,108,6,730,0
2025-08-01,108,8,793,0
2025-08-01,108,9,1414,0
2025-08-01,108,10,1012,0
2025-08-01,108,11,1018,0
2025-08-01,108,13,464,0
2025-08-01,108,14,837,0
2025-08-01,108,15,639,0
2025-08-01,109,1,1061,0
2025-08-01,109,2,463,0
2025-08-01,109,3,1328,1
2025-08-01,109,4,823,0
2025-08-01,109,5,403,0
2025-08-01,109,6,531,0
2025-08-01,109,7,377,0
2025-08-01,109,8,482,0
2025-08-01,109,9,976,0
2025-08-01,109,10,1375,1
2025-08-01,109,11,818,0
2025-08-01,109,12,1207,1
2025-08-01,109,13,293,0
2025-08-01,109,14,579,0
2025-08-01,109,15,470,0
2025-08-01,110,1,1006,0
2025-08-01,110,3,709,0
2025-08-01,110,4,1236,1
2025-08-01,110,5,745,1
2025-08-01,110,6,987,1
2025-08-01,110,7,400,0
2025-08-01,110,9,918,0
2025-08-01,110,10,736,0
2025-08-01,110,12,1123,1
2025-08-01,110,13,337,0
2025-08-01,110,14,497,0
2025-08-01,110,15,405,0
2025-08-01,111,1,933,0
2025-08-01,111,2,482,0
2025-08-01,111,3,652,0
2025-08-01,111,4,1361,1
2025-08-01,111,5,410,0
2025-08-01,111,6,456,0
2025-08-01,111,7,455,0
2025-08-01,111,8,514,0
2025-08-01,111,9,960,0
2025-08-01,111,10,1278,1
2025-08-01,111,11,761,0
2025-08-01,111,12,569,0
2025-08-01,111,13,343,0
2025-08-01,111,14,550,0
2025-08-01,111,15,448,0
2025-08-01,112,1,1028,0
2025-08-01,112,3,756,0
2025-08-01,112,4,824,0
2025-08-01,112,5,366,0
2025-08-01,112,6,478,0
2025-08-01,112,7,459,0
2025-08-01,112,8,1055,1
2025-08-01,112,10,1229,1
2025-08-01,112,11,750,0
2025-08-01,112,12,599,0
2025-08-01,112,13,659,1
2025-08-01,112,14,501,0
2025-08-01,112,15,439,0
2025-08-01,113,1,926,0
2025-08-01,113,3,783,0
2025-08-01,113,4,656,0
2025-08-01,113,5,422,0
2025-08-01,113,6,518,0
2025-08-01,113,7,440,0
2025-08-01,113,8,1078,1
2025-08-01,113,9,1000,0
2025-08-01,113,10,787,0
2025-08-01,113,11,1457,1
2025-08-01,113,12,1053,1
2025-08-01,113,13,359,0
2025-08-01,113,14,1187,1
2025-08-01,113,15,394,0
2025-08-01,114,1,982,0
2025-08-01,114,2,839,1
2025-08-01,114,3,662,0
2025-08-01,114,4,675,0
2025-08-01,114,5,436,0
2025-08-01,114,6,922,1
2025-08-01,114,8,877,1
2025-08-01,114,9,1886,1
2025-08-01,114,10,758,0
2025-08-01,114,11,1346,1
2025-08-01,114,12,704,0
2025-08-01,114,13,310,0
2025-08-01,114,14,1057,1
2025-08-01,114,15,413,0
2025-08-01,115,1,2009,1
2025-08-01,115,2,432,0
2025-08-01,115,3,677,0
2025-08-01,115,4,731,0
2025-08-01,115,5,362,0
2025-08-01,115,6,488,0
2025-08-01,115,7,417,0
2025-08-01,115,8,536,0
2025-08-01,115,9,998,0
2025-08-01,115,10,650,0
2025-08-01,115,11,671,0
2025-08-01,115,12,1046,1
2025-08-01,115,13,356,0
2025-08-01,115,14,1088,1
2025-08-01,115,15,881,1
2025-08-01,116,1,2168,1
2025-08-01,116,2,424,0
2025-08-01,116,3,754,0
2025-08-01,116,4,1697,1
2025-08-01,116,5,362,0
2025-08-01,116,6,481,0
2025-08-01,116,7,423,0
2025-08-01,116,8,468,0
2025-08-01,116,9,938,0
2025-08-01,116,10,1236,1
2025-08-01,116,11,771,0
2025-08-01,116,13,325,0
2025-08-01,116,14,590,0
2025-08-01,116,15,461,0
2025-08-01,117,1,801,0
2025-08-01,117,2,322,0
2025-08-01,117,3,593,1
2025-08-01,117,4,776,1
2025-08-01,117,5,294,0
2025-08-01,117,6,470,1
2025-08-01,117,7,299,0
2025-08-01,117,8,340,0
2025-08-01,117,10,532,0
2025-08-01,117,11,513,0
2025-08-01,117,12,472,0
2025-08-01,117,13,240,0
2025-08-01,117,14,417,0
2025-08-01,117,15,307,0
2025-08-01,118,1,726,0
2025-08-01,118,2,331,0
2025-08-01,118,3,473,0
2025-08-01,118,4,496,0
2025-08-01,118,5,271,0
2025-08-01,118,6,313,0
2025-08-01,118,7,389,1
2025-08-01,118,8,342,0
2025-08-01,118,9,567,0
2025-08-01,118,10,544,0
2025-08-01,118,11,525,0
2025-08-01,118,13,235,0
2025-08-01,118,14,348,0
2025-08-01,118,15,273,0
2025-08-01,119,1,690,0
2025-08-01,119,2,439,1
2025-08-01,119,3,450,0
2025-08-01,119,4,526,0
2025-08-01,119,5,261,0
2025-08-01,119,6,351,0
2025-08-01,119,8,308,0
2025-08-01,119,9,709,0
2025-08-01,119,10,696,1
2025-08-01,119,11,538,0
2025-08-01,119,12,390,0
2025-08-01,119,13,215,0
2025-08-01,119,14,384,0
2025-08-01,119,15,292,0
2025-08-01,120,1,715,0
2025-08-01,120,2,336,0
2025-08-01,120,3,431,0
2025-08-01,120,4,471,0
2025-08-01,120,5,283,0
2025-08-01,120,6,339,0
2025-08-01,120,7,303,0
2025-08-01,120,8,310,0
2025-08-01,120,9,636,0
2025-08-01,120,11,559,0
2025-08-01,120,12,488,0
2025-08-01,120,13,221,0
2025-08-01,120,14,345,0
2025-08-01,120,15,302,0
2025-08-01,121,1,697,0
2025-08-01,121,2,318,0
2025-08-01,121,3,526,0
2025-08-01,121,5,296,0
2025-08-01,121,6,294,0
2025-08-01,121,7,383,1
2025-08-01,121,8,310,0
2025-08-01,121,9,668,0
2025-08-01,121,10,469,0
2025-08-01,121,11,500,0
2025-08-01,121,12,397,0
2025-08-01,121,13,215,0
2025-08-01,121,14,354,0
2025-08-01,121,15,342,0
2025-08-01,122,1,713,0
2025-08-01,122,2,434,1
2025-08-01,122,3,434,0
2025-08-01,122,5,288,0
2025-08-01,122,6,394,1
2025-08-01,122,8,350,0
2025-08-01,122,9,673,0
2025-08-01,122,10,450,0
2025-08-01,122,11,495,0
2025-08-01,122,12,419,0
2025-08-01,122,13,242,0
2025-08-01,122,14,371,0
2025-08-01,122,15,285,0
2025-08-01,123,1,784,0
2025-08-01,123,2,295,0
2025-08-01,123,3,537,0
2025-08-01,123,4,495,0
2025-08-01,123,5,308,0
2025-08-01,123,6,335,0
2025-08-01,123,7,320,0
2025-08-01,123,8,560,1
2025-08-01,123,10,450,0
2025-08-01,123,11,503,0
2025-08-01,123,12,562,1
2025-08-01,123,13,243,0
2025-08-01,123,14,383,0
2025-08-01,123,15,342,0
2025-08-01,124,1,684,0
2025-08-01,124,2,286,0
2025-08-01,124,4,534,0
2025-08-01,124,5,299,0
2025-08-01,124,6,346,0
2025-08-01,124,7,259,0
2025-08-01,124,8,335,0
2025-08-01,124,9,611,0
2025-08-01,124,11,675,1
2025-08-01,124,13,245,0
2025-08-01,124,14,355,0
2025-08-01,124,15,273,0
2025-08-01,125,1,670,0
2025-08-01,125,2,266,0
2025-08-01,125,3,400,0
2025-08-01,125,4,472,0
2025-08-01,125,5,247,0
2025-08-01,125,6,287,0
2025-08-01,125,7,217,0
2025-08-01,125,8,290,0
2025-08-01,125,9,536,0
2025-08-01,125,10,463,0
2025-08-01,125,11,388,0
2025-08-01,125,12,354,0
2025-08-01,125,13,187,0
2025-08-01,125,14,300,0
2025-08-01,125,15,326,1
2025-08-01,126,1,661,0
2025-08-01,126,2,239,0
2025-08-01,126,3,423,0
2025-08-01,126,4,459,0
2025-08-01,126,5,246,0
2025-08-01,126,6,293,0
2025-08-01,126,7,225,0
2025-08-01,126,8,272,0
2025-08-01,126,9,579,0
2025-08-01,126,10,456,0
2025-08-01,126,11,474,0
2025-08-01,126,12,367,0
2025-08-01,126,13,195,0
2025-08-01,126,14,333,0
2025-08-01,126,15,255,0
2025-08-01,127,1,591,0
2025-08-01,127,2,276,0
2025-08-01,127,3,401,0
2025-08-01,127,4,465,0
2025-08-01,127,5,239,0
2025-08-01,127,8,281,0
2025-08-01,127,9,510,0
2025-08-01,127,10,468,0
2025-08-01,127,11,389,0
2025-08-01,127,12,372,0
2025-08-01,127,13,185,0
2025-08-01,127,14,291,0
2025-08-01,127,15,275,0
2025-08-01,128,1,644,0
2025-08-01,128,3,446,0
2025-08-01,128,4,451,0
2025-08-01,128,5,209,0
2025-08-01,128,6,252,0
2025-08-01,128,7,239,0
2025-08-01,128,8,260,0
2025-08-01,128,9,541,0
2025-08-01,128,10,440,0
2025-08-01,128,11,473,0
2025-08-01,128,12,360,0
2025-08-01,128,13,173,0
2025-08-01,128,14,324,0
2025-08-01,128,15,252,0
2025-08-01,129,1,651,0
2025-08-01,129,2,388,1
2025-08-01,129,3,431,0
2025-08-01,129,5,226,0
2025-08-01,129,6,266,0
2025-08-01,129,7,244,0
2025-08-01,129,8,295,0
2025-08-01,129,9,549,0
2025-08-01,129,10,445,0
2025-08-01,129,11,476,0
2025-08-01,129,12,370,0
2025-08-01,129,13,228,1
2025-08-01,129,14,319,0
2025-08-01,129,15,239,0
2025-08-01,130,2,322,1
2025-08-01,130,3,378,0
2025-08-01,130,4,441,0
2025-08-01,130,5,302,1
2025-08-01,130,6,255,0
2025-08-01,130,7,243,0
2025-08-01,130,8,275,0
2025-08-01,130,9,566,0
2025-08-01,130,10,417,0
2025-08-01,130,11,465,0
2025-08-01,130,12,476,1
2025-08-01,130,13,197,0
2025-08-01,130,14,295,0
2025-08-01,130,15,244,0
2025-08-01,131,2,270,0
2025-08-01,131,3,416,0
2025-08-01,131,4,442,0
2025-08-01,131,5,243,0
2025-08-01,131,6,301,0
2025-08-01,131,7,228,0
2025-08-01,131,8,277,0
2025-08-01,131,9,548,0
2025-08-01,131,10,448,0
2025-08-01,131,11,412,0
2025-08-01,131,12,335,0
2025-08-01,131,13,231,1
2025-08-01,131,14,338,0
2025-08-01,131,15,243,0
2025-08-01,132,1,598,0
2025-08-01,132,2,281,0
2025-08-01,132,3,375,0
2025-08-01,132,4,396,0
2025-08-01,132,5,260,0
2025-08-01,132,6,281,0
2025-08-01,132,7,223,0
2025-08-01,132,8,295,0
2025-08-01,132,9,556,0
2025-08-01,132,11,409,0
2025-08-01,132,12,351,0
2025-08-01,132,13,232,1
2025-08-01,132,14,343,0
2025-08-01,132,15,268,0
2025-08-01,133,1,1413,0
2025-08-01,133,2,549,0
2025-08-01,133,3,1206,1
2025-08-01,133,4,913,0
2025-08-01,133,5,476,0
2025-08-01,133,6,560,0
2025-08-01,133,7,514,0
2025-08-01,133,8,699,0
2025-08-01,133,9,1240,0
2025-08-01,133,10,1322,1
2025-08-01,133,11,921,0
2025-08-01,133,12,708,0
2025-08-01,133,13,364,0
2025-08-01,133,14,748,0
2025-08-01,134,1,1194,0
2025-08-01,134,2,555,0
2025-08-01,134,4,866,0
2025-08-01,134,5,512,0
2025-08-01,134,6,590,0
2025-08-01,134,7,562,0
2025-08-01,134,8,561,0
2025-08-01,134,9,1170,0
2025-08-01,134,12,816,0
2025-08-01,134,14,814,1
2025-08-01,134,15,553,0
2025-08-01,135,1,1453,0
2025-08-01,135,2,531,0
2025-08-01,135,3,802,0
2025-08-01,135,5,496,0
2025-08-01,135,6,560,0
2025-08-01,135,7,480,0
2025-08-01,135,8,649,0
2025-08-01,135,9,1217,0
2025-08-01,135,10,1198,1
2025-08-01,135,11,850,0
2025-08-01,135,12,753,0
2025-08-01,135,13,399,0
2025-08-01,135,14,751,0
2025-08-01,135,15,502,0
2025-08-01,136,1,1416,0
2025-08-01,136,2,529,0
2025-08-01,136,3,817,0
2025-08-01,136,4,904,0
2025-08-01,136,5,462,0
2025-08-01,136,6,551,0
2025-08-01,136,7,463,0
2025-08-01,136,8,626,0
2025-08-01,136,10,816,0
2025-08-01,136,11,986,0
2025-08-01,136,12,781,0
2025-08-01,136,13,355,0
2025-08-01,136,14,788,1
2025-08-01,136,15,806,1
2025-08-01,137,1,1470,0
2025-08-01,137,2,559,0
2025-08-01,137,3,823,0
2025-08-01,137,4,943,0
2025-08-01,137,5,562,0
2025-08-01,137,6,597,0
2025-08-01,137,8,576,0
2025-08-01,137,9,1027,0
2025-08-01,137,10,874,0
2025-08-01,137,11,959,0
2025-08-01,137,12,808,0
2025-08-01,137,13,543,1
2025-08-01,137,14,644,0
2025-08-01,137,15,504,0
2025-08-01,138,1,1286,0
2025-08-01,138,2,612,0
2025-08-01,138,3,841,0
2025-08-01,138,4,892,0
2025-08-01,138,5,445,0
2025-08-01,138,6,546,0
2025-08-01,138,7,512,0
2025-08-01,138,8,576,0
2025-08-01,138,9,1577,1
2025-08-01,138,11,975,0
2025-08-01,138,12,828,0
2025-08-01,138,13,444,0
2025-08-01,138,14,671,0
2025-08-01,138,15,563,0
2025-08-01,139,1,1282,0
2025-08-01,139,2,751,1
2025-08-01,139,3,937,0
2025-08-01,139,4,840,0
2025-08-01,139,6,648,0
2025-08-01,139,7,552,0
2025-08-01,139,8,565,0
2025-08-01,139,9,1122,0
2025-08-01,139,10,1365,1
2025-08-01,139,11,1292,1
2025-08-01,139,12,864,0
2025-08-01,139,13,387,0
2025-08-01,139,14,670,0
2025-08-01,139,15,624,0
2025-08-01,140,1,1588,1
2025-08-01,140,3,864,0
2025-08-01,140,4,925,0
2025-08-01,140,5,494,0
2025-08-01,140,6,649,0
2025-08-01,140,7,558,0
2025-08-01,140,9,1258,0
2025-08-01,140,10,1403,1
2025-08-01,140,11,950,0
2025-08-01,140,13,433,0
2025-08-01,140,15,657,1
2025-09-01,101,1,1536,0
2025-09-01,101,2,649,0
2025-09-01,101,3,1095,0
2025-09-01,101,4,974,0
2025-09-01,101,5,611,0
2025-09-01,101,6,628,0
2025-09-01,101,7,621,0
2025-09-01,101,8,693,0
2025-09-01,101,10,1023,0
2025-09-01,101,11,1152,0
2025-09-01,101,12,986,0
2025-09-01,101,13,501,0
2025-09-01,101,14,756,0
2025-09-01,101,15,696,0
2025-09-01,102,1,1635,0
2025-09-01,102,2,641,0
2025-09-01,102,3,1318,1
2025-09-01,102,4,1140,0
2025-09-01,102,5,564,0
2025-09-01,102,6,630,0
2025-09-01,102,7,591,0
2025-09-01,102,8,746,0
2025-09-01,102,9,1473,0
2025-09-01,102,10,1109,0
2025-09-01,102,11,1042,0
2025-09-01,102,12,972,0
2025-09-01,102,13,414,0
2025-09-01,102,14,817,0
2025-09-01,102,15,657,0
2025-09-01,103,1,1384,0
2025-09-01,103,2,637,0
2025-09-01,103,3,1059,0
2025-09-01,103,4,1510,1
2025-09-01,103,5,568,0
2025-09-01,103,6,732,0
2025-09-01,103,7,574,0
2025-09-01,103,8,670,0
2025-09-01,103,9,1424,0
2025-09-01,103,10,1071,0
2025-09-01,103,11,1050,0
2025-09-01,103,12,871,0
2025-09-01,103,13,473,0
2025-09-01,103,14,795,0
2025-09-01,103,15,646,0
2025-09-01,104,1,1633,0
2025-09-01,104,2,657,0
2025-09-01,104,3,1079,0
2025-09-01,104,4,1203,0
2025-09-01,104,5,581,0
2025-09-01,104,6,817,1
2025-09-01,104,7,570,0
2025-09-01,104,8,728,0
2025-09-01,104,9,1696,1
2025-09-01,104,10,1190,0
2025-09-01,104,11,1079,0
2025-09-01,104,12,937,0
2025-09-01,104,13,449,0
2025-09-01,104,14,735,0
2025-09-01,104,15,650,0
2025-09-01,105,1,1700,0
2025-09-01,105,2,598,0
2025-09-01,105,3,950,0
2025-09-01,105,4,1023,0
2025-09-01,105,5,718,1
2025-09-01,105,6,736,0
2025-09-01,105,7,577,0
2025-09-01,105,8,801,0
2025-09-01,105,10,1071,0
2025-09-01,105,11,1103,0
2025-09-01,105,12,854,0
2025-09-01,105,13,480,0
2025-09-01,105,14,865,0
2025-09-01,105,15,645,0
2025-09-01,106,1,1462,0
2025-09-01,106,2,594,0
2025-09-01,106,3,1437,1
2025-09-01,106,4,1180,0
2025-09-01,106,5,630,0
2025-09-01,106,6,680,0
2025-09-01,106,7,665,0
2025-09-01,106,8,684,0
2025-09-01,106,9,1230,0
2025-09-01,106,10,942,0
2025-09-01,106,11,1497,1
2025-09-01,106,12,1008,0
2025-09-01,106,13,513,0
2025-09-01,106,14,815,0
2025-09-01,106,15,869,1
2025-09-01,107,1,1703,0
2025-09-01,107,3,921,0
2025-09-01,107,4,1019,0
2025-09-01,107,5,824,1
2025-09-01,107,6,692,0
2025-09-01,107,7,533,0
2025-09-01,107,8,756,0
2025-09-01,107,9,1467,0
2025-09-01,107,10,1114,0
2025-09-01,107,11,1153,0
2025-09-01,107,12,1014,0
2025-09-01,107,13,697,1
2025-09-01,107,14,769,0
2025-09-01,107,15,680,0
2025-09-01,108,1,1600,0
2025-09-01,108,2,638,0
2025-09-01,108,3,1104,0
2025-09-01,108,4,1025,0
2025-09-01,108,5,551,0
2025-09-01,108,6,612,0
2025-09-01,108,7,665,0
2025-09-01,108,8,741,0
2025-09-01,108,9,1450,0
2025-09-01,108,10,1174,0
2025-09-01,108,11,954,0
2025-09-01,108,12,840,0
2025-09-01,108,13,443,0
2025-09-01,108,14,781,0
2025-09-01,108,15,624,0
2025-09-01,109,1,2019,1
2025-09-01,109,2,403,0
2025-09-01,109,3,670,0
2025-09-01,109,4,1566,1
2025-09-01,109,5,449,0
2025-09-01,109,6,781,1
2025-09-01,109,7,372,0
2025-09-01,109,9,1603,1
2025-09-01,109,10,804,0
2025-09-01,109,11,1429,1
2025-09-01,109,13,349,0
2025-09-01,109,14,594,0
2025-09-01,109,15,869,1
2025-09-01,110,2,931,1
2025-09-01,110,3,1423,1
2025-09-01,110,4,660,0
2025-09-01,110,5,424,0
2025-09-01,110,6,496,0
2025-09-01,110,7,426,0
2025-09-01,110,8,488,0
2025-09-01,110,9,1943,1
2025-09-01,110,10,671,0
2025-09-01,110,12,1221,1
2025-09-01,110,14,586,0
2025-09-01,110,15,950,1
2025-09-01,111,1,1048,0
2025-09-01,111,2,426,0
2025-09-01,111,3,646,0
2025-09-01,111,4,733,0
2025-09-01,111,5,410,0
2025-09-01,111,6,987,1
2025-09-01,111,7,433,0
2025-09-01,111,8,463,0
2025-09-01,111,9,1913,1
2025-09-01,111,10,1284,1
2025-09-01,111,11,1528,1
2025-09-01,111,12,1373,1
2025-09-01,111,14,518,0
2025-09-01,111,15,415,0
2025-09-01,112,1,1070,0
2025-09-01,112,3,712,0
2025-09-01,112,4,1271,1
2025-09-01,112,5,387,0
2025-09-01,112,6,535,0
2025-09-01,112,8,1072,1
2025-09-01,112,9,954,0
2025-09-01,112,10,718,0
2025-09-01,112,11,740,0
2025-09-01,112,12,671,0
2025-09-01,112,13,344,0
2025-09-01,112,14,551,0
2025-09-01,112,15,469,0
2025-09-01,113,1,2211,1
2025-09-01,113,2,813,1
2025-09-01,113,4,1406,1
2025-09-01,113,5,364,0
2025-09-01,113,6,432,0
2025-09-01,113,7,396,0
2025-09-01,113,8,537,0
2025-09-01,113,9,887,0
2025-09-01,113,10,707,0
2025-09-01,113,13,351,0
2025-09-01,113,14,1068,1
2025-09-01,113,15,440,0
2025-09-01,114,1,2291,1
2025-09-01,114,2,856,1
2025-09-01,114,3,1326,1
2025-09-01,114,4,785,0
2025-09-01,114,5,436,0
2025-09-01,114,6,518,0
2025-09-01,114,7,753,1
2025-09-01,114,8,554,0
2025-09-01,114,9,919,0
2025-09-01,114,10,1479,1
2025-09-01,114,11,669,0
2025-09-01,114,13,357,0
2025-09-01,114,15,474,0
2025-09-01,115,1,1899,1
2025-09-01,115,2,431,0
2025-09-01,115,4,825,0
2025-09-01,115,5,442,0
2025-09-01,115,6,455,0
2025-09-01,115,7,653,1
2025-09-01,115,8,448,0
2025-09-01,115,9,907,0
2025-09-01,115,10,1406,1
2025-09-01,115,11,813,0
2025-09-01,115,13,303,0
2025-09-01,115,14,506,0
2025-09-01,115,15,404,0
2025-09-01,116,2,461,0
2025-09-01,116,3,626,0
2025-09-01,116,4,1282,1
2025-09-01,116,5,408,0
2025-09-01,116,6,508,0
2025-09-01,116,7,375,0
2025-09-01,116,8,491,0
2025-09-01,116,9,838,0
2025-09-01,116,10,786,0
2025-09-01,116,11,757,0
2025-09-01,116,12,639,0
2025-09-01,116,13,345,0
2025-09-01,116,14,529,0
2025-09-01,116,15,847,1
2025-09-01,117,2,268,0
2025-09-01,117,3,480,0
2025-09-01,117,4,489,0
2025-09-01,117,5,376,1
2025-09-01,117,6,324,0
2025-09-01,117,7,296,0
2025-09-01,117,8,324,0
2025-09-01,117,9,666,0
2025-09-01,117,10,530,0
2025-09-01,117,11,456,0
2025-09-01,117,12,421,0
2025-09-01,117,13,213,0
2025-09-01,117,14,396,0
2025-09-01,117,15,320,0
2025-09-01,118,1,1123,1
2025-09-01,118,2,304,0
2025-09-01,118,3,464,0
2025-09-01,118,5,302,0
2025-09-01,118,6,507,1
2025-09-01,118,7,374,1
2025-09-01,118,8,363,0
2025-09-01,118,9,614,0
2025-09-01,118,10,488,0
2025-09-01,118,11,456,0
2025-09-01,118,12,459,0
2025-09-01,118,13,233,0
2025-09-01,118,14,415,0
2025-09-01,118,15,318,0
2025-09-01,119,1,811,0
2025-09-01,119,2,315,0
2025-09-01,119,3,504,0
2025-09-01,119,4,690,1
2025-09-01,119,5,327,1
2025-09-01,119,6,321,0
2025-09-01,119,7,313,0
2025-09-01,119,8,307,0
2025-09-01,119,9,626,0
2025-09-01,119,10,481,0
2025-09-01,119,11,467,0
2025-09-01,119,12,486,0
2025-09-01,119,14,370,0
2025-09-01,119,15,388,1
2025-09-01,120,1,668,0
2025-09-01,120,2,370,1
2025-09-01,120,3,601,1
2025-09-01,120,4,520,0
2025-09-01,120,5,289,0
2025-09-01,120,6,346,0
2025-09-01,120,7,255,0
2025-09-01,120,8,387,0
2025-09-01,120,9,652,0
2025-09-01,120,10,519,0
2025-09-01,120,11,471,0
2025-09-01,120,12,440,0
2025-09-01,120,13,206,0
2025-09-01,120,14,415,0
2025-09-01,120,15,331,0
2025-09-01,121,1,783,0
2025-09-01,121,2,274,0
2025-09-01,121,3,612,1
2025-09-01,121,4,548,0
2025-09-01,121,5,255,0
2025-09-01,121,6,329,0
2025-09-01,121,8,363,0
2025-09-01,121,9,575,0
2025-09-01,121,10,464,0
2025-09-01,121,11,530,0
2025-09-01,121,12,480,0
2025-09-01,121,13,252,1
2025-09-01,121,14,346,0
2025-09-01,121,15,280,0
2025-09-01,122,2,308,0
2025-09-01,122,3,503,0
2025-09-01,122,4,500,0
2025-09-01,122,5,254,0
2025-09-01,122,6,358,0
2025-09-01,122,7,297,0
2025-09-01,122,8,331,0
2025-09-01,122,9,668,0
2025-09-01,122,10,490,0
2025-09-01,122,11,574,0
2025-09-01,122,12,427,0
2025-09-01,122,13,215,0
2025-09-01,122,14,383,0
2025-09-01,122,15,342,0
2025-09-01,123,1,675,0
2025-09-01,123,2,321,0
2025-09-01,123,3,537,0
2025-09-01,123,4,563,0
2025-09-01,123,5,267,0
2025-09-01,123,6,295,0
2025-09-01,123,7,257,0
2025-09-01,123,8,374,0
2025-09-01,123,9,682,0
2025-09-01,123,10,493,0
2025-09-01,123,11,512,0
2025-09-01,123,12,480,0
2025-09-01,123,13,227,0
2025-09-01,123,15,274,0
2025-09-01,124,2,328,0
2025-09-01,124,3,441,0
2025-09-01,124,4,554,0
2025-09-01,124,5,285,0
2025-09-01,124,6,336,0
2025-09-01,124,7,296,0
2025-09-01,124,8,317,0
2025-09-01,124,10,632,1
2025-09-01,124,11,476,0
2025-09-01,124,12,595,1
2025-09-01,124,13,239,0
2025-09-01,124,14,350,0
2025-09-01,125,1,657,0
2025-09-01,125,2,266,0
2025-09-01,125,3,500,0
2025-09-01,125,4,494,0
2025-09-01,125,5,287,0
2025-09-01,125,6,308,0
2025-09-01,125,7,284,0
2025-09-01,125,8,340,0
2025-09-01,125,9,694,0
2025-09-01,125,10,504,0
2025-09-01,125,11,534,0
2025-09-01,125,12,443,0
2025-09-01,125,13,226,0
2025-09-01,125,14,401,0
2025-09-01,125,15,320,0
2025-09-01,126,1,751,0
2025-09-01,126,2,290,0
2025-09-01,126,3,519,0
2025-09-01,126,4,452,0
2025-09-01,126,5,268,0
2025-09-01,126,6,319,0
2025-09-01,126,7,267,0
2025-09-01,126,9,596,0
2025-09-01,126,10,488,0
2025-09-01,126,11,474,0
2025-09-01,126,13,251,1
2025-09-01,126,14,387,0
2025-09-01,126,15,315,0
2025-09-01,127,1,695,0
2025-09-01,127,2,328,0
2025-09-01,127,3,529,0
2025-09-01,127,4,482,0
2025-09-01,127,5,288,0
2025-09-01,127,6,353,0
2025-09-01,127,7,298,0
2025-09-01,127,8,381,0
2025-09-01,127,9,642,0
2025-09-01,127,11,447,0
2025-09-01,127,12,459,0
2025-09-01,127,14,346,0
2025-09-01,127,15,337,0
2025-09-01,128,1,801,0
2025-09-01,128,2,321,0
2025-09-01,128,4,462,0
2025-09-01,128,6,332,0
2025-09-01,128,8,541,1
2025-09-01,128,10,500,0
2025-09-01,128,11,459,0
2025-09-01,128,12,400,0
2025-09-01,128,13,232,0
2025-09-01,128,14,489,1
2025-09-01,128,15,340,0
2025-09-01,129,1,753,0
2025-09-01,129,2,310,0
2025-09-01,129,5,378,1
2025-09-01,129,6,298,0
2025-09-01,129,7,267,0
2025-09-01,129,8,355,0
2025-09-01,129,9,560,0
2025-09-01,129,10,683,1
2025-09-01,129,11,534,0
2025-09-01,129,12,418,0
2025-09-01,129,13,249,1
2025-09-01,129,14,329,0
2025-09-01,129,15,461,1
2025-09-01,130,1,1095,1
2025-09-01,130,2,261,0
2025-09-01,130,3,470,0
2025-09-01,130,4,544,0
2025-09-01,130,5,264,0
2025-09-01,130,6,333,0
2025-09-01,130,7,268,0
2025-09-01,130,8,376,0
2025-09-01,130,9,657,0
2025-09-01,130,10,496,0
2025-09-01,130,11,461,0
2025-09-01,130,12,412,0
2025-09-01,130,13,222,0
2025-09-01,130,14,328,0
2025-09-01,130,15,297,0
2025-09-01,131,1,678,0
2025-09-01,131,2,320,0
2025-09-01,131,3,434,0
2025-09-01,131,4,536,0
2025-09-01,131,5,306,0
2025-09-01,131,6,332,0
2025-09-01,131,7,283,0
2025-09-01,131,8,376,0
2025-09-01,131,9,622,0
2025-09-01,131,10,454,0
2025-09-01,131,11,499,0
2025-09-01,131,12,410,0
2025-09-01,131,13,206,0
2025-09-01,131,14,403,0
2025-09-01,131,15,273,0
2025-09-01,132,1,785,0
2025-09-01,132,2,284,0
2025-09-01,132,3,438,0
2025-09-01,132,4,570,0
2025-09-01,132,5,350,1
2025-09-01,132,6,319,0
2025-09-01,132,8,334,0
2025-09-01,132,9,690,0
2025-09-01,132,10,450,0
2025-09-01,132,11,563,0
2025-09-01,132,12,397,0
2025-09-01,132,13,234,0
2025-09-01,132,14,403,0
2025-09-01,132,15,279,0
2025-09-01,133,1,1471,1
2025-09-01,133,2,462,0
2025-09-01,133,3,738,0
2025-09-01,133,4,728,0
2025-09-01,133,6,423,0
2025-09-01,133,7,446,0
2025-09-01,133,8,449,0
2025-09-01,133,9,1250,1
2025-09-01,133,10,798,0
2025-09-01,133,11,677,0
2025-09-01,133,12,701,0
2025-09-01,133,13,330,0
2025-09-01,133,14,580,0
2025-09-01,133,15,537,1
2025-09-01,134,2,391,0
2025-09-01,134,3,766,0
2025-09-01,134,6,507,0
2025-09-01,134,7,454,0
2025-09-01,134,8,496,0
2025-09-01,134,9,1002,0
2025-09-01,134,10,777,0
2025-09-01,134,11,817,0
2025-09-01,134,12,681,0
2025-09-01,134,13,303,0
2025-09-01,134,14,531,0
2025-09-01,134,15,451,0
2025-09-01,135,1,1359,1
2025-09-01,135,2,406,0
2025-09-01,135,3,704,0
2025-09-01,135,4,706,0
2025-09-01,135,5,481,1
2025-09-01,135,6,520,0
2025-09-01,135,7,456,0
2025-09-01,135,8,446,0
2025-09-01,135,9,861,0
2025-09-01,135,10,653,0
2025-09-01,135,11,701,0
2025-09-01,135,12,699,0
2025-09-01,135,13,348,0
2025-09-01,135,14,536,0
2025-09-01,135,15,425,0
2025-09-01,136,1,988,0
2025-09-01,136,2,634,1
2025-09-01,136,3,702,0
2025-09-01,136,4,740,0
2025-09-01,136,5,435,0
2025-09-01,136,6,523,0
2025-09-01,136,7,421,0
2025-09-01,136,8,532,0
2025-09-01,136,9,944,0
2025-09-01,136,10,817,0
2025-09-01,136,12,654,0
2025-09-01,136,13,330,0
2025-09-01,136,14,536,0
2025-09-01,136,15,411,0
2025-09-01,137,1,1070,0
2025-09-01,137,2,443,0
2025-09-01,137,3,752,0
2025-09-01,137,4,800,0
2025-09-01,137,5,520,1
2025-09-01,137,6,447,0
2025-09-01,137,8,474,0
2025-09-01,137,10,830,0
2025-09-01,137,11,802,0
2025-09-01,137,12,576,0
2025-09-01,137,13,285,0
2025-09-01,137,14,518,0
2025-09-01,137,15,407,0
2025-09-01,138,1,1029,0
2025-09-01,138,2,423,0
2025-09-01,138,3,696,0
2025-09-01,138,4,672,0
2025-09-01,138,5,408,0
2025-09-01,138,6,530,0
2025-09-01,138,7,461,0
2025-09-01,138,8,495,0
2025-09-01,138,9,859,0
2025-09-01,138,10,754,0
2025-09-01,138,11,733,0
2025-09-01,138,12,640,0
2025-09-01,138,13,314,0
2025-09-01,138,15,455,0
2025-09-01,139,1,1116,0
2025-09-01,139,2,477,0
2025-09-01,139,3,738,0
2025-09-01,139,4,803,0
2025-09-01,139,5,369,0
2025-09-01,139,6,437,0
2025-09-01,139,7,408,0
2025-09-01,139,8,550,0
2025-09-01,139,10,1129,1
2025-09-01,139,11,763,0
2025-09-01,139,13,350,0
2025-09-01,139,14,584,0
2025-09-01,139,15,442,0
2025-09-01,140,1,1127,0
2025-09-01,140,2,440,0
2025-09-01,140,3,743,0
2025-09-01,140,4,806,0
2025-09-01,140,5,373,0
2025-09-01,140,7,386,0
2025-09-01,140,8,562,0
2025-09-01,140,9,878,0
2025-09-01,140,10,709,0
2025-09-01,140,11,910,1
2025-09-01,140,12,703,0
2025-09-01,140,13,306,0
2025-09-01,140,14,484,0
2025-09-01,140,15,413,0
2025-10-01,101,1,1760,1
2025-10-01,101,2,649,0
2025-10-01,101,3,907,0
2025-10-01,101,4,1099,0
2025-10-01,101,5,669,1
2025-10-01,101,6,615,0
2025-10-01,101,7,541,0
2025-10-01,101,8,697,0
2025-10-01,101,9,1217,0
2025-10-01,101,10,1106,0
2025-10-01,101,11,1012,0
2025-10-01,101,12,904,0
2025-10-01,101,13,445,0
2025-10-01,101,14,775,0
2025-10-01,101,15,630,0
2025-10-01,102,1,1433,0
2025-10-01,102,2,650,0
2025-10-01,102,3,1007,0
2025-10-01,102,5,761,1
2025-10-01,102,6,753,0
2025-10-01,102,7,590,0
2025-10-01,102,8,734,0
2025-10-01,102,9,1337,0
2025-10-01,102,10,1063,0
2025-10-01,102,11,1091,0
2025-10-01,102,12,939,0
2025-10-01,102,14,799,0
2025-10-01,102,15,660,0
2025-10-01,103,1,1458,0
2025-10-01,103,2,742,1
2025-10-01,103,3,1351,1
2025-10-01,103,4,1135,0
2025-10-01,103,5,559,0
2025-10-01,103,6,852,1
2025-10-01,103,7,583,0
2025-10-01,103,8,668,0
2025-10-01,103,9,1310,0
2025-10-01,103,10,1118,0
2025-10-01,103,11,1109,0
2025-10-01,103,12,1009,0
2025-10-01,103,13,465,0
2025-10-01,103,14,696,0
2025-10-01,103,15,710,0
2025-10-01,104,1,1519,0
2025-10-01,104,3,1077,0
2025-10-01,104,4,1621,1
2025-10-01,104,5,650,0
2025-10-01,104,6,682,0
2025-10-01,104,7,654,0
2025-10-01,104,8,712,0
2025-10-01,104,9,1275,0
2025-10-01,104,10,1501,1
2025-10-01,104,11,1129,0
2025-10-01,104,12,980,0
2025-10-01,104,13,506,0
2025-10-01,104,14,699,0
2025-10-01,104,15,598,0
2025-10-01,105,1,1417,0
2025-10-01,105,2,661,0
2025-10-01,105,3,1072,0
2025-10-01,105,4,1127,0
2025-10-01,105,5,564,0
2025-10-01,105,6,680,0
2025-10-01,105,8,800,0
2025-10-01,105,9,1414,0
2025-10-01,105,10,1043,0
2025-10-01,105,11,982,0
2025-10-01,105,13,424,0
2025-10-01,105,14,753,0
2025-10-01,105,15,697,0
2025-10-01,106,1,1427,0
2025-10-01,106,2,710,1
2025-10-01,106,3,939,0
2025-10-01,106,4,1464,1
2025-10-01,106,5,533,0
2025-10-01,106,7,636,0
2025-10-01,106,8,673,0
2025-10-01,106,9,1294,0
2025-10-01,106,10,1112,0
2025-10-01,106,11,1177,0
2025-10-01,106,12,1348,1
2025-10-01,106,13,432,0
2025-10-01,106,15,600,0
2025-10-01,107,1,1525,0
2025-10-01,107,2,548,0
2025-10-01,107,3,970,0
2025-10-01,107,4,1050,0
2025-10-01,107,5,574,0
2025-10-01,107,6,1035,1
2025-10-01,107,7,550,0
2025-10-01,107,8,767,0
2025-10-01,107,9,1234,0
2025-10-01,107,10,1088,0
2025-10-01,107,11,1092,0
2025-10-01,107,12,1008,0
2025-10-01,107,13,501,0
2025-10-01,107,14,744,0
2025-10-01,107,15,651,0
2025-10-01,108,1,1516,0
2025-10-01,108,3,941,0
2025-10-01,108,4,1118,0
2025-10-01,108,5,571,0
2025-10-01,108,6,767,0
2025-10-01,108,7,582,0
2025-10-01,108,8,792,0
2025-10-01,108,9,1352,0
2025-10-01,108,10,1120,0
2025-10-01,108,11,1105,0
2025-10-01,108,12,940,0
2025-10-01,108,13,494,0
2025-10-01,108,14,809,0
2025-10-01,108,15,648,0
2025-10-01,109,1,1029,0
2025-10-01,109,2,400,0
2025-10-01,109,3,653,0
2025-10-01,109,4,752,0
2025-10-01,109,5,725,1
2025-10-01,109,6,513,0
2025-10-01,109,7,383,0
2025-10-01,109,8,535,0
2025-10-01,109,9,987,0
2025-10-01,109,10,675,0
2025-10-01,109,11,1259,1
2025-10-01,109,12,1013,1
2025-10-01,109,13,298,0
2025-10-01,109,14,1131,1
2025-10-01,109,15,421,0
2025-10-01,110,2,750,1
2025-10-01,110,3,687,0
2025-10-01,110,4,688,0
2025-10-01,110,5,771,1
2025-10-01,110,6,493,0
2025-10-01,110,7,431,0
2025-10-01,110,10,824,0
2025-10-01,110,11,718,0
2025-10-01,110,12,587,0
2025-10-01,110,13,347,0
2025-10-01,110,14,1067,1
2025-10-01,110,15,430,0
2025-10-01,111,2,416,0
2025-10-01,111,3,720,0
2025-10-01,111,4,736,0
2025-10-01,111,5,920,1
2025-10-01,111,6,976,1
2025-10-01,111,7,448,0
2025-10-01,111,8,474,0
2025-10-01,111,9,848,0
2025-10-01,111,10,1289,1
2025-10-01,111,11,777,0
2025-10-01,111,12,638,0
2025-10-01,111,13,309,0
2025-10-01,111,14,519,0
2025-10-01,111,15,748,1
2025-10-01,112,1,1011,0
2025-10-01,112,2,464,0
2025-10-01,112,3,698,0
2025-10-01,112,5,693,1
2025-10-01,112,6,474,0
2025-10-01,112,7,435,0
2025-10-01,112,8,895,1
2025-10-01,112,9,975,0
2025-10-01,112,10,1190,1
2025-10-01,112,11,737,0
2025-10-01,112,12,587,0
2025-10-01,112,13,334,0
2025-10-01,112,14,999,1
2025-10-01,113,1,1871,1
2025-10-01,113,2,389,0
2025-10-01,113,3,690,0
2025-10-01,113,4,700,0
2025-10-01,113,5,424,0
2025-10-01,113,6,535,0
2025-10-01,113,7,428,0
2025-10-01,113,8,502,0
2025-10-01,113,9,811,0
2025-10-01,113,10,1376,1
2025-10-01,113,11,1499,1
2025-10-01,113,12,1379,1
2025-10-01,113,13,289,0
2025-10-01,113,14,506,0
2025-10-01,113,15,742,1
2025-10-01,114,1,1016,0
2025-10-01,114,2,705,1
2025-10-01,114,3,661,0
2025-10-01,114,4,784,0
2025-10-01,114,5,379,0
2025-10-01,114,6,471,0
2025-10-01,114,7,403,0
2025-10-01,114,8,460,0
2025-10-01,114,9,992,0
2025-10-01,114,10,652,0
2025-10-01,114,11,665,0
2025-10-01,114,12,634,0
2025-10-01,114,13,290,0
2025-10-01,114,14,578,0
2025-10-01,114,15,475,0
2025-10-01,115,1,1151,0
2025-10-01,115,2,399,0
2025-10-01,115,3,1364,1
2025-10-01,115,4,710,0
2025-10-01,115,6,474,0
2025-10-01,115,7,690,1
2025-10-01,115,9,860,0
2025-10-01,115,10,725,0
2025-10-01,115,11,684,0
2025-10-01,115,12,609,0
2025-10-01,115,13,323,0
2025-10-01,115,14,574,0
2025-10-01,115,15,409,0
2025-10-01,116,1,2283,1
2025-10-01,116,2,443,0
2025-10-01,116,3,643,0
2025-10-01,116,4,1422,1
2025-10-01,116,5,372,0
2025-10-01,116,6,508,0
2025-10-01,116,7,376,0
2025-10-01,116,8,468,0
2025-10-01,116,9,958,0
2025-10-01,116,10,1381,1
2025-10-01,116,11,680,0
2025-10-01,116,12,606,0
2025-10-01,116,13,560,1
2025-10-01,116,15,889,1
2025-10-01,117,1,651,0
2025-10-01,117,2,264,0
2025-10-01,117,3,529,0
2025-10-01,117,4,563,0
2025-10-01,117,5,303,0
2025-10-01,117,6,309,0
2025-10-01,117,7,361,1
2025-10-01,117,8,381,0
2025-10-01,117,9,603,0
2025-10-01,117,10,459,0
2025-10-01,117,11,522,0
2025-10-01,117,12,435,0
2025-10-01,117,13,200,0
2025-10-01,117,14,344,0
2025-10-01,117,15,288,0
2025-10-01,118,1,669,0
2025-10-01,118,2,287,0
2025-10-01,118,3,447,0
2025-10-01,118,4,476,0
2025-10-01,118,5,274,0
2025-10-01,118,6,317,0
2025-10-01,118,7,288,0
2025-10-01,118,8,353,0
2025-10-01,118,9,561,0
2025-10-01,118,10,481,0
2025-10-01,118,11,549,0
2025-10-01,118,12,478,0
2025-10-01,118,13,208,0
2025-10-01,118,14,407,0
2025-10-01,118,15,285,0
2025-10-01,119,2,425,1
2025-10-01,119,3,482,0
2025-10-01,119,4,502,0
2025-10-01,119,5,248,0
2025-10-01,119,6,423,1
2025-10-01,119,7,292,0
2025-10-01,119,8,501,1
2025-10-01,119,9,701,0
2025-10-01,119,10,467,0
2025-10-01,119,11,752,1
2025-10-01,119,12,566,1
2025-10-01,119,13,200,0
2025-10-01,119,14,408,0
2025-10-01,119,15,344,0
2025-10-01,120,1,1108,1
2025-10-01,120,2,270,0
2025-10-01,120,3,475,0
2025-10-01,120,4,574,0
2025-10-01,120,5,256,0
2025-10-01,120,6,313,0
2025-10-01,120,7,261,0
2025-10-01,120,9,619,0
2025-10-01,120,10,567,0
2025-10-01,120,11,455,0
2025-10-01,120,14,340,0
2025-10-01,120,15,287,0
2025-10-01,121,1,788,0
2025-10-01,121,2,432,1
2025-10-01,121,3,525,0
2025-10-01,121,4,529,0
2025-10-01,121,5,276,0
2025-10-01,121,6,363,0
2025-10-01,121,7,263,0
2025-10-01,121,8,347,0
2025-10-01,121,9,653,0
2025-10-01,121,10,497,0
2025-10-01,121,11,540,0
2025-10-01,121,12,408,0
2025-10-01,121,13,201,0
2025-10-01,121,15,313,0
2025-10-01,122,1,782,0
2025-10-01,122,2,295,0
2025-10-01,122,3,499,0
2025-10-01,122,4,456,0
2025-10-01,122,5,265,0
2025-10-01,122,6,293,0
2025-10-01,122,7,306,0
2025-10-01,122,8,442,1
2025-10-01,122,9,689,0
2025-10-01,122,10,452,0
2025-10-01,122,11,494,0
2025-10-01,122,12,488,0
2025-10-01,122,13,217,0
2025-10-01,122,14,353,0
2025-10-01,122,15,327,0
2025-10-01,123,1,785,0
2025-10-01,123,2,306,0
2025-10-01,123,3,480,0
2025-10-01,123,4,486,0
2025-10-01,123,5,268,0
2025-10-01,123,6,298,0
2025-10-01,123,7,307,0
2025-10-01,123,8,344,0
2025-10-01,123,9,574,0
2025-10-01,123,10,470,0
2025-10-01,123,11,544,0
2025-10-01,123,12,444,0
2025-10-01,123,13,213,0
2025-10-01,123,14,363,0
2025-10-01,123,15,341,0
2025-10-01,124,1,858,1
2025-10-01,124,2,289,0
2025-10-01,124,4,634,1
2025-10-01,124,5,283,0
2025-10-01,124,6,309,0
2025-10-01,124,7,300,0
2025-10-01,124,8,378,0
2025-10-01,124,9,586,0
2025-10-01,124,10,641,1
2025-10-01,124,11,514,0
2025-10-01,124,12,411,0
2025-10-01,124,13,199,0
2025-10-01,124,14,345,0
2025-10-01,124,15,299,0
2025-10-01,125,1,724,0
2025-10-01,125,2,240,0
2025-10-01,125,3,400,0
2025-10-01,125,4,462,0
2025-10-01,125,5,277,0
2025-10-01,125,6,306,0
2025-10-01,125,7,265,0
2025-10-01,125,8,343,0
2025-10-01,125,9,612,0
2025-10-01,125,10,423,0
2025-10-01,125,11,421,0
2025-10-01,125,12,358,0
2025-10-01,125,13,216,0
2025-10-01,125,14,379,0
2025-10-01,125,15,307,0
2025-10-01,126,1,651,0
2025-10-01,126,2,278,0
2025-10-01,126,4,431,0
2025-10-01,126,5,241,0
2025-10-01,126,6,277,0
2025-10-01,126,7,271,0
2025-10-01,126,8,299,0
2025-10-01,126,10,435,0
2025-10-01,126,11,515,0
2025-10-01,126,12,450,0
2025-10-01,126,13,195,0
2025-10-01,126,14,418,1
2025-10-01,127,1,592,0
2025-10-01,127,2,258,0
2025-10-01,127,3,425,0
2025-10-01,127,4,436,0
2025-10-01,127,5,251,0
2025-10-01,127,6,322,0
2025-10-01,127,7,276,0
2025-10-01,127,8,300,0
2025-10-01,127,9,578,0
2025-10-01,127,10,433,0
2025-10-01,127,11,656,1
2025-10-01,127,12,374,0
2025-10-01,127,13,198,0
2025-10-01,127,14,383,0
2025-10-01,127,15,290,0
2025-10-01,128,1,744,0
2025-10-01,128,2,299,0
2025-10-01,128,3,460,0
2025-10-01,128,5,245,0
2025-10-01,128,6,290,0
2025-10-01,128,7,252,0
2025-10-01,128,8,284,0
2025-10-01,128,10,431,0
2025-10-01,128,11,475,0
2025-10-01,128,12,379,0
2025-10-01,128,13,205,0
2025-10-01,128,14,358,0
2025-10-01,128,15,296,0
2025-10-01,129,1,711,0
2025-10-01,129,2,265,0
2025-10-01,129,3,430,0
2025-10-01,129,5,227,0
2025-10-01,129,6,274,0
2025-10-01,129,7,284,0
2025-10-01,129,8,347,0
2025-10-01,129,10,439,0
2025-10-01,129,11,482,0
2025-10-01,129,12,363,0
2025-10-01,129,13,196,0
2025-10-01,129,14,355,0
2025-10-01,129,15,295,0
2025-10-01,130,1,681,0
2025-10-01,130,2,270,0
2025-10-01,130,3,466,0
2025-10-01,130,4,478,0
2025-10-01,130,5,271,0
2025-10-01,130,6,330,0
2025-10-01,130,7,356,1
2025-10-01,130,8,285,0
2025-10-01,130,9,550,0
2025-10-01,130,10,452,0
2025-10-01,130,11,495,0
2025-10-01,130,12,376,0
2025-10-01,130,13,189,0
2025-10-01,130,14,379,0
2025-10-01,130,15,291,0
2025-10-01,131,2,279,0
2025-10-01,131,3,484,0
2025-10-01,131,4,505,0
2025-10-01,131,5,260,0
2025-10-01,131,6,329,0
2025-10-01,131,7,278,0
2025-10-01,131,8,299,0
2025-10-01,131,9,524,0
2025-10-01,131,10,512,0
2025-10-01,131,11,455,0
2025-10-01,131,12,490,1
2025-10-01,131,13,194,0
2025-10-01,131,14,303,0
2025-10-01,131,15,257,0
2025-10-01,132,1,671,0
2025-10-01,132,2,282,0
2025-10-01,132,4,444,0
2025-10-01,132,5,235,0
2025-10-01,132,6,294,0
2025-10-01,132,7,254,0
2025-10-01,132,8,337,0
2025-10-01,132,9,560,0
2025-10-01,132,11,511,0
2025-10-01,132,12,427,0
2025-10-01,132,13,273,1
2025-10-01,132,14,327,0
2025-10-01,132,15,300,0
2025-10-01,133,1,700,0
2025-10-01,133,2,274,0
2025-10-01,133,3,440,0
2025-10-01,133,4,467,0
2025-10-01,133,5,298,0
2025-10-01,133,6,354,0
2025-10-01,133,7,263,0
2025-10-01,133,8,397,0
2025-10-01,133,9,591,0
2025-10-01,133,10,472,0
2025-10-01,133,11,566,0
2025-10-01,133,12,437,0
2025-10-01,133,13,252,0
2025-10-01,133,14,344,0
2025-10-01,133,15,343,0
2025-10-01,134,1,661,0
2025-10-01,134,2,309,0
2025-10-01,134,3,511,0
2025-10-01,134,4,664,1
2025-10-01,134,5,298,0
2025-10-01,134,6,358,0
2025-10-01,134,7,307,0
2025-10-01,134,8,353,0
2025-10-01,134,9,584,0
2025-10-01,134,10,493,0
2025-10-01,134,11,534,0
2025-10-01,134,12,666,1
2025-10-01,134,13,248,0
2025-10-01,134,14,344,0
2025-10-01,134,15,324,0
2025-10-01,135,1,820,0
2025-10-01,135,2,271,0
2025-10-01,135,3,491,0
2025-10-01,135,4,498,0
2025-10-01,135,5,276,0
2025-10-01,135,6,341,0
2025-10-01,135,7,308,0
2025-10-01,135,8,386,0
2025-10-01,135,9,688,0
2025-10-01,135,10,574,0
2025-10-01,135,11,535,0
2025-10-01,135,12,416,0
2025-10-01,135,13,242,0
2025-10-01,135,14,411,0
2025-10-01,135,15,333,0
2025-10-01,136,1,810,0
2025-10-01,136,2,321,0
2025-10-01,136,3,523,0
2025-10-01,136,4,677,1
2025-10-01,136,5,265,0
2025-10-01,136,6,353,0
2025-10-01,136,7,326,0
2025-10-01,136,8,347,0
2025-10-01,136,10,473,0
2025-10-01,136,11,710,1
2025-10-01,136,12,399,0
2025-10-01,136,13,255,0
2025-10-01,136,14,537,1
2025-10-01,136,15,332,0
2025-10-01,137,1,828,0
2025-10-01,137,2,307,0
2025-10-01,137,3,490,0
2025-10-01,137,4,469,0
2025-10-01,137,5,305,0
2025-10-01,137,6,330,0
2025-10-01,137,7,412,1
2025-10-01,137,8,370,0
2025-10-01,137,9,709,0
2025-10-01,137,10,523,0
2025-10-01,137,12,417,0
2025-10-01,137,13,241,0
2025-10-01,137,15,299,0
2025-10-01,138,1,754,0
2025-10-01,138,2,313,0
2025-10-01,138,3,499,0
2025-10-01,138,4,633,1
2025-10-01,138,5,307,0
2025-10-01,138,6,310,0
2025-10-01,138,7,294,0
2025-10-01,138,10,593,1
2025-10-01,138,11,504,0
2025-10-01,138,12,397,0
2025-10-01,138,14,426,0
2025-10-01,138,15,318,0
2025-10-01,139,1,738,0
2025-10-01,139,2,288,0
2025-10-01,139,3,487,0
2025-10-01,139,4,548,0
2025-10-01,139,6,309,0
2025-10-01,139,7,285,0
2025-10-01,139,9,728,0
2025-10-01,139,10,545,0
2025-10-01,139,11,554,0
2025-10-01,139,12,625,1
2025-10-01,139,13,220,0
2025-10-01,139,14,390,0
2025-10-01,139,15,283,0
2025-10-01,140,1,770,0
2025-10-01,140,2,318,0
2025-10-01,140,3,468,0
2025-10-01,140,4,520,0
2025-10-01,140,5,254,0
2025-10-01,140,6,369,0
2025-10-01,140,7,322,0
2025-10-01,140,8,381,0
2025-10-01,140,9,870,1
2025-10-01,140,10,529,0
2025-10-01,140,11,547,0
2025-10-01,140,13,214,0
2025-10-01,140,14,356,0
2025-10-01,140,15,312,0
2025-11-01,101,2,606,0
2025-11-01,101,3,979,0
2025-11-01,101,4,1328,1
2025-11-01,101,5,627,0
2025-11-01,101,6,918,1
2025-11-01,101,7,612,0
2025-11-01,101,8,782,0
2025-11-01,101,9,1420,0
2025-11-01,101,10,1525,1
2025-11-01,101,11,1059,0
2025-11-01,101,13,430,0
2025-11-01,101,14,1010,1
2025-11-01,101,15,659,0
2025-11-01,102,1,1561,0
2025-11-01,102,2,579,0
2025-11-01,102,3,940,0
2025-11-01,102,4,1060,0
2025-11-01,102,5,526,0
2025-11-01,102,6,687,0
2025-11-01,102,7,630,0
2025-11-01,102,8,782,0
2025-11-01,102,9,1491,0
2025-11-01,102,10,1109,0
2025-11-01,102,11,958,0
2025-11-01,102,12,1015,0
2025-11-01,102,13,422,0
2025-11-01,102,14,734,0
2025-11-01,102,15,579,0
2025-11-01,103,1,1497,0
2025-11-01,103,2,541,0
2025-11-01,103,3,1135,0
2025-11-01,103,5,616,0
2025-11-01,103,6,648,0
2025-11-01,103,7,552,0
2025-11-01,103,8,715,0
2025-11-01,103,9,1415,0
2025-11-01,103,10,1118,0
2025-11-01,103,11,1095,0
2025-11-01,103,12,1002,0
2025-11-01,103,13,460,0
2025-11-01,103,14,852,0
2025-11-01,103,15,649,0
2025-11-01,104,1,1413,0
2025-11-01,104,2,561,0
2025-11-01,104,3,1059,0
2025-11-01,104,4,975,0
2025-11-01,104,5,607,0
2025-11-01,104,6,726,0
2025-11-01,104,7,661,0
2025-11-01,104,8,713,0
2025-11-01,104,9,1496,0
2025-11-01,104,10,1428,1
2025-11-01,104,11,1141,0
2025-11-01,104,12,898,0
2025-11-01,104,13,431,0
2025-11-01,104,14,720,0
2025-11-01,104,15,687,0
2025-11-01,105,1,1695,0
2025-11-01,105,2,633,0
2025-11-01,105,3,1103,0
2025-11-01,105,4,1102,0
2025-11-01,105,5,745,1
2025-11-01,105,6,867,1
2025-11-01,105,7,659,0
2025-11-01,105,8,641,0
2025-11-01,105,9,1248,0
2025-11-01,105,10,1071,0
2025-11-01,105,11,1118,0
2025-11-01,105,12,1352,1
2025-11-01,105,13,450,0
2025-11-01,105,14,781,0
2025-11-01,105,15,582,0
2025-11-01,106,1,1477,0
2025-11-01,106,2,610,0
2025-11-01,106,3,965,0
2025-11-01,106,4,1052,0
2025-11-01,106,5,635,0
2025-11-01,106,6,707,0
2025-11-01,106,7,552,0
2025-11-01,106,8,691,0
2025-11-01,106,9,1244,0
2025-11-01,106,10,1004,0
2025-11-01,106,11,957,0
2025-11-01,106,12,1019,0
2025-11-01,106,13,436,0
2025-11-01,106,14,745,0
2025-11-01,107,1,1667,0
2025-11-01,107,2,624,0
2025-11-01,107,3,956,0
2025-11-01,107,4,1211,0
2025-11-01,107,6,904,1
2025-11-01,107,7,589,0
2025-11-01,107,8,732,0
2025-11-01,107,9,1199,0
2025-11-01,107,10,1026,0
2025-11-01,107,11,1191,0
2025-11-01,107,12,884,0
2025-11-01,107,13,410,0
2025-11-01,107,14,694,0
2025-11-01,107,15,683,0
2025-11-01,108,1,1410,0
2025-11-01,108,2,713,1
2025-11-01,108,3,1055,0
2025-11-01,108,4,1114,0
2025-11-01,108,5,638,0
2025-11-01,108,6,623,0
2025-11-01,108,8,735,0
2025-11-01,108,9,1474,0
2025-11-01,108,10,961,0
2025-11-01,108,11,1181,0
2025-11-01,108,12,977,0
2025-11-01,108,13,493,0
2025-11-01,108,14,885,1
2025-11-01,108,15,684,0
2025-11-01,109,1,967,0
2025-11-01,109,2,859,1
2025-11-01,109,4,700,0
2025-11-01,109,5,416,0
2025-11-01,109,6,430,0
2025-11-01,109,7,398,0
2025-11-01,109,8,1045,1
2025-11-01,109,9,1886,1
2025-11-01,109,10,679,0
2025-11-01,109,11,664,0
2025-11-01,109,12,1321,1
2025-11-01,109,13,714,1
2025-11-01,109,14,1071,1
2025-11-01,109,15,395,0
2025-11-01,110,1,2354,1
2025-11-01,110,2,426,0
2025-11-01,110,3,655,0
2025-11-01,110,4,789,0
2025-11-01,110,5,369,0
2025-11-01,110,6,438,0
2025-11-01,110,7,413,0
2025-11-01,110,8,1147,1
2025-11-01,110,9,915,0
2025-11-01,110,10,1473,1
2025-11-01,110,11,785,0
2025-11-01,110,12,1022,1
2025-11-01,110,13,579,1
2025-11-01,110,14,549,0
2025-11-01,111,1,2329,1
2025-11-01,111,2,451,0
2025-11-01,111,3,620,0
2025-11-01,111,4,818,0
2025-11-01,111,5,634,1
2025-11-01,111,6,872,1
2025-11-01,111,7,817,1
2025-11-01,111,8,858,1
2025-11-01,111,9,920,0
2025-11-01,111,10,718,0
2025-11-01,111,11,688,0
2025-11-01,111,12,1152,1
2025-11-01,111,14,567,0
2025-11-01,111,15,475,0
2025-11-01,112,1,2064,1
2025-11-01,112,2,387,0
2025-11-01,112,3,759,0
2025-11-01,112,4,760,0
2025-11-01,112,5,409,0
2025-11-01,112,6,818,1
2025-11-01,112,7,459,0
2025-11-01,112,8,492,0
2025-11-01,112,9,1015,0
2025-11-01,112,10,723,0
2025-11-01,112,11,732,0
2025-11-01,112,12,639,0
2025-11-01,112,13,570,1
2025-11-01,112,14,539,0
2025-11-01,112,15,833,1
2025-11-01,113,1,2086,1
2025-11-01,113,2,418,0
2025-11-01,113,3,646,0
2025-11-01,113,4,812,0
2025-11-01,113,5,362,0
2025-11-01,113,6,477,0
2025-11-01,113,7,395,0
2025-11-01,113,8,1016,1
2025-11-01,113,9,1848,1
2025-11-01,113,10,742,0
2025-11-01,113,11,791,0
2025-11-01,113,12,628,0
2025-11-01,113,13,289,0
2025-11-01,113,14,572,0
2025-11-01,113,15,412,0
2025-11-01,114,1,1138,0
2025-11-01,114,2,418,0
2025-11-01,114,3,634,0
2025-11-01,114,4,711,0
2025-11-01,114,5,728,1
2025-11-01,114,6,892,1
2025-11-01,114,7,428,0
2025-11-01,114,8,491,0
2025-11-01,114,9,894,0
2025-11-01,114,10,1329,1
2025-11-01,114,13,358,0
2025-11-01,114,14,593,0
2025-11-01,114,15,823,1
2025-11-01,115,1,1063,0
2025-11-01,115,2,450,0
2025-11-01,115,3,710,0
2025-11-01,115,4,721,0
2025-11-01,115,5,853,1
2025-11-01,115,6,494,0
2025-11-01,115,7,397,0
2025-11-01,115,8,546,0
2025-11-01,115,9,823,0
2025-11-01,115,10,1411,1
2025-11-01,115,11,722,0
2025-11-01,115,12,574,0
2025-11-01,115,13,301,0
2025-11-01,115,14,508,0
2025-11-01,115,15,843,1
2025-11-01,116,1,935,0
2025-11-01,116,2,378,0
2025-11-01,116,3,745,0
2025-11-01,116,4,742,0
2025-11-01,116,5,369,0
2025-11-01,116,6,524,0
2025-11-01,116,7,407,0
2025-11-01,116,8,1103,1
2025-11-01,116,9,842,0
2025-11-01,116,10,1659,1
2025-11-01,116,11,1445,1
2025-11-01,116,12,623,0
2025-11-01,116,13,346,0
2025-11-01,116,14,594,0
2025-11-01,116,15,966,1
2025-11-01,117,1,697,0
2025-11-01,117,2,264,0
2025-11-01,117,3,519,0
2025-11-01,117,4,469,0
2025-11-01,117,5,245,0
2025-11-01,117,6,366,0
2025-11-01,117,7,317,0
2025-11-01,117,8,372,0
2025-11-01,117,10,499,0
2025-11-01,117,11,495,0
2025-11-01,117,12,431,0
2025-11-01,117,13,226,0
2025-11-01,117,14,337,0
2025-11-01,117,15,295,0
2025-11-01,118,1,692,0
2025-11-01,118,2,293,0
2025-11-01,118,3,636,1
2025-11-01,118,4,543,0
2025-11-01,118,5,303,0
2025-11-01,118,6,303,0
2025-11-01,118,7,256,0
2025-11-01,118,8,353,0
2025-11-01,118,9,625,0
2025-11-01,118,10,500,0
2025-11-01,118,11,509,0
2025-11-01,118,12,454,0
2025-11-01,118,13,197,0
2025-11-01,118,14,391,0
2025-11-01,118,15,423,1
2025-11-01,119,2,314,0
2025-11-01,119,3,663,1
2025-11-01,119,4,543,0
2025-11-01,119,5,310,0
2025-11-01,119,6,444,1
2025-11-01,119,7,296,0
2025-11-01,119,8,353,0
2025-11-01,119,9,587,0
2025-11-01,119,10,561,0
2025-11-01,119,11,496,0
2025-11-01,119,12,487,0
2025-11-01,119,14,338,0
2025-11-01,119,15,334,0
2025-11-01,120,1,739,0
2025-11-01,120,2,280,0
2025-11-01,120,3,430,0
2025-11-01,120,5,311,0
2025-11-01,120,7,316,0
2025-11-01,120,9,683,0
2025-11-01,120,10,473,0
2025-11-01,120,11,554,0
2025-11-01,120,12,431,0
2025-11-01,120,13,225,0
2025-11-01,120,14,350,0
2025-11-01,120,15,408,1
2025-11-01,121,1,725,0
2025-11-01,121,2,306,0
2025-11-01,121,3,527,0
2025-11-01,121,4,485,0
2025-11-01,121,5,398,1
2025-11-01,121,6,312,0
2025-11-01,121,7,253,0
2025-11-01,121,9,585,0
2025-11-01,121,10,543,0
2025-11-01,121,11,461,0
2025-11-01,121,12,481,0
2025-11-01,121,13,239,0
2025-11-01,121,14,351,0
2025-11-01,121,15,326,0
2025-11-01,122,1,641,0
2025-11-01,122,2,265,0
2025-11-01,122,3,624,1
2025-11-01,122,4,563,0
2025-11-01,122,5,296,0
2025-11-01,122,6,352,0
2025-11-01,122,7,302,0
2025-11-01,122,8,339,0
2025-11-01,122,9,653,0
2025-11-01,122,12,442,0
2025-11-01,122,13,213,0
2025-11-01,122,14,332,0
2025-11-01,122,15,418,1
2025-11-01,123,2,305,0
2025-11-01,123,3,466,0
2025-11-01,123,4,497,0
2025-11-01,123,5,289,0
2025-11-01,123,6,295,0
2025-11-01,123,7,268,0
2025-11-01,123,9,608,0
2025-11-01,123,11,471,0
2025-11-01,123,12,430,0
2025-11-01,123,13,209,0
2025-11-01,123,14,389,0
2025-11-01,123,15,335,0
2025-11-01,124,1,721,0
2025-11-01,124,2,311,0
2025-11-01,124,3,532,0
2025-11-01,124,4,559,0
2025-11-01,124,5,255,0
2025-11-01,124,6,498,1
2025-11-01,124,7,276,0
2025-11-01,124,8,369,0
2025-11-01,124,9,693,0
2025-11-01,124,10,714,1
2025-11-01,124,11,489,0
2025-11-01,124,12,464,0
2025-11-01,124,13,210,0
2025-11-01,124,15,323,0
2025-11-01,125,1,653,0
2025-11-01,125,2,226,0
2025-11-01,125,3,384,0
2025-11-01,125,4,476,0
2025-11-01,125,5,271,1
2025-11-01,125,6,268,0
2025-11-01,125,7,239,0
2025-11-01,125,8,291,0
2025-11-01,125,10,435,0
2025-11-01,125,11,431,0
2025-11-01,125,12,404,0
2025-11-01,125,13,185,0
2025-11-01,125,14,344,0
2025-11-01,125,15,253,0
2025-11-01,126,1,565,0
2025-11-01,126,2,237,0
2025-11-01,126,3,424,0
2025-11-01,126,4,405,0
2025-11-01,126,5,218,0
2025-11-01,126,6,285,0
2025-11-01,126,7,230,0
2025-11-01,126,8,314,0
2025-11-01,126,9,474,0
2025-11-01,126,10,460,0
2025-11-01,126,11,380,0
2025-11-01,126,12,382,0
2025-11-01,126,14,339,0
2025-11-01,127,1,620,0
2025-11-01,127,2,234,0
2025-11-01,127,3,599,1
2025-11-01,127,4,384,0
2025-11-01,127,5,246,0
2025-11-01,127,6,300,0
2025-11-01,127,7,260,0
2025-11-01,127,8,285,0
2025-11-01,127,9,530,0
2025-11-01,127,10,381,0
2025-11-01,127,11,582,1
2025-11-01,127,12,344,0
2025-11-01,127,13,181,0
2025-11-01,127,14,308,0
2025-11-01,127,15,273,0
2025-11-01,128,1,673,0
2025-11-01,128,2,231,0
2025-11-01,128,3,370,0
2025-11-01,128,4,460,0
2025-11-01,128,5,231,0
2025-11-01,128,6,267,0
2025-11-01,128,7,257,0
2025-11-01,128,8,262,0
2025-11-01,128,9,509,0
2025-11-01,128,10,415,0
2025-11-01,128,11,419,0
2025-11-01,128,12,395,0
2025-11-01,128,13,199,0
2025-11-01,128,14,296,0
2025-11-01,128,15,269,0
2025-11-01,129,1,590,0
2025-11-01,129,2,238,0
2025-11-01,129,3,413,0
2025-11-01,129,4,451,0
2025-11-01,129,5,212,0
2025-11-01,129,6,309,0
2025-11-01,129,7,259,0
2025-11-01,129,8,289,0
2025-11-01,129,9,596,0
2025-11-01,129,10,457,0
2025-11-01,129,11,431,0
2025-11-01,129,12,388,0
2025-11-01,129,14,321,0
2025-11-01,129,15,287,0
2025-11-01,130,1,546,0
2025-11-01,130,2,238,0
2025-11-01,130,3,451,0
2025-11-01,130,5,233,0
2025-11-01,130,6,289,0
2025-11-01,130,7,232,0
2025-11-01,130,8,323,0
2025-11-01,130,9,557,0
2025-11-01,130,10,433,0
2025-11-01,130,11,460,0
2025-11-01,130,13,165,0
2025-11-01,130,15,277,0
2025-11-01,131,1,594,0
2025-11-01,131,2,231,0
2025-11-01,131,3,414,0
2025-11-01,131,4,593,1
2025-11-01,131,5,260,0
2025-11-01,131,7,345,1
2025-11-01,131,8,269,0
2025-11-01,131,9,580,0
2025-11-01,131,10,476,0
2025-11-01,131,11,422,0
2025-11-01,131,12,348,0
2025-11-01,131,13,206,0
2025-11-01,131,14,318,0
2025-11-01,131,15,238,0
2025-11-01,132,1,567,0
2025-11-01,132,2,267,0
2025-11-01,132,3,423,0
2025-11-01,132,4,474,0
2025-11-01,132,5,250,0
2025-11-01,132,6,276,0
2025-11-01,132,8,413,1
2025-11-01,132,9,530,0
2025-11-01,132,10,446,0
2025-11-01,132,11,476,0
2025-11-01,132,12,409,0
2025-11-01,132,13,175,0
2025-11-01,132,14,348,0
2025-11-01,132,15,268,0
2025-11-01,133,1,820,0
2025-11-01,133,2,314,0
2025-11-01,133,3,483,0
2025-11-01,133,4,498,0
2025-11-01,133,5,389,1
2025-11-01,133,6,375,0
2025-11-01,133,7,284,0
2025-11-01,133,8,390,0
2025-11-01,133,9,578,0
2025-11-01,133,10,556,0
2025-11-01,133,11,551,0
2025-11-01,133,12,445,0
2025-11-01,133,13,224,0
2025-11-01,133,14,354,0
2025-11-01,133,15,331,0
2025-11-01,134,1,731,0
2025-11-01,134,2,302,0
2025-11-01,134,3,491,0
2025-11-01,134,4,495,0
2025-11-01,134,5,388,1
2025-11-01,134,6,381,0
2025-11-01,134,7,376,1
2025-11-01,134,8,382,0
2025-11-01,134,10,469,0
2025-11-01,134,11,586,0
2025-11-01,134,12,402,0
2025-11-01,134,13,207,0
2025-11-01,134,14,407,0
2025-11-01,134,15,349,0
2025-11-01,135,1,837,0
2025-11-01,135,2,287,0
2025-11-01,135,3,545,0
2025-11-01,135,4,541,0
2025-11-01,135,5,284,0
2025-11-01,135,7,300,0
2025-11-01,135,8,398,0
2025-11-01,135,9,637,0
2025-11-01,135,10,503,0
2025-11-01,135,11,568,0
2025-11-01,135,12,539,1
2025-11-01,135,13,213,0
2025-11-01,135,14,355,0
2025-11-01,135,15,290,0
2025-11-01,136,1,810,0
2025-11-01,136,2,295,0
2025-11-01,136,3,557,0
2025-11-01,136,4,547,0
2025-11-01,136,5,276,0
2025-11-01,136,6,509,1
2025-11-01,136,7,269,0
2025-11-01,136,8,390,0
2025-11-01,136,9,654,0
2025-11-01,136,11,465,0
2025-11-01,136,12,455,0
2025-11-01,136,13,252,0
2025-11-01,136,14,350,0
2025-11-01,136,15,316,0
2025-11-01,137,1,722,0
2025-11-01,137,2,282,0
2025-11-01,137,3,518,0
2025-11-01,137,4,520,0
2025-11-01,137,5,283,0
2025-11-01,137,6,308,0
2025-11-01,137,8,395,0
2025-11-01,137,9,984,1
2025-11-01,137,10,501,0
2025-11-01,137,11,467,0
2025-11-01,137,12,466,0
2025-11-01,137,13,313,1
2025-11-01,137,14,376,0
2025-11-01,137,15,298,0
2025-11-01,138,1,975,1
2025-11-01,138,2,291,0
2025-11-01,138,3,514,0
2025-11-01,138,4,586,0
2025-11-01,138,5,282,0
2025-11-01,138,6,319,0
2025-11-01,138,7,319,0
2025-11-01,138,8,373,0
2025-11-01,138,9,595,0
2025-11-01,138,10,485,0
2025-11-01,138,11,576,0
2025-11-01,138,12,430,0
2025-11-01,138,13,234,0
2025-11-01,138,15,451,1
2025-11-01,139,2,301,0
2025-11-01,139,3,672,1
2025-11-01,139,4,519,0
2025-11-01,139,6,326,0
2025-11-01,139,7,289,0
2025-11-01,139,8,334,0
2025-11-01,139,9,646,0
2025-11-01,139,10,518,0
2025-11-01,139,11,550,0
2025-11-01,139,12,435,0
2025-11-01,139,13,236,0
2025-11-01,139,14,361,0
2025-11-01,139,15,308,0
2025-11-01,140,1,760,0
2025-11-01,140,2,295,0
2025-11-01,140,3,515,0
2025-11-01,140,5,283,0
2025-11-01,140,6,306,0
2025-11-01,140,7,324,0
2025-11-01,140,8,354,0
2025-11-01,140,9,682,0
2025-11-01,140,10,554,0
2025-11-01,140,11,816,1
2025-11-01,140,12,622,1
2025-11-01,140,13,231,0
2025-11-01,140,14,389,0
2025-11-01,140,15,349,0
2025-12-01,101,1,1584,0
2025-12-01,101,2,543,0
2025-12-01,101,3,1110,0
2025-12-01,101,5,546,0
2025-12-01,101,6,757,0
2025-12-01,101,7,572,0
2025-12-01,101,8,735,0
2025-12-01,101,9,1226,0
2025-12-01,101,10,1094,0
2025-12-01,101,11,1090,0
2025-12-01,101,12,910,0
2025-12-01,101,13,497,0
2025-12-01,101,14,774,0
2025-12-01,101,15,658,0
2025-12-01,102,1,1577,0
2025-12-01,102,2,586,0
2025-12-01,102,3,1394,1
2025-12-01,102,4,1193,0
2025-12-01,102,5,619,0
2025-12-01,102,6,777,0
2025-12-01,102,7,547,0
2025-12-01,102,8,796,0
2025-12-01,102,9,1413,0
2025-12-01,102,10,1339,1
2025-12-01,102,11,1050,0
2025-12-01,102,12,883,0
2025-12-01,102,13,666,1
2025-12-01,102,14,710,0
2025-12-01,102,15,658,0
2025-12-01,103,1,1689,0
2025-12-01,103,2,614,0
2025-12-01,103,3,1038,0
2025-12-01,103,4,1126,0
2025-12-01,103,5,556,0
2025-12-01,103,6,739,0
2025-12-01,103,7,579,0
2025-12-01,103,8,749,0
2025-12-01,103,9,1455,0
2025-12-01,103,10,1502,1
2025-12-01,103,12,817,0
2025-12-01,103,13,417,0
2025-12-01,103,14,760,0
2025-12-01,103,15,572,0
2025-12-01,104,1,1688,0
2025-12-01,104,2,605,0
2025-12-01,104,3,921,0
2025-12-01,104,4,996,0
2025-12-01,104,5,580,0
2025-12-01,104,7,608,0
2025-12-01,104,8,733,0
2025-12-01,104,10,1070,0
2025-12-01,104,11,1187,0
2025-12-01,104,12,904,0
2025-12-01,104,13,447,0
2025-12-01,104,14,776,0
2025-12-01,104,15,655,0
2025-12-01,105,1,1677,0
2025-12-01,105,2,639,0
2025-12-01,105,3,1050,0
2025-12-01,105,4,1123,0
2025-12-01,105,5,703,1
2025-12-01,105,6,720,0
2025-12-01,105,7,530,0
2025-12-01,105,8,697,0
2025-12-01,105,9,1331,0
2025-12-01,105,10,1062,0
2025-12-01,105,11,985,0
2025-12-01,105,12,1161,1
2025-12-01,105,13,514,0
2025-12-01,105,14,763,0
2025-12-01,106,1,1592,0
2025-12-01,106,2,576,0
2025-12-01,106,3,950,0
2025-12-01,106,4,1066,0
2025-12-01,106,5,792,1
2025-12-01,106,6,769,0
2025-12-01,106,7,617,0
2025-12-01,106,9,1394,0
2025-12-01,106,10,1097,0
2025-12-01,106,11,1059,0
2025-12-01,106,12,1004,0
2025-12-01,106,13,512,0
2025-12-01,106,14,726,0
2025-12-01,106,15,589,0
2025-12-01,107,1,1625,0
2025-12-01,107,2,789,1
2025-12-01,107,3,1356,1
2025-12-01,107,4,1023,0
2025-12-01,107,5,601,0
2025-12-01,107,6,652,0
2025-12-01,107,7,632,0
2025-12-01,107,8,798,0
2025-12-01,107,9,2024,1
2025-12-01,107,10,1081,0
2025-12-01,107,11,989,0
2025-12-01,107,12,958,0
2025-12-01,107,13,415,0
2025-12-01,107,14,726,0
2025-12-01,107,15,981,1
2025-12-01,108,1,1694,0
2025-12-01,108,2,651,0
2025-12-01,108,3,966,0
2025-12-01,108,4,1095,0
2025-12-01,108,5,549,0
2025-12-01,108,6,777,0
2025-12-01,108,7,549,0
2025-12-01,108,8,662,0
2025-12-01,108,9,1302,0
2025-12-01,108,10,1135,0
2025-12-01,108,11,1074,0
2025-12-01,108,12,875,0
2025-12-01,108,13,596,1
2025-12-01,108,14,709,0
2025-12-01,108,15,581,0
2025-12-01,109,1,1159,0
2025-12-01,109,3,774,0
2025-12-01,109,4,793,0
2025-12-01,109,5,385,0
2025-12-01,109,6,789,1
2025-12-01,109,7,430,0
2025-12-01,109,8,512,0
2025-12-01,109,9,872,0
2025-12-01,109,10,1577,1
2025-12-01,109,11,1426,1
2025-12-01,109,12,1231,1
2025-12-01,109,13,588,1
2025-12-01,109,14,971,1
2025-12-01,109,15,477,0
2025-12-01,110,1,2020,1
2025-12-01,110,2,386,0
2025-12-01,110,3,1396,1
2025-12-01,110,4,706,0
2025-12-01,110,5,361,0
2025-12-01,110,6,470,0
2025-12-01,110,7,882,1
2025-12-01,110,8,449,0
2025-12-01,110,10,1470,1
2025-12-01,110,11,1251,1
2025-12-01,110,12,652,0
2025-12-01,110,13,726,1
2025-12-01,110,14,533,0
2025-12-01,110,15,862,1
2025-12-01,111,1,1047,0
2025-12-01,111,2,384,0
2025-12-01,111,3,1178,1
2025-12-01,111,4,819,0
2025-12-01,111,5,438,0
2025-12-01,111,6,479,0
2025-12-01,111,7,391,0
2025-12-01,111,8,517,0
2025-12-01,111,9,960,0
2025-12-01,111,10,755,0
2025-12-01,111,11,1351,1
2025-12-01,111,12,1366,1
2025-12-01,111,13,302,0
2025-12-01,111,14,473,0
2025-12-01,111,15,961,1
2025-12-01,112,1,1765,1
2025-12-01,112,2,430,0
2025-12-01,112,3,1178,1
2025-12-01,112,4,1416,1
2025-12-01,112,5,851,1
2025-12-01,112,6,432,0
2025-12-01,112,8,935,1
2025-12-01,112,9,1001,0
2025-12-01,112,10,1490,1
2025-12-01,112,11,716,0
2025-12-01,112,12,1273,1
2025-12-01,112,13,324,0
2025-12-01,112,14,506,0
2025-12-01,112,15,476,0
2025-12-01,113,2,409,0
2025-12-01,113,3,1177,1
2025-12-01,113,4,728,0
2025-12-01,113,5,785,1
2025-12-01,113,6,436,0
2025-12-01,113,7,373,0
2025-12-01,113,8,458,0
2025-12-01,113,9,950,0
2025-12-01,113,10,707,0
2025-12-01,113,11,1244,1
2025-12-01,113,13,350,0
2025-12-01,113,14,524,0
2025-12-01,113,15,397,0
2025-12-01,114,1,1086,0
2025-12-01,114,2,412,0
2025-12-01,114,3,780,0
2025-12-01,114,4,791,0
2025-12-01,114,5,443,0
2025-12-01,114,6,989,1
2025-12-01,114,7,459,0
2025-12-01,114,8,464,0
2025-12-01,114,10,816,0
2025-12-01,114,13,312,0
2025-12-01,114,14,868,1
2025-12-01,114,15,421,0
2025-12-01,115,1,1037,0
2025-12-01,115,2,412,0
2025-12-01,115,3,1347,1
2025-12-01,115,4,682,0
2025-12-01,115,5,713,1
2025-12-01,115,6,458,0
2025-12-01,115,8,522,0
2025-12-01,115,9,1006,0
2025-12-01,115,10,699,0
2025-12-01,115,11,722,0
2025-12-01,115,12,624,0
2025-12-01,115,14,580,0
2025-12-01,115,15,471,0
2025-12-01,116,1,1075,0
2025-12-01,116,2,394,0
2025-12-01,116,3,724,0
2025-12-01,116,4,752,0
2025-12-01,116,5,354,0
2025-12-01,116,6,532,0
2025-12-01,116,7,738,1
2025-12-01,116,8,450,0
2025-12-01,116,9,939,0
2025-12-01,116,10,685,0
2025-12-01,116,11,770,0
2025-12-01,116,12,1016,1
2025-12-01,116,13,584,1
2025-12-01,116,14,1057,1
2025-12-01,116,15,477,0
2025-12-01,117,1,779,0
2025-12-01,117,2,297,0
2025-12-01,117,3,521,0
2025-12-01,117,4,757,1
2025-12-01,117,5,287,0
2025-12-01,117,6,390,0
2025-12-01,117,7,362,0
2025-12-01,117,8,362,0
2025-12-01,117,9,650,0
2025-12-01,117,11,888,1
2025-12-01,117,12,539,0
2025-12-01,117,13,274,0
2025-12-01,117,14,415,0
2025-12-01,117,15,342,0
2025-12-01,118,1,927,0
2025-12-01,118,2,360,0
2025-12-01,118,3,555,0
2025-12-01,118,4,569,0
2025-12-01,118,5,326,0
2025-12-01,118,6,376,0
2025-12-01,118,7,383,1
2025-12-01,118,8,370,0
2025-12-01,118,9,765,0
2025-12-01,118,10,586,0
2025-12-01,118,11,542,0
2025-12-01,118,12,499,0
2025-12-01,118,13,281,0
2025-12-01,118,14,450,0
2025-12-01,118,15,385,0
2025-12-01,119,1,801,0
2025-12-01,119,2,448,1
2025-12-01,119,3,599,0
2025-12-01,119,4,566,0
2025-12-01,119,5,352,0
2025-12-01,119,6,420,0
2025-12-01,119,7,345,0
2025-12-01,119,8,351,0
2025-12-01,119,9,700,0
2025-12-01,119,10,593,0
2025-12-01,119,11,546,0
2025-12-01,119,13,230,0
2025-12-01,119,14,386,0
2025-12-01,120,1,744,0
2025-12-01,120,2,304,0
2025-12-01,120,3,829,1
2025-12-01,120,4,527,0
2025-12-01,120,5,327,0
2025-12-01,120,6,359,0
2025-12-01,120,8,433,0
2025-12-01,120,9,696,0
2025-12-01,120,10,525,0
2025-12-01,120,11,635,0
2025-12-01,120,12,458,0
2025-12-01,120,13,272,0
2025-12-01,120,14,450,0
2025-12-01,120,15,333,0
2025-12-01,121,1,796,0
2025-12-01,121,2,309,0
2025-12-01,121,3,521,0
2025-12-01,121,4,650,0
2025-12-01,121,5,287,0
2025-12-01,121,7,293,0
2025-12-01,121,8,409,0
2025-12-01,121,9,705,0
2025-12-01,121,10,614,0
2025-12-01,121,11,639,0
2025-12-01,121,12,482,0
2025-12-01,121,13,283,0
2025-12-01,121,14,458,0
2025-12-01,122,2,295,0
2025-12-01,122,3,622,0
2025-12-01,122,4,554,0
2025-12-01,122,5,339,0
2025-12-01,122,6,405,0
2025-12-01,122,8,417,0
2025-12-01,122,9,747,0
2025-12-01,122,10,622,0
2025-12-01,122,12,470,0
2025-12-01,122,14,442,0
2025-12-01,122,15,353,0
2025-12-01,123,1,791,0
2025-12-01,123,2,352,0
2025-12-01,123,3,549,0
2025-12-01,123,4,821,1
2025-12-01,123,5,310,0
2025-12-01,123,6,412,0
2025-12-01,123,7,293,0
2025-12-01,123,8,372,0
2025-12-01,123,10,563,0
2025-12-01,123,11,582,0
2025-12-01,123,12,486,0
2025-12-01,123,13,273,0
2025-12-01,123,14,623,1
2025-12-01,123,15,487,1
2025-12-01,124,1,817,0
2025-12-01,124,2,335,0
2025-12-01,124,3,548,0
2025-12-01,124,4,740,1
2025-12-01,124,5,353,0
2025-12-01,124,6,370,0
2025-12-01,124,7,359,0
2025-12-01,124,8,402,0
2025-12-01,124,9,715,0
2025-12-01,124,10,831,1
2025-12-01,124,11,602,0
2025-12-01,124,12,461,0
2025-12-01,124,13,240,0
2025-12-01,124,14,427,0
2025-12-01,124,15,530,1
2025-12-01,125,1,647,0
2025-12-01,125,2,248,0
2025-12-01,125,3,383,0
2025-12-01,125,4,432,0
2025-12-01,125,5,216,0
2025-12-01,125,6,277,0
2025-12-01,125,7,216,0
2025-12-01,125,8,257,0
2025-12-01,125,9,800,1
2025-12-01,125,10,428,0
2025-12-01,125,12,352,0
2025-12-01,125,13,208,0
2025-12-01,125,14,334,0
2025-12-01,125,15,266,0
2025-12-01,126,1,621,0
2025-12-01,126,2,248,0
2025-12-01,126,3,452,0
2025-12-01,126,4,450,0
2025-12-01,126,5,238,0
2025-12-01,126,6,292,0
2025-12-01,126,7,256,0
2025-12-01,126,9,634,1
2025-12-01,126,10,527,1
2025-12-01,126,12,390,0
2025-12-01,126,14,318,0
2025-12-01,126,15,277,0
2025-12-01,127,1,561,0
2025-12-01,127,2,219,0
2025-12-01,127,3,412,0
2025-12-01,127,4,414,0
2025-12-01,127,5,208,0
2025-12-01,127,6,283,0
2025-12-01,127,7,217,0
2025-12-01,127,8,324,0
2025-12-01,127,9,536,0
2025-12-01,127,10,399,0
2025-12-01,127,11,475,0
2025-12-01,127,12,379,0
2025-12-01,127,13,200,0
2025-12-01,127,14,371,1
2025-12-01,127,15,245,0
2025-12-01,128,1,652,0
2025-12-01,128,2,220,0
2025-12-01,128,3,400,0
2025-12-01,128,4,393,0
2025-12-01,128,5,208,0
2025-12-01,128,6,255,0
2025-12-01,128,7,212,0
2025-12-01,128,8,257,0
2025-12-01,128,9,515,0
2025-12-01,128,10,389,0
2025-12-01,128,11,452,0
2025-12-01,128,12,325,0
2025-12-01,128,13,193,0
2025-12-01,128,14,279,0
2025-12-01,128,15,260,0
2025-12-01,129,1,617,0
2025-12-01,129,2,237,0
2025-12-01,129,3,454,0
2025-12-01,129,4,414,0
2025-12-01,129,5,217,0
2025-12-01,129,7,234,0
2025-12-01,129,8,435,1
2025-12-01,129,9,481,0
2025-12-01,129,10,450,0
2025-12-01,129,11,480,0
2025-12-01,129,12,342,0
2025-12-01,129,13,196,0
2025-12-01,129,14,279,0
2025-12-01,129,15,287,0
2025-12-01,130,2,245,0
2025-12-01,130,3,436,0
2025-12-01,130,4,473,0
2025-12-01,130,5,234,0
2025-12-01,130,7,291,1
2025-12-01,130,8,277,0
2025-12-01,130,9,501,0
2025-12-01,130,10,409,0
2025-12-01,130,11,464,0
2025-12-01,130,12,352,0
2025-12-01,130,13,205,0
2025-12-01,130,14,284,0
2025-12-01,130,15,283,0
2025-12-01,131,1,814,1
2025-12-01,131,2,257,0
2025-12-01,131,3,389,0
2025-12-01,131,4,439,0
2025-12-01,131,5,253,0
2025-12-01,131,6,306,0
2025-12-01,131,7,229,0
2025-12-01,131,8,308,0
2025-12-01,131,9,575,0
2025-12-01,131,10,395,0
2025-12-01,131,11,473,0
2025-12-01,131,12,408,0
2025-12-01,131,13,193,0
2025-12-01,131,14,295,0
2025-12-01,131,15,234,0
2025-12-01,132,1,583,0
2025-12-01,132,2,211,0
2025-12-01,132,3,630,1
2025-12-01,132,5,240,0
2025-12-01,132,7,285,1
2025-12-01,132,8,281,0
2025-12-01,132,9,598,1
2025-12-01,132,10,560,1
2025-12-01,132,11,418,0
2025-12-01,132,12,407,0
2025-12-01,132,13,180,0
2025-12-01,132,15,264,0
2025-12-01,133,1,683,0
2025-12-01,133,2,424,1
2025-12-01,133,3,527,0
2025-12-01,133,4,489,0
2025-12-01,133,5,278,0
2025-12-01,133,6,305,0
2025-12-01,133,7,282,0
2025-12-01,133,9,580,0
2025-12-01,133,10,471,0
2025-12-01,133,11,667,1
2025-12-01,133,12,478,0
2025-12-01,133,13,211,0
2025-12-01,133,14,394,0
2025-12-01,133,15,337,0
2025-12-01,134,1,764,0
2025-12-01,134,2,429,1
2025-12-01,134,3,549,0
2025-12-01,134,4,503,0
2025-12-01,134,5,293,0
2025-12-01,134,6,325,0
2025-12-01,134,7,271,0
2025-12-01,134,8,485,1
2025-12-01,134,9,597,0
2025-12-01,134,10,497,0
2025-12-01,134,11,567,0
2025-12-01,134,12,476,0
2025-12-01,134,13,240,0
2025-12-01,134,14,426,0
2025-12-01,134,15,302,0
2025-12-01,135,1,714,0
2025-12-01,135,2,295,0
2025-12-01,135,3,555,0
2025-12-01,135,4,504,0
2025-12-01,135,5,286,0
2025-12-01,135,7,292,0
2025-12-01,135,8,355,0
2025-12-01,135,9,651,0
2025-12-01,135,10,502,0
2025-12-01,135,11,478,0
2025-12-01,135,12,409,0
2025-12-01,135,13,225,0
2025-12-01,135,14,377,0
2025-12-01,135,15,283,0
2025-12-01,136,1,767,0
2025-12-01,136,2,315,0
2025-12-01,136,3,516,0
2025-12-01,136,4,577,0
2025-12-01,136,5,253,0
2025-12-01,136,6,370,0
2025-12-01,136,7,303,0
2025-12-01,136,8,381,0
2025-12-01,136,9,679,0
2025-12-01,136,10,468,0
2025-12-01,136,11,520,0
2025-12-01,136,12,503,0
2025-12-01,136,13,226,0
2025-12-01,136,14,342,0
2025-12-01,136,15,335,0
2025-12-01,137,1,832,0
2025-12-01,137,2,302,0
2025-12-01,137,3,544,0
2025-12-01,137,4,484,0
2025-12-01,137,5,285,0
2025-12-01,137,6,361,0
2025-12-01,137,7,282,0
2025-12-01,137,8,395,0
2025-12-01,137,9,610,0
2025-12-01,137,10,584,0
2025-12-01,137,12,504,0
2025-12-01,137,13,244,0
2025-12-01,137,14,422,0
2025-12-01,137,15,332,0
2025-12-01,138,1,761,0
2025-12-01,138,2,292,0
2025-12-01,138,3,557,0
2025-12-01,138,4,561,0
2025-12-01,138,5,279,0
2025-12-01,138,6,366,0
2025-12-01,138,7,272,0
2025-12-01,138,8,340,0
2025-12-01,138,9,698,0
2025-12-01,138,10,498,0
2025-12-01,138,11,779,1
2025-12-01,138,12,434,0
2025-12-01,138,13,227,0
2025-12-01,138,14,382,0
2025-12-01,138,15,354,0
2025-12-01,139,1,828,0
2025-12-01,139,2,317,0
2025-12-01,139,3,480,0
2025-12-01,139,4,633,1
2025-12-01,139,5,256,0
2025-12-01,139,6,304,0
2025-12-01,139,7,346,1
2025-12-01,139,8,377,0
2025-12-01,139,10,499,0
2025-12-01,139,11,537,0
2025-12-01,139,12,426,0
2025-12-01,139,13,206,0
2025-12-01,139,14,369,0
2025-12-01,139,15,327,0
2025-12-01,140,1,734,0
2025-12-01,140,2,326,0
2025-12-01,140,3,557,0
2025-12-01,140,4,584,0
2025-12-01,140,5,331,1
2025-12-01,140,6,346,0
2025-12-01,140,7,328,0
2025-12-01,140,8,351,0
2025-12-01,140,9,601,0
2025-12-01,140,10,566,0
2025-12-01,140,11,525,0
2025-12-01,140,12,491,0
2025-12-01,140,13,228,0
2025-12-01,140,14,381,0
2025-12-01,140,15,337,0
2026-01-01,101,2,686,0
2026-01-01,101,3,1031,0
2026-01-01,101,4,1224,0
2026-01-01,101,5,626,0
2026-01-01,101,6,716,0
2026-01-01,101,7,609,0
2026-01-01,101,8,771,0
2026-01-01,101,9,1553,0
2026-01-01,101,10,1251,0
2026-01-01,101,11,1305,0
2026-01-01,101,12,1026,0
2026-01-01,101,13,465,0
2026-01-01,101,14,854,0
2026-01-01,101,15,675,0
2026-01-01,102,1,1744,0
2026-01-01,102,4,1285,0
2026-01-01,102,5,719,0
2026-01-01,102,6,818,0
2026-01-01,102,7,621,0
2026-01-01,102,8,897,1
2026-01-01,102,10,1075,0
2026-01-01,102,12,958,0
2026-01-01,102,13,578,0
2026-01-01,102,14,874,0
2026-01-01,102,15,669,0
2026-01-01,103,1,2246,1
2026-01-01,103,2,577,0
2026-01-01,103,3,1076,0
2026-01-01,103,4,1334,0
2026-01-01,103,5,579,0
2026-01-01,103,7,912,1
2026-01-01,103,8,1125,1
2026-01-01,103,9,1663,0
2026-01-01,103,11,1252,0
2026-01-01,103,12,949,0
2026-01-01,103,13,515,0
2026-01-01,103,14,1341,1
2026-01-01,103,15,681,0
2026-01-01,104,1,1829,0
2026-01-01,104,2,597,0
2026-01-01,104,3,1178,0
2026-01-01,104,4,1178,0
2026-01-01,104,5,613,0
2026-01-01,104,6,754,0
2026-01-01,104,7,722,0
2026-01-01,104,8,778,0
2026-01-01,104,9,1602,0
2026-01-01,104,10,1249,0
2026-01-01,104,12,980,0
2026-01-01,104,13,485,0
2026-01-01,104,15,736,0
2026-01-01,105,1,1823,0
2026-01-01,105,2,596,0
2026-01-01,105,3,1211,0
2026-01-01,105,4,1326,0
2026-01-01,105,5,665,0
2026-01-01,105,6,727,0
2026-01-01,105,7,646,0
2026-01-01,105,8,874,0
2026-01-01,105,9,1615,0
2026-01-01,105,10,1296,0
2026-01-01,105,11,1170,0
2026-01-01,105,12,1017,0
2026-01-01,105,13,547,0
2026-01-01,105,14,786,0
2026-01-01,105,15,773,0
2026-01-01,106,1,2166,1
2026-01-01,106,3,1084,0
2026-01-01,106,4,1541,1
2026-01-01,106,5,621,0
2026-01-01,106,7,730,0
2026-01-01,106,8,738,0
2026-01-01,106,9,1359,0
2026-01-01,106,10,1052,0
2026-01-01,106,11,1295,0
2026-01-01,106,13,538,0
2026-01-01,106,14,947,0
2026-01-01,106,15,737,0
2026-01-01,107,1,1941,1
2026-01-01,107,2,590,0
2026-01-01,107,3,995,0
2026-01-01,107,4,1081,0
2026-01-01,107,5,965,1
2026-01-01,107,6,767,0
2026-01-01,107,7,705,0
2026-01-01,107,8,855,0
2026-01-01,107,9,1350,0
2026-01-01,107,10,1602,1
2026-01-01,107,11,1675,1
2026-01-01,107,12,1078,0
2026-01-01,107,13,689,1
2026-01-01,107,14,966,0
2026-01-01,107,15,722,0
2026-01-01,109,1,1184,0
2026-01-01,109,2,442,0
2026-01-01,109,3,1520,1
2026-01-01,109,4,711,0
2026-01-01,109,5,432,0
2026-01-01,109,6,497,0
2026-01-01,109,7,432,0
2026-01-01,109,8,568,0
2026-01-01,109,9,1011,0
2026-01-01,109,10,700,0
2026-01-01,109,11,1636,1
2026-01-01,109,12,684,0
2026-01-01,109,13,365,0
2026-01-01,109,14,510,0
2026-01-01,109,15,1007,1
2026-01-01,110,2,754,1
2026-01-01,110,4,696,0
2026-01-01,110,6,529,0
2026-01-01,110,7,406,0
2026-01-01,110,9,995,0
2026-01-01,110,10,740,0
2026-01-01,110,11,825,0
2026-01-01,110,12,741,0
2026-01-01,110,13,325,0
2026-01-01,110,14,599,0
2026-01-01,110,15,426,0
2026-01-01,111,1,1072,0
2026-01-01,111,2,455,0
2026-01-01,111,3,1461,1
2026-01-01,111,4,861,0
2026-01-01,111,5,841,1
2026-01-01,111,6,542,0
2026-01-01,111,7,433,0
2026-01-01,111,8,579,0
2026-01-01,111,9,878,0
2026-01-01,111,13,338,0
2026-01-01,111,14,530,0
2026-01-01,111,15,474,0
2026-01-01,112,1,1045,0
2026-01-01,112,3,762,0
2026-01-01,112,4,804,0
2026-01-01,112,5,462,0
2026-01-01,112,6,545,0
2026-01-01,112,7,464,0
2026-01-01,112,8,541,0
2026-01-01,112,10,784,0
2026-01-01,112,11,1362,1
2026-01-01,112,12,1334,1
2026-01-01,112,13,297,0
2026-01-01,112,14,1254,1
2026-01-01,112,15,1013,1
2026-01-01,113,1,1051,0
2026-01-01,113,2,451,0
2026-01-01,113,3,1328,1
2026-01-01,113,4,837,0
2026-01-01,113,5,394,0
2026-01-01,113,7,419,0
2026-01-01,113,8,470,0
2026-01-01,113,9,1670,1
2026-01-01,113,10,806,0
2026-01-01,113,11,819,0
2026-01-01,113,12,683,0
2026-01-01,113,13,348,0
2026-01-01,113,14,1225,1
2026-01-01,113,15,1006,1
2026-01-01,114,1,983,0
2026-01-01,114,2,379,0
2026-01-01,114,3,795,0
2026-01-01,114,4,778,0
2026-01-01,114,5,866,1
2026-01-01,114,6,497,0
2026-01-01,114,7,403,0
2026-01-01,114,8,1073,1
2026-01-01,114,9,863,0
2026-01-01,114,10,690,0
2026-01-01,114,11,837,0
2026-01-01,114,12,681,0
2026-01-01,114,13,671,1
2026-01-01,114,14,618,0
2026-01-01,114,15,432,0
2026-01-01,115,1,1065,0
2026-01-01,115,2,831,1
2026-01-01,115,3,819,0
2026-01-01,115,4,793,0
2026-01-01,115,5,784,1
2026-01-01,115,6,527,0
2026-01-01,115,7,393,0
2026-01-01,115,8,524,0
2026-01-01,115,9,2149,1
2026-01-01,115,10,1506,1
2026-01-01,115,11,1550,1
2026-01-01,115,12,646,0
2026-01-01,115,13,346,0
2026-01-01,115,14,874,1
2026-01-01,115,15,1049,1
2026-01-01,117,1,730,0
2026-01-01,117,3,454,0
2026-01-01,117,4,574,0
2026-01-01,117,5,272,0
2026-01-01,117,6,388,0
2026-01-01,117,7,325,0
2026-01-01,117,8,334,0
2026-01-01,117,9,681,0
2026-01-01,117,11,545,0
2026-01-01,117,12,475,0
2026-01-01,117,13,316,1
2026-01-01,117,14,407,0
2026-01-01,117,15,355,0
2026-01-01,118,1,771,0
2026-01-01,118,2,304,0
2026-01-01,118,4,528,0
2026-01-01,118,6,378,0
2026-01-01,118,7,269,0
2026-01-01,118,8,325,0
2026-01-01,118,9,618,0
2026-01-01,118,10,537,0
2026-01-01,118,12,563,1
2026-01-01,118,13,240,0
2026-01-01,118,14,387,0
2026-01-01,118,15,380,1
2026-01-01,119,1,1129,1
2026-01-01,119,2,322,0
2026-01-01,119,3,454,0
2026-01-01,119,4,595,0
2026-01-01,119,5,287,0
2026-01-01,119,6,384,0
2026-01-01,119,7,274,0
2026-01-01,119,9,1016,1
2026-01-01,119,10,566,0
2026-01-01,119,11,558,0
2026-01-01,119,12,481,0
2026-01-01,119,13,320,1
2026-01-01,119,14,394,0
2026-01-01,119,15,311,0
2026-01-01,120,1,694,0
2026-01-01,120,2,295,0
2026-01-01,120,3,559,0
2026-01-01,120,4,541,0
2026-01-01,120,5,397,1
2026-01-01,120,6,321,0
2026-01-01,120,7,313,0
2026-01-01,120,8,363,0
2026-01-01,120,9,631,0
2026-01-01,120,10,598,0
2026-01-01,120,11,579,0
2026-01-01,120,12,458,0
2026-01-01,120,13,271,1
2026-01-01,120,14,412,0
2026-01-01,120,15,344,0
2026-01-01,121,1,749,0
2026-01-01,121,2,302,0
2026-01-01,121,3,552,0
2026-01-01,121,4,596,0
2026-01-01,121,5,276,0
2026-01-01,121,6,345,0
2026-01-01,121,7,268,0
2026-01-01,121,8,384,0
2026-01-01,121,9,660,0
2026-01-01,121,11,488,0
2026-01-01,121,12,507,0
2026-01-01,121,13,236,0
2026-01-01,121,14,358,0
2026-01-01,121,15,343,0
2026-01-01,122,1,740,0
2026-01-01,122,2,294,0
2026-01-01,122,3,558,0
2026-01-01,122,4,696,1
2026-01-01,122,5,297,0
2026-01-01,122,6,384,0
2026-01-01,122,7,306,0
2026-01-01,122,8,376,0
2026-01-01,122,10,732,1
2026-01-01,122,11,525,0
2026-01-01,122,12,453,0
2026-01-01,122,13,237,0
2026-01-01,122,14,528,1
2026-01-01,122,15,353,0
2026-01-01,123,1,846,0
2026-01-01,123,2,397,1
2026-01-01,123,3,529,0
2026-01-01,123,4,590,0
2026-01-01,123,5,315,0
2026-01-01,123,6,376,0
2026-01-01,123,7,304,0
2026-01-01,123,8,382,0
2026-01-01,123,9,874,1
2026-01-01,123,10,521,0
2026-01-01,123,11,590,0
2026-01-01,123,13,244,0
2026-01-01,123,14,426,0
2026-01-01,123,15,421,1
2026-01-01,125,1,768,0
2026-01-01,125,2,296,0
2026-01-01,125,3,434,0
2026-01-01,125,4,468,0
2026-01-01,125,5,291,0
2026-01-01,125,6,282,0
2026-01-01,125,7,272,0
2026-01-01,125,8,297,0
2026-01-01,125,9,859,1
2026-01-01,125,10,525,0
2026-01-01,125,11,514,0
2026-01-01,125,12,456,0
2026-01-01,125,13,233,0
2026-01-01,125,14,318,0
2026-01-01,125,15,325,0
2026-01-01,126,1,749,0
2026-01-01,126,2,285,0
2026-01-01,126,3,436,0
2026-01-01,126,4,461,0
2026-01-01,126,5,294,0
2026-01-01,126,6,326,0
2026-01-01,126,7,286,0
2026-01-01,126,8,318,0
2026-01-01,126,9,668,0
2026-01-01,126,10,460,0
2026-01-01,126,11,530,0
2026-01-01,126,12,392,0
2026-01-01,126,13,200,0
2026-01-01,126,14,386,0
2026-01-01,126,15,304,0
2026-01-01,127,1,611,0
2026-01-01,127,2,276,0
2026-01-01,127,5,252,0
2026-01-01,127,6,321,0
2026-01-01,127,7,256,0
2026-01-01,127,8,324,0
2026-01-01,127,9,602,0
2026-01-01,127,10,528,0
2026-01-01,127,11,438,0
2026-01-01,127,12,423,0
2026-01-01,127,13,229,0
2026-01-01,127,14,334,0
2026-01-01,127,15,282,0
2026-01-01,128,1,738,0
2026-01-01,128,2,251,0
2026-01-01,128,3,409,0
2026-01-01,128,4,509,0
2026-01-01,128,6,324,0
2026-01-01,128,7,269,0
2026-01-01,128,8,312,0
2026-01-01,128,9,913,1
2026-01-01,128,10,488,0
2026-01-01,128,12,571,1
2026-01-01,128,13,190,0
2026-01-01,128,14,395,0
2026-01-01,128,15,290,0
2026-01-01,129,1,949,1
2026-01-01,129,2,294,0
2026-01-01,129,3,509,0
2026-01-01,129,4,485,0
2026-01-01,129,5,275,0
2026-01-01,129,6,287,0
2026-01-01,129,7,302,0
2026-01-01,129,8,311,0
2026-01-01,129,9,624,0
2026-01-01,129,10,455,0
2026-01-01,129,11,487,0
2026-01-01,129,12,431,0
2026-01-01,129,13,228,0
2026-01-01,129,14,321,0
2026-01-01,129,15,276,0
2026-01-01,130,1,700,0
2026-01-01,130,2,257,0
2026-01-01,130,3,423,0
2026-01-01,130,4,520,0
2026-01-01,130,6,285,0
2026-01-01,130,7,250,0
2026-01-01,130,8,354,0
2026-01-01,130,9,673,0
2026-01-01,130,10,453,0
2026-01-01,130,11,685,1
2026-01-01,130,12,595,1
2026-01-01,130,13,205,0
2026-01-01,130,15,318,0
2026-01-01,131,1,633,0
2026-01-01,131,2,284,0
2026-01-01,131,3,440,0
2026-01-01,131,4,537,0
2026-01-01,131,5,281,0
2026-01-01,131,6,359,1
2026-01-01,131,7,273,0
2026-01-01,131,8,353,0
2026-01-01,131,9,534,0
2026-01-01,131,10,525,0
2026-01-01,131,11,449,0
2026-01-01,131,12,457,0
2026-01-01,131,13,233,0
2026-01-01,131,14,379,0
2026-01-01,131,15,322,0
2026-01-01,133,1,730,0
2026-01-01,133,3,494,0
2026-01-01,133,4,509,0
2026-01-01,133,5,297,0
2026-01-01,133,6,485,1
2026-01-01,133,7,330,0
2026-01-01,133,8,364,0
2026-01-01,133,9,702,0
2026-01-01,133,10,537,0
2026-01-01,133,11,562,0
2026-01-01,133,13,259,0
2026-01-01,133,14,419,0
2026-01-01,133,15,367,0
2026-01-01,134,1,756,0
2026-01-01,134,2,458,1
2026-01-01,134,3,803,1
2026-01-01,134,4,749,1
2026-01-01,134,5,307,0
2026-01-01,134,6,348,0
2026-01-01,134,7,318,0
2026-01-01,134,8,392,0
2026-01-01,134,9,726,0
2026-01-01,134,11,488,0
2026-01-01,134,12,461,0
2026-01-01,134,13,251,0
2026-01-01,134,14,417,0
2026-01-01,134,15,322,0
2026-01-01,135,1,719,0
2026-01-01,135,2,287,0
2026-01-01,135,3,516,0
2026-01-01,135,4,824,1
2026-01-01,135,5,463,1
2026-01-01,135,6,326,0
2026-01-01,135,7,336,0
2026-01-01,135,8,416,0
2026-01-01,135,9,755,0
2026-01-01,135,10,487,0
2026-01-01,135,11,528,0
2026-01-01,135,12,642,1
2026-01-01,135,13,220,0
2026-01-01,135,14,432,0
2026-01-01,135,15,297,0
2026-01-01,136,1,775,0
2026-01-01,136,2,282,0
2026-01-01,136,3,503,0
2026-01-01,136,5,326,0
2026-01-01,136,6,354,0
2026-01-01,136,7,316,0
2026-01-01,136,8,333,0
2026-01-01,136,9,615,0
2026-01-01,136,10,595,0
2026-01-01,136,11,603,0
2026-01-01,136,12,653,1
2026-01-01,136,13,237,0
2026-01-01,136,14,403,0
2026-01-01,136,15,321,0
2026-01-01,137,1,767,0
2026-01-01,137,2,298,0
2026-01-01,137,3,580,0
2026-01-01,137,4,618,0
2026-01-01,137,5,330,0
2026-01-01,137,6,366,0
2026-01-01,137,7,346,0
2026-01-01,137,8,350,0
2026-01-01,137,9,716,0
2026-01-01,137,11,586,0
2026-01-01,137,12,477,0
2026-01-01,137,13,228,0
2026-01-01,137,14,413,0
2026-01-01,137,15,358,0
2026-01-01,138,1,772,0
2026-01-01,138,2,314,0
2026-01-01,138,3,489,0
2026-01-01,138,4,546,0
2026-01-01,138,5,271,0
2026-01-01,138,6,387,0
2026-01-01,138,8,394,0
2026-01-01,138,9,611,0
2026-01-01,138,10,492,0
2026-01-01,138,11,568,0
2026-01-01,138,13,215,0
2026-01-01,138,14,414,0
2026-01-01,138,15,338,0
2026-01-01,139,1,811,0
2026-01-01,139,3,561,0
2026-01-01,139,4,831,1
2026-01-01,139,5,311,0
2026-01-01,139,6,392,0
2026-01-01,139,7,278,0
2026-01-01,139,8,395,0
2026-01-01,139,9,684,0
2026-01-01,139,10,507,0
2026-01-01,139,12,480,0
2026-01-01,139,14,388,0
2026-01-01,139,15,294,0
2026-02-01,101,1,1782,0
2026-02-01,101,2,670,0
2026-02-01,101,3,1003,0
2026-02-01,101,5,992,1
2026-02-01,101,6,783,0
2026-02-01,101,7,695,0
2026-02-01,101,8,802,0
2026-02-01,101,9,1524,0
2026-02-01,101,10,1293,0
2026-02-01,101,11,1155,0
2026-02-01,101,12,1386,1
2026-02-01,101,13,488,0
2026-02-01,101,14,794,0
2026-02-01,101,15,761,0
2026-02-01,102,2,667,0
2026-02-01,102,3,1161,0
2026-02-01,102,4,1134,0
2026-02-01,102,5,693,0
2026-02-01,102,6,680,0
2026-02-01,102,7,640,0
2026-02-01,102,8,731,0
2026-02-01,102,9,1344,0
2026-02-01,102,10,1150,0
2026-02-01,102,11,1096,0
2026-02-01,102,12,900,0
2026-02-01,102,13,485,0
2026-02-01,102,14,933,0
2026-02-01,102,15,669,0
2026-02-01,103,1,1552,0
2026-02-01,103,2,685,0
2026-02-01,103,3,1111,0
2026-02-01,103,4,1060,0
2026-02-01,103,5,573,0
2026-02-01,103,6,807,0
2026-02-01,103,7,593,0
2026-02-01,103,8,745,0
2026-02-01,103,9,2132,1
2026-02-01,103,10,1256,0
2026-02-01,103,11,1217,0
2026-02-01,103,12,902,0
2026-02-01,103,13,534,0
2026-02-01,103,14,860,0
2026-02-01,103,15,872,1
2026-02-01,104,1,1663,0
2026-02-01,104,2,664,0
2026-02-01,104,3,1095,0
2026-02-01,104,5,592,0
2026-02-01,104,6,862,0
2026-02-01,104,7,601,0
2026-02-01,104,8,895,0
2026-02-01,104,9,1442,0
2026-02-01,104,10,1239,0
2026-02-01,104,11,1119,0
2026-02-01,104,12,1028,0
2026-02-01,104,15,688,0
2026-02-01,105,1,1730,0
2026-02-01,105,2,752,1
2026-02-01,105,3,1173,0
2026-02-01,105,4,1154,0
2026-02-01,105,5,601,0
2026-02-01,105,6,751,0
2026-02-01,105,7,611,0
2026-02-01,105,8,894,0
2026-02-01,105,9,1619,0
2026-02-01,105,10,1163,0
2026-02-01,105,11,1333,0
2026-02-01,105,12,991,0
2026-02-01,105,13,682,1
2026-02-01,105,14,1232,1
2026-02-01,105,15,734,0
2026-02-01,106,1,2439,1
2026-02-01,106,2,657,0
2026-02-01,106,4,1347,0
2026-02-01,106,5,599,0
2026-02-01,106,6,827,0
2026-02-01,106,7,822,1
2026-02-01,106,9,1647,0
2026-02-01,106,10,1136,0
2026-02-01,106,12,915,0
2026-02-01,106,13,521,0
2026-02-01,106,14,935,0
2026-02-01,106,15,784,0
2026-02-01,107,1,1649,0
2026-02-01,107,4,1562,1
2026-02-01,107,5,680,0
2026-02-01,107,7,590,0
2026-02-01,107,8,840,0
2026-02-01,107,9,1404,0
2026-02-01,107,10,1269,0
2026-02-01,107,11,1298,0
2026-02-01,107,12,1018,0
2026-02-01,107,13,552,0
2026-02-01,107,14,913,0
2026-02-01,109,1,2057,1
2026-02-01,109,2,938,1
2026-02-01,109,3,817,0
2026-02-01,109,4,738,0
2026-02-01,109,5,756,1
2026-02-01,109,6,499,0
2026-02-01,109,7,456,0
2026-02-01,109,8,1049,1
2026-02-01,109,9,923,0
2026-02-01,109,12,1186,1
2026-02-01,109,13,321,0
2026-02-01,109,14,564,0
2026-02-01,109,15,421,0
2026-02-01,110,2,369,0
2026-02-01,110,3,668,0
2026-02-01,110,4,721,0
2026-02-01,110,5,429,0
2026-02-01,110,7,852,1
2026-02-01,110,8,547,0
2026-02-01,110,9,903,0
2026-02-01,110,10,1459,1
2026-02-01,110,12,612,0
2026-02-01,110,13,342,0
2026-02-01,110,14,540,0
2026-02-01,111,1,1954,1
2026-02-01,111,2,370,0
2026-02-01,111,3,1256,1
2026-02-01,111,4,820,0
2026-02-01,111,5,416,0
2026-02-01,111,6,1093,1
2026-02-01,111,7,419,0
2026-02-01,111,8,487,0
2026-02-01,111,9,859,0
2026-02-01,111,10,752,0
2026-02-01,111,11,1548,1
2026-02-01,111,13,313,0
2026-02-01,111,14,991,1
2026-02-01,111,15,504,0
2026-02-01,112,1,2298,1
2026-02-01,112,2,400,0
2026-02-01,112,3,707,0
2026-02-01,112,4,1484,1
2026-02-01,112,5,408,0
2026-02-01,112,6,859,1
2026-02-01,112,7,384,0
2026-02-01,112,8,920,1
2026-02-01,112,9,1806,1
2026-02-01,112,10,1616,1
2026-02-01,112,11,1477,1
2026-02-01,112,12,641,0
2026-02-01,112,13,373,0
2026-02-01,112,14,584,0
2026-02-01,113,1,1215,0
2026-02-01,113,3,1333,1
2026-02-01,113,4,803,0
2026-02-01,113,5,896,1
2026-02-01,113,6,955,1
2026-02-01,113,7,398,0
2026-02-01,113,8,544,0
2026-02-01,113,9,873,0
2026-02-01,113,10,1440,1
2026-02-01,113,11,870,0
2026-02-01,113,12,639,0
2026-02-01,113,13,348,0
2026-02-01,113,14,604,0
2026-02-01,113,15,885,1
2026-02-01,114,1,993,0
2026-02-01,114,3,707,0
2026-02-01,114,4,745,0
2026-02-01,114,5,445,0
2026-02-01,114,6,456,0
2026-02-01,114,7,479,0
2026-02-01,114,8,995,1
2026-02-01,114,9,1074,0
2026-02-01,114,11,868,0
2026-02-01,114,12,659,0
2026-02-01,114,13,371,0
2026-02-01,114,14,516,0
2026-02-01,114,15,421,0
2026-02-01,115,1,1122,0
2026-02-01,115,2,740,1
2026-02-01,115,3,700,0
2026-02-01,115,5,416,0
2026-02-01,115,6,879,1
2026-02-01,115,7,476,0
2026-02-01,115,8,487,0
2026-02-01,115,9,894,0
2026-02-01,115,10,1438,1
2026-02-01,115,12,599,0
2026-02-01,115,13,346,0
2026-02-01,115,14,572,0
2026-02-01,115,15,480,0
2026-02-01,117,1,811,0
2026-02-01,117,2,256,0
2026-02-01,117,3,566,0
2026-02-01,117,4,563,0
2026-02-01,117,5,265,0
2026-02-01,117,6,386,0
2026-02-01,117,7,294,0
2026-02-01,117,8,344,0
2026-02-01,117,9,618,0
2026-02-01,117,10,591,0
2026-02-01,117,12,515,0
2026-02-01,117,13,261,0
2026-02-01,117,14,360,0
2026-02-01,117,15,483,1
2026-02-01,118,1,701,0
2026-02-01,118,2,312,0
2026-02-01,118,3,554,0
2026-02-01,118,4,479,0
2026-02-01,118,5,319,0
2026-02-01,118,6,377,0
2026-02-01,118,7,273,0
2026-02-01,118,8,368,0
2026-02-01,118,9,728,0
2026-02-01,118,10,586,0
2026-02-01,118,11,477,0
2026-02-01,118,12,407,0
2026-02-01,118,13,209,0
2026-02-01,118,14,347,0
2026-02-01,118,15,321,0
2026-02-01,119,1,801,0
2026-02-01,119,3,451,0
2026-02-01,119,5,290,0
2026-02-01,119,6,331,0
2026-02-01,119,7,332,0
2026-02-01,119,8,373,0
2026-02-01,119,9,640,0
2026-02-01,119,10,533,0
2026-02-01,119,11,490,0
2026-02-01,119,12,487,0
2026-02-01,119,13,240,0
2026-02-01,119,14,360,0
2026-02-01,119,15,302,0
2026-02-01,120,1,851,0
2026-02-01,120,2,257,0
2026-02-01,120,3,459,0
2026-02-01,120,4,769,1
2026-02-01,120,5,323,0
2026-02-01,120,6,333,0
2026-02-01,120,8,396,0
2026-02-01,120,9,672,0
2026-02-01,120,10,484,0
2026-02-01,120,11,596,0
2026-02-01,120,12,469,0
2026-02-01,120,13,300,1
2026-02-01,120,14,386,0
2026-02-01,120,15,304,0
2026-02-01,121,2,387,1
2026-02-01,121,4,571,0
2026-02-01,121,5,268,0
2026-02-01,121,6,390,0
2026-02-01,121,7,277,0
2026-02-01,121,8,369,0
2026-02-01,121,9,708,0
2026-02-01,121,10,597,0
2026-02-01,121,11,529,0
2026-02-01,121,12,514,0
2026-02-01,121,14,395,0
2026-02-01,121,15,303,0
2026-02-01,122,1,1078,1
2026-02-01,122,2,292,0
2026-02-01,122,4,540,0
2026-02-01,122,5,286,0
2026-02-01,122,6,421,1
2026-02-01,122,7,329,0
2026-02-01,122,8,387,0
2026-02-01,122,9,743,0
2026-02-01,122,10,540,0
2026-02-01,122,11,729,1
2026-02-01,122,13,218,0
2026-02-01,122,14,352,0
2026-02-01,122,15,325,0
2026-02-01,123,1,815,0
2026-02-01,123,2,306,0
2026-02-01,123,4,478,0
2026-02-01,123,5,310,0
2026-02-01,123,6,314,0
2026-02-01,123,7,306,0
2026-02-01,123,8,382,0
2026-02-01,123,9,623,0
2026-02-01,123,10,556,0
2026-02-01,123,11,538,0
2026-02-01,123,12,467,0
2026-02-01,123,13,243,0
2026-02-01,123,14,395,0
2026-02-01,125,1,639,0
2026-02-01,125,2,227,0
2026-02-01,125,3,424,0
2026-02-01,125,4,417,0
2026-02-01,125,5,217,0
2026-02-01,125,6,305,0
2026-02-01,125,7,294,1
2026-02-01,125,8,308,0
2026-02-01,125,9,527,0
2026-02-01,125,10,466,0
2026-02-01,125,11,422,0
2026-02-01,125,12,481,1
2026-02-01,125,13,193,0
2026-02-01,125,14,422,1
2026-02-01,125,15,289,0
2026-02-01,126,1,602,0
2026-02-01,126,2,238,0
2026-02-01,126,3,418,0
2026-02-01,126,4,665,1
2026-02-01,126,5,225,0
2026-02-01,126,6,284,0
2026-02-01,126,7,334,1
2026-02-01,126,9,505,0
2026-02-01,126,10,396,0
2026-02-01,126,11,504,0
2026-02-01,126,12,557,1
2026-02-01,126,13,187,0
2026-02-01,126,14,353,0
2026-02-01,126,15,266,0
2026-02-01,127,2,220,0
2026-02-01,127,3,378,0
2026-02-01,127,4,467,0
2026-02-01,127,5,220,0
2026-02-01,127,6,317,0
2026-02-01,127,8,275,0
2026-02-01,127,9,581,0
2026-02-01,127,10,496,0
2026-02-01,127,11,478,0
2026-02-01,127,12,347,0
2026-02-01,127,13,183,0
2026-02-01,127,14,328,0
2026-02-01,127,15,283,0
2026-02-01,128,1,600,0
2026-02-01,128,3,428,0
2026-02-01,128,4,434,0
2026-02-01,128,5,227,0
2026-02-01,128,6,260,0
2026-02-01,128,7,222,0
2026-02-01,128,8,305,0
2026-02-01,128,10,451,0
2026-02-01,128,11,461,0
2026-02-01,128,12,464,1
2026-02-01,128,14,305,0
2026-02-01,128,15,253,0
2026-02-01,129,1,676,0
2026-02-01,129,3,440,0
2026-02-01,129,4,460,0
2026-02-01,129,6,317,0
2026-02-01,129,8,314,0
2026-02-01,129,9,495,0
2026-02-01,129,10,450,0
2026-02-01,129,11,406,0
2026-02-01,129,12,355,0
2026-02-01,129,13,186,0
2026-02-01,129,14,458,1
2026-02-01,129,15,269,0
2026-02-01,130,1,587,0
2026-02-01,130,4,482,0
2026-02-01,130,6,466,1
2026-02-01,130,7,259,0
2026-02-01,130,8,273,0
2026-02-01,130,9,595,0
2026-02-01,130,10,440,0
2026-02-01,130,11,405,0
2026-02-01,130,12,380,0
2026-02-01,130,13,180,0
2026-02-01,130,14,336,0
2026-02-01,130,15,320,1
2026-02-01,131,1,690,0
2026-02-01,131,2,232,0
2026-02-01,131,3,403,0
2026-02-01,131,4,421,0
2026-02-01,131,5,217,0
2026-02-01,131,6,295,0
2026-02-01,131,7,264,0
2026-02-01,131,8,297,0
2026-02-01,131,10,474,0
2026-02-01,131,11,480,0
2026-02-01,131,12,506,1
2026-02-01,131,13,216,0
2026-02-01,131,14,297,0
2026-02-01,131,15,298,0
2026-02-01,133,1,809,0
2026-02-01,133,2,314,0
2026-02-01,133,3,537,0
2026-02-01,133,4,618,0
2026-02-01,133,6,339,0
2026-02-01,133,7,334,0
2026-02-01,133,8,413,0
2026-02-01,133,9,671,0
2026-02-01,133,10,550,0
2026-02-01,133,11,845,1
2026-02-01,133,12,527,0
2026-02-01,133,13,302,1
2026-02-01,133,14,377,0
2026-02-01,133,15,323,0
2026-02-01,134,1,803,0
2026-02-01,134,2,270,0
2026-02-01,134,3,537,0
2026-02-01,134,4,570,0
2026-02-01,134,5,298,0
2026-02-01,134,6,318,0
2026-02-01,134,7,322,0
2026-02-01,134,8,387,0
2026-02-01,134,9,640,0
2026-02-01,134,10,536,0
2026-02-01,134,11,525,0
2026-02-01,134,12,460,0
2026-02-01,134,13,236,0
2026-02-01,134,14,392,0
2026-02-01,134,15,331,0
2026-02-01,135,1,708,0
2026-02-01,135,2,310,0
2026-02-01,135,3,753,1
2026-02-01,135,4,597,0
2026-02-01,135,5,298,0
2026-02-01,135,6,339,0
2026-02-01,135,7,302,0
2026-02-01,135,9,714,0
2026-02-01,135,10,493,0
2026-02-01,135,11,782,1
2026-02-01,135,12,417,0
2026-02-01,135,13,244,0
2026-02-01,135,14,395,0
2026-02-01,135,15,302,0
2026-02-01,136,1,815,0
2026-02-01,136,2,261,0
2026-02-01,136,3,475,0
2026-02-01,136,4,520,0
2026-02-01,136,5,336,0
2026-02-01,136,6,387,0
2026-02-01,136,7,307,0
2026-02-01,136,8,403,0
2026-02-01,136,9,1064,1
2026-02-01,136,11,585,0
2026-02-01,136,12,463,0
2026-02-01,136,13,224,0
2026-02-01,136,14,406,0
2026-02-01,136,15,304,0
2026-02-01,137,1,822,0
2026-02-01,137,2,263,0
2026-02-01,137,3,563,0
2026-02-01,137,4,495,0
2026-02-01,137,5,284,0
2026-02-01,137,6,338,0
2026-02-01,137,7,280,0
2026-02-01,137,8,346,0
2026-02-01,137,9,747,0
2026-02-01,137,10,567,0
2026-02-01,137,11,510,0
2026-02-01,137,14,356,0
2026-02-01,137,15,295,0
2026-02-01,138,1,774,0
2026-02-01,138,2,436,1
2026-02-01,138,3,560,0
2026-02-01,138,4,493,0
2026-02-01,138,5,332,0
2026-02-01,138,6,375,0
2026-02-01,138,7,303,0
2026-02-01,138,8,389,0
2026-02-01,138,9,759,0
2026-02-01,138,10,598,0
2026-02-01,138,11,599,0
2026-02-01,138,12,452,0
2026-02-01,138,13,335,1
2026-02-01,138,14,363,0
2026-02-01,138,15,368,0
2026-02-01,139,1,866,0
2026-02-01,139,2,354,1
2026-02-01,139,3,469,0
2026-02-01,139,4,557,0
2026-02-01,139,5,294,0
2026-02-01,139,6,370,0
2026-02-01,139,7,338,0
2026-02-01,139,8,342,0
2026-02-01,139,9,977,1
2026-02-01,139,10,575,0
2026-02-01,139,11,495,0
2026-02-01,139,12,502,0
2026-02-01,139,13,241,0
2026-02-01,139,14,420,0
2026-02-01,139,15,320,0
2026-03-01,101,1,1566,0
2026-03-01,101,2,618,0
2026-03-01,101,3,1228,0
2026-03-01,101,4,1202,0
2026-03-01,101,5,970,1
2026-03-01,101,6,811,0
2026-03-01,101,7,625,0
2026-03-01,101,8,801,0
2026-03-01,101,9,2022,1
2026-03-01,101,10,1299,0
2026-03-01,101,11,1269,0
2026-03-01,101,12,963,0
2026-03-01,101,13,671,1
2026-03-01,101,14,786,0
2026-03-01,101,15,691,0
2026-03-01,102,1,1672,0
2026-03-01,102,2,588,0
2026-03-01,102,3,1078,0
2026-03-01,102,4,1131,0
2026-03-01,102,5,656,0
2026-03-01,102,6,683,0
2026-03-01,102,7,731,0
2026-03-01,102,8,780,0
2026-03-01,102,9,1507,0
2026-03-01,102,10,1144,0
2026-03-01,102,11,1596,1
2026-03-01,102,12,948,0
2026-03-01,102,13,565,0
2026-03-01,102,14,905,0
2026-03-01,102,15,690,0
2026-03-01,103,1,1826,0
2026-03-01,103,2,628,0
2026-03-01,103,3,1244,0
2026-03-01,103,4,1342,0
2026-03-01,103,5,661,0
2026-03-01,103,6,1017,1
2026-03-01,103,7,642,0
2026-03-01,103,8,890,0
2026-03-01,103,9,1612,0
2026-03-01,103,10,1184,0
2026-03-01,103,11,1121,0
2026-03-01,103,12,1064,0
2026-03-01,103,14,839,0
2026-03-01,103,15,748,0
2026-03-01,104,1,1751,0
2026-03-01,104,2,666,0
2026-03-01,104,3,1175,0
2026-03-01,104,4,1193,0
2026-03-01,104,5,640,0
2026-03-01,104,6,773,0
2026-03-01,104,7,638,0
2026-03-01,104,8,718,0
2026-03-01,104,9,1623,0
2026-03-01,104,10,1118,0
2026-03-01,104,11,1065,0
2026-03-01,104,12,1039,0
2026-03-01,104,13,570,0
2026-03-01,104,14,803,0
2026-03-01,104,15,739,0
2026-03-01,105,1,1602,0
2026-03-01,105,2,568,0
2026-03-01,105,3,1171,0
2026-03-01,105,4,1358,1
2026-03-01,105,5,712,0
2026-03-01,105,6,693,0
2026-03-01,105,7,626,0
2026-03-01,105,8,901,0
2026-03-01,105,9,1543,0
2026-03-01,105,10,1563,1
2026-03-01,105,11,1149,0
2026-03-01,105,12,1070,0
2026-03-01,105,13,540,0
2026-03-01,105,14,766,0
2026-03-01,106,1,2252,1
2026-03-01,106,2,639,0
2026-03-01,106,4,1078,0
2026-03-01,106,5,681,0
2026-03-01,106,6,781,0
2026-03-01,106,8,840,0
2026-03-01,106,9,1383,0
2026-03-01,106,10,1285,0
2026-03-01,106,11,1085,0
2026-03-01,106,12,912,0
2026-03-01,106,13,516,0
2026-03-01,106,14,892,0
2026-03-01,107,1,1517,0
2026-03-01,107,2,629,0
2026-03-01,107,3,1250,0
2026-03-01,107,4,1380,1
2026-03-01,107,6,766,0
2026-03-01,107,7,639,0
2026-03-01,107,8,782,0
2026-03-01,107,9,1594,0
2026-03-01,107,10,1295,0
2026-03-01,107,11,1260,0
2026-03-01,107,12,1044,0
2026-03-01,107,13,557,0
2026-03-01,107,14,885,0
2026-03-01,107,15,793,0
2026-03-01,109,1,1198,0
2026-03-01,109,2,636,1
2026-03-01,109,3,1262,1
2026-03-01,109,4,722,0
2026-03-01,109,5,372,0
2026-03-01,109,6,499,0
2026-03-01,109,7,402,0
2026-03-01,109,8,565,0
2026-03-01,109,9,1849,1
2026-03-01,109,10,1450,1
2026-03-01,109,11,1519,1
2026-03-01,109,12,1243,1
2026-03-01,109,13,549,1
2026-03-01,109,14,1294,1
2026-03-01,109,15,502,0
2026-03-01,110,1,2285,1
2026-03-01,110,2,371,0
2026-03-01,110,3,701,0
2026-03-01,110,4,1415,1
2026-03-01,110,5,421,0
2026-03-01,110,6,878,1
2026-03-01,110,7,475,0
2026-03-01,110,8,574,0
2026-03-01,110,9,1077,0
2026-03-01,110,10,1595,1
2026-03-01,110,11,769,0
2026-03-01,110,13,623,1
2026-03-01,110,14,1279,1
2026-03-01,110,15,437,0
2026-03-01,111,1,1085,0
2026-03-01,111,2,872,1
2026-03-01,111,3,726,0
2026-03-01,111,4,796,0
2026-03-01,111,5,454,0
2026-03-01,111,6,488,0
2026-03-01,111,7,385,0
2026-03-01,111,8,546,0
2026-03-01,111,9,858,0
2026-03-01,111,10,845,0
2026-03-01,111,11,696,0
2026-03-01,111,12,596,0
2026-03-01,111,13,347,0
2026-03-01,111,14,583,0
2026-03-01,111,15,920,1
2026-03-01,112,1,1129,0
2026-03-01,112,3,761,0
2026-03-01,112,4,818,0
2026-03-01,112,5,910,1
2026-03-01,112,6,1058,1
2026-03-01,112,7,475,0
2026-03-01,112,9,969,0
2026-03-01,112,10,757,0
2026-03-01,112,12,588,0
2026-03-01,112,13,325,0
2026-03-01,112,14,533,0
2026-03-01,112,15,434,0
2026-03-01,113,1,988,0
2026-03-01,113,2,404,0
2026-03-01,113,3,810,0
2026-03-01,113,4,1525,1
2026-03-01,113,5,386,0
2026-03-01,113,6,477,0
2026-03-01,113,8,480,0
2026-03-01,113,9,1974,1
2026-03-01,113,10,1601,1
2026-03-01,113,11,763,0
2026-03-01,113,12,590,0
2026-03-01,113,13,663,1
2026-03-01,113,14,528,0
2026-03-01,113,15,822,1
2026-03-01,114,1,1214,0
2026-03-01,114,2,386,0
2026-03-01,114,3,1525,1
2026-03-01,114,4,777,0
2026-03-01,114,5,812,1
2026-03-01,114,6,539,0
2026-03-01,114,7,760,1
2026-03-01,114,8,495,0
2026-03-01,114,9,1802,1
2026-03-01,114,10,1461,1
2026-03-01,114,11,850,0
2026-03-01,114,12,668,0
2026-03-01,114,14,560,0
2026-03-01,114,15,841,1
2026-03-01,115,1,2004,1
2026-03-01,115,2,377,0
2026-03-01,115,3,810,0
2026-03-01,115,4,868,0
2026-03-01,115,5,411,0
2026-03-01,115,7,407,0
2026-03-01,115,8,568,0
2026-03-01,115,9,1612,1
2026-03-01,115,10,687,0
2026-03-01,115,11,771,0
2026-03-01,115,12,692,0
2026-03-01,115,14,608,0
2026-03-01,115,15,469,0
2026-03-01,117,1,805,0
2026-03-01,117,2,282,0
2026-03-01,117,3,509,0
2026-03-01,117,4,562,0
2026-03-01,117,5,316,0
2026-03-01,117,7,285,0
2026-03-01,117,8,344,0
2026-03-01,117,9,925,1
2026-03-01,117,10,549,0
2026-03-01,117,11,481,0
2026-03-01,117,12,472,0
2026-03-01,117,13,248,0
2026-03-01,117,15,318,0
2026-03-01,118,1,792,0
2026-03-01,118,2,285,0
2026-03-01,118,3,557,0
2026-03-01,118,4,532,0
2026-03-01,118,5,283,0
2026-03-01,118,6,317,0
2026-03-01,118,7,265,0
2026-03-01,118,8,446,1
2026-03-01,118,9,654,0
2026-03-01,118,10,493,0
2026-03-01,118,11,495,0
2026-03-01,118,12,406,0
2026-03-01,118,14,430,0
2026-03-01,118,15,358,0
2026-03-01,119,1,760,0
2026-03-01,119,2,257,0
2026-03-01,119,3,569,0
2026-03-01,119,5,289,0
2026-03-01,119,6,317,0
2026-03-01,119,7,277,0
2026-03-01,119,8,396,0
2026-03-01,119,9,656,0
2026-03-01,119,10,503,0
2026-03-01,119,11,525,0
2026-03-01,119,12,475,0
2026-03-01,119,13,221,0
2026-03-01,119,14,350,0
2026-03-01,119,15,303,0
2026-03-01,120,1,771,0
2026-03-01,120,2,260,0
2026-03-01,120,3,498,0
2026-03-01,120,4,557,0
2026-03-01,120,5,387,1
2026-03-01,120,6,337,0
2026-03-01,120,8,329,0
2026-03-01,120,9,712,0
2026-03-01,120,10,583,0
2026-03-01,120,11,530,0
2026-03-01,120,12,422,0
2026-03-01,120,14,393,0
2026-03-01,120,15,306,0
2026-03-01,121,1,689,0
2026-03-01,121,3,507,0
2026-03-01,121,4,580,0
2026-03-01,121,5,277,0
2026-03-01,121,6,355,0
2026-03-01,121,7,330,0
2026-03-01,121,8,386,0
2026-03-01,121,9,670,0
2026-03-01,121,10,700,1
2026-03-01,121,12,627,1
2026-03-01,121,13,243,0
2026-03-01,121,14,409,0
2026-03-01,121,15,311,0
2026-03-01,122,1,814,0
2026-03-01,122,2,251,0
2026-03-01,122,3,549,0
2026-03-01,122,4,742,1
2026-03-01,122,5,284,0
2026-03-01,122,6,331,0
2026-03-01,122,7,321,0
2026-03-01,122,8,508,1
2026-03-01,122,9,947,1
2026-03-01,122,10,573,0
2026-03-01,122,12,457,0
2026-03-01,122,13,222,0
2026-03-01,122,14,381,0
2026-03-01,122,15,358,0
2026-03-01,123,1,698,0
2026-03-01,123,2,423,1
2026-03-01,123,3,694,1
2026-03-01,123,4,560,0
2026-03-01,123,5,315,0
2026-03-01,123,6,364,0
2026-03-01,123,7,429,1
2026-03-01,123,8,340,0
2026-03-01,123,9,680,0
2026-03-01,123,10,537,0
2026-03-01,123,11,533,0
2026-03-01,123,12,442,0
2026-03-01,123,13,227,0
2026-03-01,123,14,600,1
2026-03-01,123,15,322,0
2026-03-01,125,1,699,0
2026-03-01,125,2,212,0
2026-03-01,125,4,470,0
2026-03-01,125,5,233,0
2026-03-01,125,6,298,0
2026-03-01,125,7,239,0
2026-03-01,125,8,278,0
2026-03-01,125,9,539,0
2026-03-01,125,10,417,0
2026-03-01,125,12,349,0
2026-03-01,125,14,298,0
2026-03-01,125,15,295,0
2026-03-01,126,1,651,0
2026-03-01,126,2,263,0
2026-03-01,126,3,471,0
2026-03-01,126,4,623,1
2026-03-01,126,5,221,0
2026-03-01,126,6,307,0
2026-03-01,126,7,249,0
2026-03-01,126,8,273,0
2026-03-01,126,9,495,0
2026-03-01,126,10,412,0
2026-03-01,126,11,472,0
2026-03-01,126,12,362,0
2026-03-01,126,13,187,0
2026-03-01,126,14,329,0
2026-03-01,126,15,266,0
2026-03-01,127,1,672,0
2026-03-01,127,2,235,0
2026-03-01,127,3,430,0
2026-03-01,127,5,348,1
2026-03-01,127,6,438,1
2026-03-01,127,7,223,0
2026-03-01,127,8,279,0
2026-03-01,127,9,588,0
2026-03-01,127,10,720,1
2026-03-01,127,11,498,0
2026-03-01,127,12,429,0
2026-03-01,127,13,190,0
2026-03-01,127,14,423,1
2026-03-01,127,15,254,0
2026-03-01,128,1,645,0
2026-03-01,128,2,261,0
2026-03-01,128,3,454,0
2026-03-01,128,4,478,0
2026-03-01,128,5,257,0
2026-03-01,128,7,241,0
2026-03-01,128,8,325,0
2026-03-01,128,9,557,0
2026-03-01,128,10,494,0
2026-03-01,128,11,487,0
2026-03-01,128,12,344,0
2026-03-01,128,13,202,0
2026-03-01,128,14,347,0
2026-03-01,129,1,696,0
2026-03-01,129,2,225,0
2026-03-01,129,3,376,0
2026-03-01,129,4,482,0
2026-03-01,129,5,258,0
2026-03-01,129,6,359,1
2026-03-01,129,7,251,0
2026-03-01,129,8,276,0
2026-03-01,129,9,530,0
2026-03-01,129,10,498,0
2026-03-01,129,11,535,1
2026-03-01,129,12,343,0
2026-03-01,129,13,187,0
2026-03-01,129,14,339,0
2026-03-01,129,15,303,0
2026-03-01,130,1,588,0
2026-03-01,130,2,329,1
2026-03-01,130,3,400,0
2026-03-01,130,4,505,0
2026-03-01,130,5,216,0
2026-03-01,130,6,299,0
2026-03-01,130,7,231,0
2026-03-01,130,8,272,0
2026-03-01,130,9,616,0
2026-03-01,130,10,432,0
2026-03-01,130,11,453,0
2026-03-01,130,12,548,1
2026-03-01,130,13,209,0
2026-03-01,130,14,334,0
2026-03-01,131,1,640,0
2026-03-01,131,2,257,0
2026-03-01,131,3,620,1
2026-03-01,131,4,400,0
2026-03-01,131,5,348,1
2026-03-01,131,6,313,0
2026-03-01,131,8,295,0
2026-03-01,131,9,577,0
2026-03-01,131,10,603,1
2026-03-01,131,11,491,0
2026-03-01,131,12,354,0
2026-03-01,131,13,184,0
2026-03-01,131,15,276,0
2026-03-01,133,1,854,0
2026-03-01,133,2,308,0
2026-03-01,133,3,504,0
2026-03-01,133,5,326,0
2026-03-01,133,6,320,0
2026-03-01,133,7,280,0
2026-03-01,133,8,380,0
2026-03-01,133,9,733,0
2026-03-01,133,10,503,0
2026-03-01,133,11,506,0
2026-03-01,133,12,436,0
2026-03-01,133,13,251,0
2026-03-01,133,14,468,1
2026-03-01,133,15,307,0
2026-03-01,134,1,818,0
2026-03-01,134,2,315,0
2026-03-01,134,3,491,0
2026-03-01,134,4,535,0
2026-03-01,134,5,300,0
2026-03-01,134,6,392,0
2026-03-01,134,7,326,0
2026-03-01,134,8,411,0
2026-03-01,134,9,749,0
2026-03-01,134,10,609,0
2026-03-01,134,11,733,1
2026-03-01,134,13,234,0
2026-03-01,134,14,360,0
2026-03-01,134,15,303,0
2026-03-01,135,1,852,0
2026-03-01,135,2,449,1
2026-03-01,135,3,480,0
2026-03-01,135,4,564,0
2026-03-01,135,5,298,0
2026-03-01,135,6,375,0
2026-03-01,135,7,277,0
2026-03-01,135,8,345,0
2026-03-01,135,9,748,0
2026-03-01,135,10,497,0
2026-03-01,135,11,512,0
2026-03-01,135,12,529,0
2026-03-01,135,13,213,0
2026-03-01,135,14,443,0
2026-03-01,135,15,419,1
2026-03-01,136,1,1139,1
2026-03-01,136,2,274,0
2026-03-01,136,3,465,0
2026-03-01,136,4,521,0
2026-03-01,136,5,315,0
2026-03-01,136,6,394,0
2026-03-01,136,7,286,0
2026-03-01,136,8,341,0
2026-03-01,136,9,698,0
2026-03-01,136,10,600,0
2026-03-01,136,11,556,0
2026-03-01,136,12,487,0
2026-03-01,136,13,247,0
2026-03-01,136,14,411,0
2026-03-01,136,15,331,0
2026-03-01,137,1,1012,1
2026-03-01,137,2,272,0
2026-03-01,137,3,463,0
2026-03-01,137,4,608,0
2026-03-01,137,6,359,0
2026-03-01,137,7,293,0
2026-03-01,137,8,346,0
2026-03-01,137,9,648,0
2026-03-01,137,10,601,0
2026-03-01,137,12,432,0
2026-03-01,137,13,266,0
2026-03-01,137,14,557,1
2026-03-01,137,15,357,0
2026-03-01,138,1,811,0
2026-03-01,138,2,261,0
2026-03-01,138,3,554,0
2026-03-01,138,4,501,0
2026-03-01,138,5,295,0
2026-03-01,138,6,503,1
2026-03-01,138,7,396,1
2026-03-01,138,8,369,0
2026-03-01,138,9,746,0
2026-03-01,138,10,580,0
2026-03-01,138,12,500,0
2026-03-01,138,13,215,0
2026-03-01,138,14,360,0
2026-03-01,138,15,354,0
2026-03-01,139,1,758,0
2026-03-01,139,2,270,0
2026-03-01,139,3,504,0
2026-03-01,139,4,525,0
2026-03-01,139,5,329,0
2026-03-01,139,6,397,0
2026-03-01,139,7,345,0
2026-03-01,139,8,367,0
2026-03-01,139,9,698,0
2026-03-01,139,11,539,0
2026-03-01,139,12,488,0
2026-03-01,139,13,367,1
2026-03-01,139,14,454,1
2026-04-01,101,1,1887,0
2026-04-01,101,2,847,1
2026-04-01,101,3,1194,0
2026-04-01,101,4,1247,0
2026-04-01,101,6,1083,1
2026-04-01,101,7,697,0
2026-04-01,101,8,868,0
2026-04-01,101,9,1318,0
2026-04-01,101,10,1250,0
2026-04-01,101,11,1419,1
2026-04-01,101,14,807,0
2026-04-01,102,1,1581,0
2026-04-01,102,2,611,0
2026-04-01,102,3,998,0
2026-04-01,102,4,1162,0
2026-04-01,102,5,652,0
2026-04-01,102,6,1044,1
2026-04-01,102,7,734,0
2026-04-01,102,8,724,0
2026-04-01,102,9,1348,0
2026-04-01,102,10,1069,0
2026-04-01,102,11,1259,0
2026-04-01,102,12,1081,0
2026-04-01,102,13,460,0
2026-04-01,102,14,964,0
2026-04-01,103,1,1696,0
2026-04-01,103,2,561,0
2026-04-01,103,3,1129,0
2026-04-01,103,5,621,0
2026-04-01,103,7,716,0
2026-04-01,103,8,715,0
2026-04-01,103,9,1319,0
2026-04-01,103,10,1083,0
2026-04-01,103,11,1119,0
2026-04-01,103,13,528,0
2026-04-01,103,14,926,0
2026-04-01,103,15,648,0
2026-04-01,104,1,1807,0
2026-04-01,104,3,1025,0
2026-04-01,104,4,1189,0
2026-04-01,104,5,662,0
2026-04-01,104,6,798,0
2026-04-01,104,7,729,0
2026-04-01,104,8,826,0
2026-04-01,104,9,1592,0
2026-04-01,104,10,1248,0
2026-04-01,104,11,1174,0
2026-04-01,104,12,1027,0
2026-04-01,104,13,561,0
2026-04-01,104,14,878,0
2026-04-01,104,15,964,1
2026-04-01,105,1,1777,0
2026-04-01,105,2,571,0
2026-04-01,105,3,1129,0
2026-04-01,105,4,1190,0
2026-04-01,105,5,848,1
2026-04-01,105,6,773,0
2026-04-01,105,7,599,0
2026-04-01,105,8,749,0
2026-04-01,105,9,1469,0
2026-04-01,105,10,1238,0
2026-04-01,105,11,1289,0
2026-04-01,105,12,917,0
2026-04-01,105,13,529,0
2026-04-01,105,14,905,0
2026-04-01,105,15,700,0
2026-04-01,106,1,1844,0
2026-04-01,106,2,560,0
2026-04-01,106,3,1144,0
2026-04-01,106,5,918,1
2026-04-01,106,6,752,0
2026-04-01,106,7,589,0
2026-04-01,106,8,868,0
2026-04-01,106,9,1538,0
2026-04-01,106,10,1247,0
2026-04-01,106,11,1054,0
2026-04-01,106,12,1025,0
2026-04-01,106,15,995,1
2026-04-01,107,2,550,0
2026-04-01,107,3,1219,0
2026-04-01,107,4,1165,0
2026-04-01,107,5,695,0
2026-04-01,107,6,823,0
2026-04-01,107,7,652,0
2026-04-01,107,8,847,0
2026-04-01,107,9,1515,0
2026-04-01,107,10,1073,0
2026-04-01,107,11,1083,0
2026-04-01,107,12,1111,0
2026-04-01,107,13,488,0
2026-04-01,107,15,708,0
2026-04-01,109,1,1157,0
2026-04-01,109,2,396,0
2026-04-01,109,3,1525,1
2026-04-01,109,5,437,0
2026-04-01,109,6,483,0
2026-04-01,109,7,451,0
2026-04-01,109,8,1032,1
2026-04-01,109,9,859,0
2026-04-01,109,10,721,0
2026-04-01,109,11,767,0
2026-04-01,109,12,736,0
2026-04-01,109,13,323,0
2026-04-01,109,15,1038,1
2026-04-01,110,1,1008,0
2026-04-01,110,3,1518,1
2026-04-01,110,4,1648,1
2026-04-01,110,5,827,1
2026-04-01,110,6,473,0
2026-04-01,110,7,382,0
2026-04-01,110,8,1004,1
2026-04-01,110,9,933,0
2026-04-01,110,10,786,0
2026-04-01,110,11,743,0
2026-04-01,110,12,1239,1
2026-04-01,110,13,368,0
2026-04-01,110,14,585,0
2026-04-01,110,15,966,1
2026-04-01,111,1,977,0
2026-04-01,111,2,436,0
2026-04-01,111,4,1612,1
2026-04-01,111,5,408,0
2026-04-01,111,6,902,1
2026-04-01,111,7,465,0
2026-04-01,111,8,542,0
2026-04-01,111,9,1006,0
2026-04-01,111,10,1443,1
2026-04-01,111,13,332,0
2026-04-01,111,14,538,0
2026-04-01,111,15,436,0
2026-04-01,112,1,1034,0
2026-04-01,112,2,414,0
2026-04-01,112,3,725,0
2026-04-01,112,4,803,0
2026-04-01,112,5,382,0
2026-04-01,112,6,464,0
2026-04-01,112,7,820,1
2026-04-01,112,8,564,0
2026-04-01,112,9,2026,1
2026-04-01,112,12,602,0
2026-04-01,112,13,356,0
2026-04-01,112,14,553,0
2026-04-01,112,15,511,0
2026-04-01,113,1,1137,0
2026-04-01,113,2,789,1
2026-04-01,113,3,670,0
2026-04-01,113,4,751,0
2026-04-01,113,5,435,0
2026-04-01,113,6,483,0
2026-04-01,113,7,439,0
2026-04-01,113,8,488,0
2026-04-01,113,9,1081,0
2026-04-01,113,10,1307,1
2026-04-01,113,11,693,0
2026-04-01,113,12,637,0
2026-04-01,113,13,354,0
2026-04-01,113,14,1040,1
2026-04-01,113,15,478,0
2026-04-01,114,1,1183,0
2026-04-01,114,2,404,0
2026-04-01,114,3,1369,1
2026-04-01,114,4,1803,1
2026-04-01,114,5,390,0
2026-04-01,114,6,520,0
2026-04-01,114,7,718,1
2026-04-01,114,8,477,0
2026-04-01,114,9,1016,0
2026-04-01,114,10,766,0
2026-04-01,114,11,1418,1
2026-04-01,114,12,691,0
2026-04-01,114,13,332,0
2026-04-01,114,14,542,0
2026-04-01,115,1,2215,1
2026-04-01,115,2,440,0
2026-04-01,115,3,1460,1
2026-04-01,115,4,702,0
2026-04-01,115,5,873,1
2026-04-01,115,6,893,1
2026-04-01,115,7,455,0
2026-04-01,115,8,561,0
2026-04-01,115,9,2000,1
2026-04-01,115,10,695,0
2026-04-01,115,11,812,0
2026-04-01,115,12,594,0
2026-04-01,115,13,619,1
2026-04-01,115,14,976,1
2026-04-01,117,1,981,1
2026-04-01,117,2,259,0
2026-04-01,117,3,522,0
2026-04-01,117,4,536,0
2026-04-01,117,5,297,0
2026-04-01,117,6,329,0
2026-04-01,117,7,336,0
2026-04-01,117,8,331,0
2026-04-01,117,9,732,0
2026-04-01,117,10,573,0
2026-04-01,117,11,580,0
2026-04-01,117,12,425,0
2026-04-01,117,13,233,0
2026-04-01,117,14,417,0
2026-04-01,117,15,286,0
2026-04-01,118,1,852,0
2026-04-01,118,2,262,0
2026-04-01,118,3,489,0
2026-04-01,118,4,600,0
2026-04-01,118,5,394,1
2026-04-01,118,6,348,0
2026-04-01,118,7,316,0
2026-04-01,118,8,389,0
2026-04-01,118,9,1018,1
2026-04-01,118,10,585,0
2026-04-01,118,11,510,0
2026-04-01,118,12,505,0
2026-04-01,118,13,231,0
2026-04-01,118,14,410,0
2026-04-01,118,15,335,0
2026-04-01,119,1,1115,1
2026-04-01,119,2,261,0
2026-04-01,119,3,553,0
2026-04-01,119,4,835,1
2026-04-01,119,5,311,0
2026-04-01,119,6,351,0
2026-04-01,119,7,309,0
2026-04-01,119,8,325,0
2026-04-01,119,9,733,0
2026-04-01,119,10,495,0
2026-04-01,119,11,535,0
2026-04-01,119,12,455,0
2026-04-01,119,13,210,0
2026-04-01,119,14,428,0
2026-04-01,119,15,301,0
2026-04-01,120,1,717,0
2026-04-01,120,2,250,0
2026-04-01,120,4,488,0
2026-04-01,120,5,288,0
2026-04-01,120,6,342,0
2026-04-01,120,7,293,0
2026-04-01,120,8,372,0
2026-04-01,120,9,739,0
2026-04-01,120,10,537,0
2026-04-01,120,11,601,0
2026-04-01,120,12,460,0
2026-04-01,120,13,237,0
2026-04-01,120,14,388,0
2026-04-01,120,15,334,0
2026-04-01,121,1,759,0
2026-04-01,121,2,270,0
2026-04-01,121,3,571,0
2026-04-01,121,4,841,1
2026-04-01,121,5,273,0
2026-04-01,121,6,329,0
2026-04-01,121,7,327,0
2026-04-01,121,8,352,0
2026-04-01,121,9,728,0
2026-04-01,121,10,579,0
2026-04-01,121,11,576,0
2026-04-01,121,12,408,0
2026-04-01,121,13,260,0
2026-04-01,121,14,356,0
2026-04-01,121,15,355,0
2026-04-01,122,1,710,0
2026-04-01,122,2,269,0
2026-04-01,122,3,567,0
2026-04-01,122,4,574,0
2026-04-01,122,5,309,0
2026-04-01,122,7,315,0
2026-04-01,122,8,374,0
2026-04-01,122,9,688,0
2026-04-01,122,10,570,0
2026-04-01,122,11,566,0
2026-04-01,122,12,464,0
2026-04-01,122,13,217,0
2026-04-01,122,15,302,0
2026-04-01,123,1,842,0
2026-04-01,123,2,277,0
2026-04-01,123,3,569,0
2026-04-01,123,4,509,0
2026-04-01,123,5,327,0
2026-04-01,123,6,355,0
2026-04-01,123,7,444,1
2026-04-01,123,8,397,0
2026-04-01,123,9,692,0
2026-04-01,123,10,476,0
2026-04-01,123,11,513,0
2026-04-01,123,12,489,0
2026-04-01,123,13,221,0
2026-04-01,123,14,417,0
2026-04-01,123,15,442,1
2026-04-01,125,1,814,1
2026-04-01,125,2,211,0
2026-04-01,125,3,391,0
2026-04-01,125,4,464,0
2026-04-01,125,5,265,0
2026-04-01,125,7,372,1
2026-04-01,125,8,338,0
2026-04-01,125,9,553,0
2026-04-01,125,10,602,1
2026-04-01,125,12,429,0
2026-04-01,125,14,366,0
2026-04-01,125,15,240,0
2026-04-01,126,1,583,0
2026-04-01,126,2,257,0
2026-04-01,126,3,426,0
2026-04-01,126,4,497,0
2026-04-01,126,5,231,0
2026-04-01,126,6,303,0
2026-04-01,126,7,267,0
2026-04-01,126,8,277,0
2026-04-01,126,9,614,0
2026-04-01,126,10,599,1
2026-04-01,126,11,443,0
2026-04-01,126,12,341,0
2026-04-01,126,13,199,0
2026-04-01,126,14,320,0
2026-04-01,126,15,296,0
2026-04-01,127,1,644,0
2026-04-01,127,2,359,1
2026-04-01,127,3,378,0
2026-04-01,127,4,433,0
2026-04-01,127,5,254,0
2026-04-01,127,6,266,0
2026-04-01,127,8,361,1
2026-04-01,127,9,626,0
2026-04-01,127,11,435,0
2026-04-01,127,12,368,0
2026-04-01,127,13,207,0
2026-04-01,127,14,353,0
2026-04-01,127,15,258,0
2026-04-01,128,1,865,1
2026-04-01,128,2,260,0
2026-04-01,128,3,451,0
2026-04-01,128,4,492,0
2026-04-01,128,5,242,0
2026-04-01,128,6,277,0
2026-04-01,128,7,234,0
2026-04-01,128,8,383,1
2026-04-01,128,9,795,1
2026-04-01,128,10,463,0
2026-04-01,128,11,405,0
2026-04-01,128,12,402,0
2026-04-01,128,13,213,0
2026-04-01,128,15,255,0
2026-04-01,129,1,942,1
2026-04-01,129,2,224,0
2026-04-01,129,3,441,0
2026-04-01,129,4,467,0
2026-04-01,129,5,227,0
2026-04-01,129,7,226,0
2026-04-01,129,9,549,0
2026-04-01,129,10,434,0
2026-04-01,129,11,454,0
2026-04-01,129,12,553,1
2026-04-01,129,13,203,0
2026-04-01,129,14,371,1
2026-04-01,129,15,285,0
2026-04-01,130,2,338,1
2026-04-01,130,3,387,0
2026-04-01,130,4,415,0
2026-04-01,130,5,270,0
2026-04-01,130,7,241,0
2026-04-01,130,8,320,0
2026-04-01,130,9,543,0
2026-04-01,130,11,469,0
2026-04-01,130,12,407,0
2026-04-01,130,13,175,0
2026-04-01,130,14,341,0
2026-04-01,130,15,255,0
2026-04-01,131,1,581,0
2026-04-01,131,2,260,0
2026-04-01,131,3,380,0
2026-04-01,131,4,483,0
2026-04-01,131,5,220,0
2026-04-01,131,6,286,0
2026-04-01,131,7,227,0
2026-04-01,131,8,269,0
2026-04-01,131,10,471,0
2026-04-01,131,11,487,0
2026-04-01,131,12,430,0
2026-04-01,131,13,181,0
2026-04-01,131,14,366,0
2026-04-01,131,15,245,0
2026-04-01,133,1,861,0
2026-04-01,133,2,304,0
2026-04-01,133,3,469,0
2026-04-01,133,4,625,0
2026-04-01,133,5,266,0
2026-04-01,133,6,368,0
2026-04-01,133,7,292,0
2026-04-01,133,8,497,1
2026-04-01,133,9,636,0
2026-04-01,133,11,526,0
2026-04-01,133,12,511,0
2026-04-01,133,13,334,1
2026-04-01,133,14,404,0
2026-04-01,133,15,323,0
2026-04-01,134,1,805,0
2026-04-01,134,2,264,0
2026-04-01,134,3,501,0
2026-04-01,134,4,509,0
2026-04-01,134,5,303,0
2026-04-01,134,6,364,0
2026-04-01,134,8,386,0
2026-04-01,134,9,635,0
2026-04-01,134,10,572,0
2026-04-01,134,11,530,0
2026-04-01,134,12,502,0
2026-04-01,134,13,228,0
2026-04-01,134,14,368,0
2026-04-01,134,15,384,1
2026-04-01,135,1,696,0
2026-04-01,135,2,413,1
2026-04-01,135,3,520,0
2026-04-01,135,4,582,0
2026-04-01,135,5,313,0
2026-04-01,135,6,392,0
2026-04-01,135,7,420,1
2026-04-01,135,8,366,0
2026-04-01,135,9,703,0
2026-04-01,135,10,578,0
2026-04-01,135,11,546,0
2026-04-01,135,12,540,1
2026-04-01,135,13,228,0
2026-04-01,135,14,422,0
2026-04-01,135,15,338,0
2026-04-01,136,1,777,0
2026-04-01,136,2,272,0
2026-04-01,136,3,560,0
2026-04-01,136,4,504,0
2026-04-01,136,5,325,0
2026-04-01,136,6,378,0
2026-04-01,136,7,299,0
2026-04-01,136,8,389,0
2026-04-01,136,9,698,0
2026-04-01,136,10,501,0
2026-04-01,136,11,546,0
2026-04-01,136,12,516,0
2026-04-01,136,13,264,0
2026-04-01,136,14,402,0
2026-04-01,136,15,357,0
2026-04-01,137,1,843,0
2026-04-01,137,2,314,0
2026-04-01,137,3,576,0
2026-04-01,137,4,541,0
2026-04-01,137,5,278,0
2026-04-01,137,6,390,0
2026-04-01,137,7,331,0
2026-04-01,137,8,394,0
2026-04-01,137,9,681,0
2026-04-01,137,10,559,0
2026-04-01,137,11,741,1
2026-04-01,137,12,424,0
2026-04-01,137,13,242,0
2026-04-01,137,14,360,0
2026-04-01,137,15,355,0
2026-04-01,138,1,751,0
2026-04-01,138,2,266,0
2026-04-01,138,3,498,0
2026-04-01,138,4,625,0
2026-04-01,138,5,303,0
2026-04-01,138,6,379,0
2026-04-01,138,7,294,0
2026-04-01,138,8,368,0
2026-04-01,138,9,669,0
2026-04-01,138,10,577,0
2026-04-01,138,11,502,0
2026-04-01,138,12,475,0
2026-04-01,138,13,261,0
2026-04-01,138,14,387,0
2026-04-01,138,15,321,0
2026-04-01,139,1,813,0
2026-04-01,139,3,469,0
2026-04-01,139,4,603,0
2026-04-01,139,5,335,0
2026-04-01,139,8,414,0
2026-04-01,139,9,766,0
2026-04-01,139,10,510,0
2026-04-01,139,11,548,0
2026-04-01,139,12,669,1
2026-04-01,139,13,260,0
2026-04-01,139,14,416,0
2026-04-01,139,15,367,0
2026-05-01,101,1,1802,0
2026-05-01,101,2,578,0
2026-05-01,101,3,1036,0
2026-05-01,101,4,1491,1
2026-05-01,101,5,642,0
2026-05-01,101,6,691,0
2026-05-01,101,7,701,0
2026-05-01,101,8,832,0
2026-05-01,101,9,1368,0
2026-05-01,101,11,1331,0
2026-05-01,101,12,1073,0
2026-05-01,101,13,478,0
2026-05-01,101,14,1078,1
2026-05-01,101,15,739,0
2026-05-01,102,1,1629,0
2026-05-01,102,2,631,0
2026-05-01,102,3,1151,0
2026-05-01,102,4,1273,0
2026-05-01,102,5,676,0
2026-05-01,102,7,705,0
2026-05-01,102,8,791,0
2026-05-01,102,9,1605,0
2026-05-01,102,10,1179,0
2026-05-01,102,11,1221,0
2026-05-01,102,12,903,0
2026-05-01,102,13,465,0
2026-05-01,102,14,820,0
2026-05-01,102,15,1112,1
2026-05-01,103,1,1511,0
2026-05-01,103,2,554,0
2026-05-01,103,3,1251,0
2026-05-01,103,4,1222,0
2026-05-01,103,5,616,0
2026-05-01,103,6,695,0
2026-05-01,103,7,696,0
2026-05-01,103,8,799,0
2026-05-01,103,9,1619,0
2026-05-01,103,11,1061,0
2026-05-01,103,12,1039,0
2026-05-01,103,13,501,0
2026-05-01,103,14,861,0
2026-05-01,103,15,768,0
2026-05-01,104,1,1591,0
2026-05-01,104,2,633,0
2026-05-01,104,3,1003,0
2026-05-01,104,4,1264,0
2026-05-01,104,5,686,0
2026-05-01,104,6,766,0
2026-05-01,104,7,677,0
2026-05-01,104,9,1546,0
2026-05-01,104,11,1269,0
2026-05-01,104,12,915,0
2026-05-01,104,13,508,0
2026-05-01,104,14,840,0
2026-05-01,104,15,638,0
2026-05-01,105,1,1682,0
2026-05-01,105,3,1245,0
2026-05-01,105,6,834,0
2026-05-01,105,7,615,0
2026-05-01,105,8,764,0
2026-05-01,105,9,1449,0
2026-05-01,105,10,1300,0
2026-05-01,105,11,1797,1
2026-05-01,105,12,954,0
2026-05-01,105,13,516,0
2026-05-01,105,15,718,0
2026-05-01,106,1,1782,0
2026-05-01,106,2,674,0
2026-05-01,106,4,1278,0
2026-05-01,106,5,593,0
2026-05-01,106,6,692,0
2026-05-01,106,7,662,0
2026-05-01,106,8,1123,1
2026-05-01,106,9,1614,0
2026-05-01,106,10,1303,0
2026-05-01,106,11,1119,0
2026-05-01,106,12,1034,0
2026-05-01,106,13,461,0
2026-05-01,106,14,804,0
2026-05-01,106,15,740,0
2026-05-01,107,1,1567,0
2026-05-01,107,2,589,0
2026-05-01,107,3,1000,0
2026-05-01,107,4,1127,0
2026-05-01,107,6,864,0
2026-05-01,107,8,870,0
2026-05-01,107,9,1527,0
2026-05-01,107,10,1110,0
2026-05-01,107,11,1247,0
2026-05-01,107,12,1007,0
2026-05-01,107,13,484,0
2026-05-01,107,14,848,0
2026-05-01,107,15,679,0
2026-05-01,109,1,2083,1
2026-05-01,109,2,417,0
2026-05-01,109,3,776,0
2026-05-01,109,4,716,0
2026-05-01,109,5,389,0
2026-05-01,109,6,1138,1
2026-05-01,109,7,879,1
2026-05-01,109,9,969,0
2026-05-01,109,10,786,0
2026-05-01,109,13,311,0
2026-05-01,109,14,1132,1
2026-05-01,109,15,440,0
2026-05-01,110,1,2082,1
2026-05-01,110,2,737,1
2026-05-01,110,3,673,0
2026-05-01,110,5,430,0
2026-05-01,110,6,1030,1
2026-05-01,110,7,826,1
2026-05-01,110,8,472,0
2026-05-01,110,10,736,0
2026-05-01,110,11,705,0
2026-05-01,110,12,714,0
2026-05-01,110,14,560,0
2026-05-01,110,15,456,0
2026-05-01,111,1,1099,0
2026-05-01,111,2,772,1
2026-05-01,111,3,1403,1
2026-05-01,111,4,790,0
2026-05-01,111,5,409,0
2026-05-01,111,7,880,1
2026-05-01,111,8,563,0
2026-05-01,111,9,1022,0
2026-05-01,111,10,747,0
2026-05-01,111,11,699,0
2026-05-01,111,12,715,0
2026-05-01,111,13,356,0
2026-05-01,111,14,631,0
2026-05-01,111,15,500,0
2026-05-01,112,1,1034,0
2026-05-01,112,2,366,0
2026-05-01,112,3,700,0
2026-05-01,112,4,770,0
2026-05-01,112,5,449,0
2026-05-01,112,6,824,1
2026-05-01,112,7,482,0
2026-05-01,112,8,538,0
2026-05-01,112,9,873,0
2026-05-01,112,10,788,0
2026-05-01,112,11,1401,1
2026-05-01,112,12,678,0
2026-05-01,112,13,579,1
2026-05-01,112,14,959,1
2026-05-01,112,15,447,0
2026-05-01,113,1,1085,0
2026-05-01,113,2,375,0
2026-05-01,113,3,817,0
2026-05-01,113,4,871,0
2026-05-01,113,5,466,0
2026-05-01,113,6,496,0
2026-05-01,113,7,408,0
2026-05-01,113,8,1041,1
2026-05-01,113,9,876,0
2026-05-01,113,10,861,0
2026-05-01,113,11,1484,1
2026-05-01,113,12,728,0
2026-05-01,113,13,352,0
2026-05-01,113,14,538,0
2026-05-01,113,15,458,0
2026-05-01,114,1,1173,0
2026-05-01,114,2,356,0
2026-05-01,114,3,699,0
2026-05-01,114,4,1366,1
2026-05-01,114,5,774,1
2026-05-01,114,6,492,0
2026-05-01,114,7,390,0
2026-05-01,114,8,504,0
2026-05-01,114,9,856,0
2026-05-01,114,10,836,0
2026-05-01,114,11,1411,1
2026-05-01,114,13,327,0
2026-05-01,114,14,1080,1
2026-05-01,114,15,507,0
2026-05-01,115,1,1176,0
2026-05-01,115,2,390,0
2026-05-01,115,3,1288,1
2026-05-01,115,4,1429,1
2026-05-01,115,5,465,0
2026-05-01,115,6,526,0
2026-05-01,115,7,433,0
2026-05-01,115,8,575,0
2026-05-01,115,9,1705,1
2026-05-01,115,10,742,0
2026-05-01,115,12,1246,1
2026-05-01,115,13,372,0
2026-05-01,115,15,505,0
2026-05-01,117,1,831,0
2026-05-01,117,2,307,0
2026-05-01,117,3,620,0
2026-05-01,117,4,582,0
2026-05-01,117,5,300,0
2026-05-01,117,6,384,0
2026-05-01,117,7,366,0
2026-05-01,117,8,395,0
2026-05-01,117,9,802,0
2026-05-01,117,10,619,0
2026-05-01,117,11,538,0
2026-05-01,117,12,502,0
2026-05-01,117,13,284,0
2026-05-01,117,14,395,0
2026-05-01,117,15,398,0
2026-05-01,118,1,781,0
2026-05-01,118,2,272,0
2026-05-01,118,3,603,0
2026-05-01,118,4,617,0
2026-05-01,118,5,359,0
2026-05-01,118,6,412,0
2026-05-01,118,7,340,0
2026-05-01,118,8,412,0
2026-05-01,118,9,791,0
2026-05-01,118,10,620,0
2026-05-01,118,11,612,0
2026-05-01,118,12,531,0
2026-05-01,118,13,240,0
2026-05-01,118,14,392,0
2026-05-01,118,15,488,1
2026-05-01,119,1,1213,1
2026-05-01,119,2,305,0
2026-05-01,119,3,498,0
2026-05-01,119,5,335,0
2026-05-01,119,6,429,0
2026-05-01,119,7,311,0
2026-05-01,119,8,432,0
2026-05-01,119,9,1099,1
2026-05-01,119,10,606,0
2026-05-01,119,11,522,0
2026-05-01,119,13,277,0
2026-05-01,119,14,409,0
2026-05-01,119,15,396,0
2026-05-01,120,1,762,0
2026-05-01,120,2,317,0
2026-05-01,120,5,288,0
2026-05-01,120,6,407,0
2026-05-01,120,7,444,1
2026-05-01,120,9,1083,1
2026-05-01,120,10,607,0
2026-05-01,120,12,461,0
2026-05-01,120,13,264,0
2026-05-01,120,14,431,0
2026-05-01,120,15,340,0
2026-05-01,121,1,769,0
2026-05-01,121,2,325,0
2026-05-01,121,3,579,0
2026-05-01,121,4,631,0
2026-05-01,121,5,429,1
2026-05-01,121,6,342,0
2026-05-01,121,7,408,1
2026-05-01,121,9,766,0
2026-05-01,121,10,526,0
2026-05-01,121,11,557,0
2026-05-01,121,12,460,0
2026-05-01,121,13,281,0
2026-05-01,121,14,454,0
2026-05-01,121,15,374,0
2026-05-01,122,2,331,0
2026-05-01,122,3,514,0
2026-05-01,122,4,602,0
2026-05-01,122,5,285,0
2026-05-01,122,6,353,0
2026-05-01,122,7,321,0
2026-05-01,122,8,364,0
2026-05-01,122,9,654,0
2026-05-01,122,10,542,0
2026-05-01,122,11,602,0
2026-05-01,122,12,528,0
2026-05-01,122,13,235,0
2026-05-01,122,14,426,0
2026-05-01,122,15,344,0
2026-05-01,123,1,924,0
2026-05-01,123,2,290,0
2026-05-01,123,3,519,0
2026-05-01,123,4,607,0
2026-05-01,123,5,285,0
2026-05-01,123,6,362,0
2026-05-01,123,7,431,1
2026-05-01,123,8,354,0
2026-05-01,123,10,608,0
2026-05-01,123,11,597,0
2026-05-01,123,12,487,0
2026-05-01,123,13,284,0
2026-05-01,123,14,609,1
2026-05-01,123,15,329,0
2026-05-01,125,1,691,0
2026-05-01,125,2,239,0
2026-05-01,125,3,435,0
2026-05-01,125,4,477,0
2026-05-01,125,5,248,0
2026-05-01,125,6,259,0
2026-05-01,125,8,320,0
2026-05-01,125,9,586,0
2026-05-01,125,10,429,0
2026-05-01,125,11,413,0
2026-05-01,125,12,517,1
2026-05-01,125,13,194,0
2026-05-01,125,14,302,0
2026-05-01,125,15,260,0
2026-05-01,126,1,684,0
2026-05-01,126,2,253,0
2026-05-01,126,3,379,0
2026-05-01,126,4,476,0
2026-05-01,126,5,308,1
2026-05-01,126,6,396,1
2026-05-01,126,7,242,0
2026-05-01,126,8,295,0
2026-05-01,126,9,523,0
2026-05-01,126,12,425,0
2026-05-01,126,13,205,0
2026-05-01,126,14,297,0
2026-05-01,126,15,273,0
2026-05-01,127,1,590,0
2026-05-01,127,2,249,0
2026-05-01,127,3,467,0
2026-05-01,127,4,468,0
2026-05-01,127,5,236,0
2026-05-01,127,6,269,0
2026-05-01,127,7,258,0
2026-05-01,127,8,291,0
2026-05-01,127,9,561,0
2026-05-01,127,10,442,0
2026-05-01,127,11,458,0
2026-05-01,127,12,371,0
2026-05-01,127,13,196,0
2026-05-01,127,14,367,0
2026-05-01,127,15,297,0
2026-05-01,128,1,676,0
2026-05-01,128,2,249,0
2026-05-01,128,3,605,1
2026-05-01,128,4,495,0
2026-05-01,128,6,279,0
2026-05-01,128,7,241,0
2026-05-01,128,8,428,1
2026-05-01,128,9,577,0
2026-05-01,128,11,664,1
2026-05-01,128,12,540,1
2026-05-01,128,13,211,0
2026-05-01,128,14,421,1
2026-05-01,128,15,294,0
2026-05-01,129,1,663,0
2026-05-01,129,2,208,0
2026-05-01,129,3,433,0
2026-05-01,129,4,479,0
2026-05-01,129,5,273,0
2026-05-01,129,6,291,0
2026-05-01,129,7,227,0
2026-05-01,129,8,288,0
2026-05-01,129,9,537,0
2026-05-01,129,10,498,0
2026-05-01,129,11,458,0
2026-05-01,129,12,368,0
2026-05-01,129,13,183,0
2026-05-01,129,14,334,0
2026-05-01,129,15,278,0
2026-05-01,130,1,618,0
2026-05-01,130,2,237,0
2026-05-01,130,3,390,0
2026-05-01,130,4,435,0
2026-05-01,130,5,305,1
2026-05-01,130,6,310,0
2026-05-01,130,7,229,0
2026-05-01,130,8,287,0
2026-05-01,130,9,803,1
2026-05-01,130,10,590,1
2026-05-01,130,11,479,0
2026-05-01,130,12,400,0
2026-05-01,130,13,175,0
2026-05-01,130,14,327,0
2026-05-01,130,15,298,0
2026-05-01,131,1,678,0
2026-05-01,131,2,265,1
2026-05-01,131,3,385,0
2026-05-01,131,4,501,0
2026-05-01,131,5,218,0
2026-05-01,131,6,280,0
2026-05-01,131,8,342,0
2026-05-01,131,9,702,1
2026-05-01,131,10,396,0
2026-05-01,131,11,483,0
2026-05-01,131,12,342,0
2026-05-01,131,13,215,0
2026-05-01,131,14,305,0
2026-05-01,131,15,292,0
2026-05-01,133,1,990,0
2026-05-01,133,2,406,0
2026-05-01,133,3,716,0
2026-05-01,133,4,676,0
2026-05-01,133,5,371,0
2026-05-01,133,6,503,0
2026-05-01,133,7,435,0
2026-05-01,133,8,500,0
2026-05-01,133,10,733,0
2026-05-01,133,12,688,0
2026-05-01,133,13,486,1
2026-05-01,133,14,581,0
2026-05-01,133,15,481,0
2026-05-01,134,1,1004,0
2026-05-01,134,2,393,0
2026-05-01,134,3,685,0
2026-05-01,134,4,713,0
2026-05-01,134,5,411,0
2026-05-01,134,6,485,0
2026-05-01,134,8,747,1
2026-05-01,134,9,1217,1
2026-05-01,134,10,777,0
2026-05-01,134,11,708,0
2026-05-01,134,12,809,1
2026-05-01,134,13,294,0
2026-05-01,134,14,558,0
2026-05-01,134,15,449,0
2026-05-01,135,1,1153,0
2026-05-01,135,2,422,0
2026-05-01,135,3,876,1
2026-05-01,135,4,759,0
2026-05-01,135,5,443,0
2026-05-01,135,6,517,0
2026-05-01,135,7,608,1
2026-05-01,135,8,451,0
2026-05-01,135,9,1016,0
2026-05-01,135,10,660,0
2026-05-01,135,11,753,0
2026-05-01,135,12,578,0
2026-05-01,135,14,565,0
2026-05-01,135,15,464,0
2026-05-01,136,1,1110,0
2026-05-01,136,2,605,1
2026-05-01,136,3,705,0
2026-05-01,136,4,781,0
2026-05-01,136,5,448,0
2026-05-01,136,6,485,0
2026-05-01,136,7,552,1
2026-05-01,136,8,531,0
2026-05-01,136,9,1045,0
2026-05-01,136,10,980,1
2026-05-01,136,11,668,0
2026-05-01,136,12,584,0
2026-05-01,136,14,536,0
2026-05-01,136,15,468,0
2026-05-01,137,1,1085,0
2026-05-01,137,2,416,0
2026-05-01,137,3,641,0
2026-05-01,137,4,775,0
2026-05-01,137,5,455,0
2026-05-01,137,6,495,0
2026-05-01,137,7,561,1
2026-05-01,137,8,478,0
2026-05-01,137,9,952,0
2026-05-01,137,10,720,0
2026-05-01,137,11,822,0
2026-05-01,137,13,310,0
2026-05-01,137,14,589,0
2026-05-01,137,15,460,0
2026-05-01,138,1,1021,0
2026-05-01,138,2,363,0
2026-05-01,138,3,677,0
2026-05-01,138,5,389,0
2026-05-01,138,6,486,0
2026-05-01,138,7,406,0
2026-05-01,138,8,521,0
2026-05-01,138,9,1041,0
2026-05-01,138,10,685,0
2026-05-01,138,11,701,0
2026-05-01,138,12,709,0
2026-05-01,138,13,334,0
2026-05-01,138,14,610,0
2026-05-01,138,15,476,0
2026-05-01,139,1,976,0
2026-05-01,139,2,364,0
2026-05-01,139,3,746,0
2026-05-01,139,4,715,0
2026-05-01,139,5,372,0
2026-05-01,139,6,480,0
2026-05-01,139,7,460,0
2026-05-01,139,8,547,0
2026-05-01,139,10,700,0
2026-05-01,139,11,769,0
2026-05-01,139,12,639,0
2026-05-01,139,13,315,0
2026-05-01,139,14,724,1
2026-05-01,139,15,435,0
2026-06-01,101,1,1812,0
2026-06-01,101,2,547,0
2026-06-01,101,3,1211,0
2026-06-01,101,4,1087,0
2026-06-01,101,6,784,0
2026-06-01,101,7,699,0
2026-06-01,101,8,731,0
2026-06-01,101,9,1372,0
2026-06-01,101,10,1249,0
2026-06-01,101,11,1236,0
2026-06-01,101,12,1058,0
2026-06-01,101,13,577,0
2026-06-01,101,14,804,0
2026-06-01,101,15,753,0
2026-06-01,102,1,1747,0
2026-06-01,102,2,648,0
2026-06-01,102,3,1073,0
2026-06-01,102,4,1239,0
2026-06-01,102,5,705,0
2026-06-01,102,6,1147,1
2026-06-01,102,7,621,0
2026-06-01,102,8,839,0
2026-06-01,102,9,1580,0
2026-06-01,102,10,1190,0
2026-06-01,102,11,1316,0
2026-06-01,102,12,1119,0
2026-06-01,102,13,556,0
2026-06-01,102,14,889,0
2026-06-01,103,1,1724,0
2026-06-01,103,2,549,0
2026-06-01,103,3,1073,0
2026-06-01,103,4,1069,0
2026-06-01,103,5,697,0
2026-06-01,103,6,780,0
2026-06-01,103,7,676,0
2026-06-01,103,8,732,0
2026-06-01,103,9,1327,0
2026-06-01,103,10,1061,0
2026-06-01,103,11,1267,0
2026-06-01,103,12,925,0
2026-06-01,103,13,504,0
2026-06-01,103,14,783,0
2026-06-01,103,15,931,1
2026-06-01,104,1,1620,0
2026-06-01,104,2,592,0
2026-06-01,104,3,1226,0
2026-06-01,104,4,1288,0
2026-06-01,104,5,695,0
2026-06-01,104,6,1114,1
2026-06-01,104,7,680,0
2026-06-01,104,9,1657,0
2026-06-01,104,10,1282,0
2026-06-01,104,11,1201,0
2026-06-01,104,13,545,0
2026-06-01,104,15,635,0
2026-06-01,105,2,603,0
2026-06-01,105,3,1037,0
2026-06-01,105,4,1152,0
2026-06-01,105,5,623,0
2026-06-01,105,6,731,0
2026-06-01,105,7,655,0
2026-06-01,105,8,886,0
2026-06-01,105,9,1841,1
2026-06-01,105,10,1300,0
2026-06-01,105,11,1178,0
2026-06-01,105,12,1000,0
2026-06-01,105,13,471,0
2026-06-01,105,14,845,0
2026-06-01,105,15,732,0
2026-06-01,106,1,1799,0
2026-06-01,106,2,566,0
2026-06-01,106,3,1092,0
2026-06-01,106,4,1343,0
2026-06-01,106,5,653,0
2026-06-01,106,6,695,0
2026-06-01,106,7,734,0
2026-06-01,106,9,1575,0
2026-06-01,106,10,1316,0
2026-06-01,106,12,990,0
2026-06-01,106,13,526,0
2026-06-01,106,14,784,0
2026-06-01,106,15,748,0
2026-06-01,107,1,1495,0
2026-06-01,107,2,561,0
2026-06-01,107,3,1258,0
2026-06-01,107,5,575,0
2026-06-01,107,6,777,0
2026-06-01,107,7,743,0
2026-06-01,107,8,794,0
2026-06-01,107,9,1467,0
2026-06-01,107,10,1208,0
2026-06-01,107,11,1090,0
2026-06-01,107,12,1051,0
2026-06-01,107,13,692,1
2026-06-01,107,14,863,0
2026-06-01,107,15,799,0
2026-06-01,109,1,988,0
2026-06-01,109,2,390,0
2026-06-01,109,3,789,0
2026-06-01,109,4,733,0
2026-06-01,109,5,826,1
2026-06-01,109,6,524,0
2026-06-01,109,7,420,0
2026-06-01,109,8,540,0
2026-06-01,109,9,888,0
2026-06-01,109,10,801,0
2026-06-01,109,11,714,0
2026-06-01,109,12,1213,1
2026-06-01,109,14,628,0
2026-06-01,109,15,454,0
2026-06-01,110,1,1120,0
2026-06-01,110,2,375,0
2026-06-01,110,3,1429,1
2026-06-01,110,4,701,0
2026-06-01,110,5,452,0
2026-06-01,110,6,461,0
2026-06-01,110,7,411,0
2026-06-01,110,8,1020,1
2026-06-01,110,10,710,0
2026-06-01,110,11,783,0
2026-06-01,110,12,1370,1
2026-06-01,110,13,357,0
2026-06-01,110,14,581,0
2026-06-01,110,15,974,1
2026-06-01,111,1,1157,0
2026-06-01,111,2,351,0
2026-06-01,111,3,673,0
2026-06-01,111,4,1604,1
2026-06-01,111,5,819,1
2026-06-01,111,6,478,0
2026-06-01,111,8,926,1
2026-06-01,111,9,944,0
2026-06-01,111,10,1225,1
2026-06-01,111,11,730,0
2026-06-01,111,12,1041,1
2026-06-01,111,14,1042,1
2026-06-01,111,15,509,0
2026-06-01,112,1,2086,1
2026-06-01,112,2,348,0
2026-06-01,112,3,659,0
2026-06-01,112,4,1475,1
2026-06-01,112,6,517,0
2026-06-01,112,7,386,0
2026-06-01,112,8,502,0
2026-06-01,112,9,1032,0
2026-06-01,112,10,785,0
2026-06-01,112,11,791,0
2026-06-01,112,12,1417,1
2026-06-01,112,13,306,0
2026-06-01,112,14,1162,1
2026-06-01,112,15,944,1
2026-06-01,113,1,1056,0
2026-06-01,113,3,1620,1
2026-06-01,113,4,871,0
2026-06-01,113,5,453,0
2026-06-01,113,6,1110,1
2026-06-01,113,7,382,0
2026-06-01,113,8,586,0
2026-06-01,113,9,1962,1
2026-06-01,113,10,1417,1
2026-06-01,113,11,708,0
2026-06-01,113,12,1027,1
2026-06-01,113,13,624,1
2026-06-01,113,14,554,0
2026-06-01,113,15,502,0
2026-06-01,114,1,1016,0
2026-06-01,114,2,342,0
2026-06-01,114,3,655,0
2026-06-01,114,4,771,0
2026-06-01,114,6,490,0
2026-06-01,114,7,400,0
2026-06-01,114,8,583,0
2026-06-01,114,9,1071,0
2026-06-01,114,10,694,0
2026-06-01,114,11,1575,1
2026-06-01,114,12,743,0
2026-06-01,114,13,658,1
2026-06-01,114,14,1026,1
2026-06-01,114,15,424,0
2026-06-01,115,1,1091,0
2026-06-01,115,2,786,1
2026-06-01,115,3,739,0
2026-06-01,115,4,717,0
2026-06-01,115,5,784,1
2026-06-01,115,6,1041,1
2026-06-01,115,7,461,0
2026-06-01,115,8,518,0
2026-06-01,115,9,1001,0
2026-06-01,115,10,815,0
2026-06-01,115,11,1404,1
2026-06-01,115,12,738,0
2026-06-01,115,13,313,0
2026-06-01,115,14,1079,1
2026-06-01,115,15,448,0
2026-06-01,117,1,864,0
2026-06-01,117,2,330,0
2026-06-01,117,3,624,0
2026-06-01,117,4,650,0
2026-06-01,117,5,308,0
2026-06-01,117,7,362,0
2026-06-01,117,8,393,0
2026-06-01,117,9,692,0
2026-06-01,117,10,643,0
2026-06-01,117,11,970,1
2026-06-01,117,12,746,1
2026-06-01,117,13,250,0
2026-06-01,117,14,414,0
2026-06-01,118,1,928,0
2026-06-01,118,2,422,1
2026-06-01,118,3,606,0
2026-06-01,118,5,345,0
2026-06-01,118,6,437,0
2026-06-01,118,7,504,1
2026-06-01,118,8,541,1
2026-06-01,118,9,967,1
2026-06-01,118,10,593,0
2026-06-01,118,11,642,0
2026-06-01,118,12,572,0
2026-06-01,118,13,249,0
2026-06-01,118,14,445,0
2026-06-01,118,15,337,0
2026-06-01,119,1,1069,1
2026-06-01,119,2,335,0
2026-06-01,119,3,555,0
2026-06-01,119,4,578,0
2026-06-01,119,5,344,0
2026-06-01,119,7,326,0
2026-06-01,119,8,464,0
2026-06-01,119,9,846,0
2026-06-01,119,10,605,0
2026-06-01,119,11,649,0
2026-06-01,119,12,581,0
2026-06-01,119,13,255,0
2026-06-01,119,14,482,0
2026-06-01,119,15,340,0
2026-06-01,120,1,945,0
2026-06-01,120,2,333,0
2026-06-01,120,3,649,0
2026-06-01,120,4,669,0
2026-06-01,120,5,298,0
2026-06-01,120,6,365,0
2026-06-01,120,8,410,0
2026-06-01,120,9,766,0
2026-06-01,120,10,599,0
2026-06-01,120,11,551,0
2026-06-01,120,12,535,0
2026-06-01,120,13,285,0
2026-06-01,120,14,420,0
2026-06-01,120,15,410,0
2026-06-01,121,1,1271,1
2026-06-01,121,2,298,0
2026-06-01,121,3,609,0
2026-06-01,121,4,654,0
2026-06-01,121,5,350,0
2026-06-01,121,6,387,0
2026-06-01,121,7,374,0
2026-06-01,121,8,470,0
2026-06-01,121,9,761,0
2026-06-01,121,10,574,0
2026-06-01,121,11,679,0
2026-06-01,121,12,482,0
2026-06-01,121,13,256,0
2026-06-01,121,14,456,0
2026-06-01,122,1,976,0
2026-06-01,122,2,339,0
2026-06-01,122,3,528,0
2026-06-01,122,5,340,0
2026-06-01,122,6,385,0
2026-06-01,122,7,322,0
2026-06-01,122,8,437,0
2026-06-01,122,9,694,0
2026-06-01,122,10,635,0
2026-06-01,122,11,626,0
2026-06-01,122,12,503,0
2026-06-01,122,13,258,0
2026-06-01,122,14,444,0
2026-06-01,122,15,367,0
2026-06-01,123,1,783,0
2026-06-01,123,2,280,0
2026-06-01,123,3,619,0
2026-06-01,123,4,609,0
2026-06-01,123,5,320,0
2026-06-01,123,6,376,0
2026-06-01,123,7,311,0
2026-06-01,123,8,424,0
2026-06-01,123,9,1108,1
2026-06-01,123,10,893,1
2026-06-01,123,12,498,0
2026-06-01,123,13,244,0
2026-06-01,123,14,461,0
2026-06-01,123,15,363,0
2026-06-01,125,1,693,0
2026-06-01,125,2,232,0
2026-06-01,125,3,593,1
2026-06-01,125,4,434,0
2026-06-01,125,5,313,1
2026-06-01,125,6,320,0
2026-06-01,125,7,277,0
2026-06-01,125,8,335,0
2026-06-01,125,9,601,0
2026-06-01,125,10,406,0
2026-06-01,125,11,494,0
2026-06-01,125,12,421,0
2026-06-01,125,13,188,0
2026-06-01,125,14,329,0
2026-06-01,125,15,268,0
2026-06-01,126,2,199,0
2026-06-01,126,3,420,0
2026-06-01,126,4,474,0
2026-06-01,126,6,287,0
2026-06-01,126,7,259,0
2026-06-01,126,8,323,0
2026-06-01,126,9,529,0
2026-06-01,126,10,472,0
2026-06-01,126,12,509,1
2026-06-01,126,13,196,0
2026-06-01,126,14,350,0
2026-06-01,127,3,468,0
2026-06-01,127,4,424,0
2026-06-01,127,5,228,0
2026-06-01,127,6,267,0
2026-06-01,127,7,370,1
2026-06-01,127,8,339,0
2026-06-01,127,9,512,0
2026-06-01,127,10,708,1
2026-06-01,127,11,443,0
2026-06-01,127,13,192,0
2026-06-01,127,14,348,0
2026-06-01,127,15,277,0
2026-06-01,128,1,644,0
2026-06-01,128,2,247,0
2026-06-01,128,3,421,0
2026-06-01,128,4,608,1
2026-06-01,128,5,261,0
2026-06-01,128,6,274,0
2026-06-01,128,7,280,0
2026-06-01,128,8,300,0
2026-06-01,128,9,540,0
2026-06-01,128,10,467,0
2026-06-01,128,12,369,0
2026-06-01,128,13,209,0
2026-06-01,128,14,297,0
2026-06-01,128,15,360,1
2026-06-01,129,1,579,0
2026-06-01,129,2,214,0
2026-06-01,129,3,395,0
2026-06-01,129,4,684,1
2026-06-01,129,5,245,0
2026-06-01,129,6,309,0
2026-06-01,129,7,264,0
2026-06-01,129,8,331,0
2026-06-01,129,9,577,0
2026-06-01,129,10,477,0
2026-06-01,129,11,453,0
2026-06-01,129,12,365,0
2026-06-01,129,14,443,1
2026-06-01,129,15,263,0
2026-06-01,130,2,236,0
2026-06-01,130,3,447,0
2026-06-01,130,4,429,0
2026-06-01,130,5,229,0
2026-06-01,130,6,274,0
2026-06-01,130,7,277,0
2026-06-01,130,8,332,0
2026-06-01,130,9,599,0
2026-06-01,130,10,474,0
2026-06-01,130,11,446,0
2026-06-01,130,12,410,0
2026-06-01,130,13,213,0
2026-06-01,130,14,357,0
2026-06-01,130,15,302,0
2026-06-01,131,1,634,0
2026-06-01,131,2,351,1
2026-06-01,131,3,436,0
2026-06-01,131,4,483,0
2026-06-01,131,5,219,0
2026-06-01,131,7,224,0
2026-06-01,131,8,324,0
2026-06-01,131,9,509,0
2026-06-01,131,10,474,0
2026-06-01,131,11,403,0
2026-06-01,131,14,323,0
2026-06-01,131,15,271,0
2026-06-01,133,1,1253,0
2026-06-01,133,2,436,0
2026-06-01,133,3,803,0
2026-06-01,133,4,885,0
2026-06-01,133,5,501,0
2026-06-01,133,6,731,1
2026-06-01,133,7,466,0
2026-06-01,133,9,1524,1
2026-06-01,133,10,906,0
2026-06-01,133,11,780,0
2026-06-01,133,12,792,0
2026-06-01,133,13,348,0
2026-06-01,133,14,624,0
2026-06-01,133,15,588,0
2026-06-01,134,1,1191,0
2026-06-01,134,3,921,0
2026-06-01,134,4,992,0
2026-06-01,134,5,451,0
2026-06-01,134,6,506,0
2026-06-01,134,7,531,0
2026-06-01,134,8,573,0
2026-06-01,134,9,1062,0
2026-06-01,134,10,980,0
2026-06-01,134,11,921,0
2026-06-01,134,12,803,0
2026-06-01,134,13,351,0
2026-06-01,134,14,609,0
2026-06-01,134,15,519,0
2026-06-01,135,1,1766,1
2026-06-01,135,2,398,0
2026-06-01,135,3,800,0
2026-06-01,135,4,795,0
2026-06-01,135,5,518,0
2026-06-01,135,6,592,0
2026-06-01,135,7,535,0
2026-06-01,135,8,607,0
2026-06-01,135,9,1028,0
2026-06-01,135,10,979,0
2026-06-01,135,12,828,0
2026-06-01,135,13,338,0
2026-06-01,135,14,667,0
2026-06-01,136,1,1366,0
2026-06-01,136,2,409,0
2026-06-01,136,3,763,0
2026-06-01,136,5,513,0
2026-06-01,136,6,614,0
2026-06-01,136,7,721,1
2026-06-01,136,8,641,0
2026-06-01,136,9,1001,0
2026-06-01,136,10,792,0
2026-06-01,136,11,880,0
2026-06-01,136,12,676,0
2026-06-01,136,13,493,1
2026-06-01,136,15,519,0
2026-06-01,137,1,1307,0
2026-06-01,137,2,415,0
2026-06-01,137,3,1248,1
2026-06-01,137,4,910,0
2026-06-01,137,5,452,0
2026-06-01,137,6,544,0
2026-06-01,137,7,483,0
2026-06-01,137,8,635,0
2026-06-01,137,9,1062,0
2026-06-01,137,10,914,0
2026-06-01,137,11,789,0
2026-06-01,137,12,815,0
2026-06-01,137,13,344,0
2026-06-01,137,14,563,0
2026-06-01,137,15,546,0
2026-06-01,138,2,477,0
2026-06-01,138,3,794,0
2026-06-01,138,4,961,0
2026-06-01,138,5,644,1
2026-06-01,138,6,604,0
2026-06-01,138,7,466,0
2026-06-01,138,8,605,0
2026-06-01,138,9,1551,1
2026-06-01,138,10,947,0
2026-06-01,138,11,923,0
2026-06-01,138,12,693,0
2026-06-01,138,13,351,0
2026-06-01,138,14,640,0
2026-06-01,139,1,1212,0
2026-06-01,139,2,442,0
2026-06-01,139,3,830,0
2026-06-01,139,4,849,0
2026-06-01,139,6,558,0
2026-06-01,139,7,445,0
2026-06-01,139,8,665,0
2026-06-01,139,9,1000,0
2026-06-01,139,10,822,0
2026-06-01,139,11,776,0
2026-06-01,139,12,728,0
2026-06-01,139,13,357,0
2026-06-01,139,14,664,0
2026-06-01,139,15,568,0
2024-01-01,110,11,767,0
